,0
man,1577
thy,1400
love,1265
thee,1141
old,1133
god,1022
shall,961
good,947
thou,934
like,831
young,807
heart,733
know,707
life,704
great,689
little,634
come,628
let,581
place,558
leave,521
woman,495
well,470
look,454
king,449
unto,437
way,429
hand,417
long,413
live,406
see,388
ye,386
o,384
thing,378
eye,378
find,373
true,369
away,363
poor,354
fair,334
time,334
care,333
child,329
sweet,324
word,323
think,316
soul,315
hold,312
day,310
hath,309
bear,300
go,290
give,289
hear,286
fear,285
say,283
new,281
stand,280
die,277
joy,276
work,274
light,271
death,271
fall,267
earth,265
dead,265
strong,261
voice,259
thought,256
friend,254
lie,245
heaven,241
high,231
dear,229
wise,228
arm,227
bring,227
white,225
flower,224
till,220
feel,220
home,219
fire,213
face,212
rest,211
dream,210
mind,210
tell,209
hope,208
take,207
father,204
mortal,204
mother,202
world,200
speak,198
sleep,198
rise,197
far,197
grow,197
make,196
boy,194
power,194
art,193
beauty,192
pain,191
nature,190
war,187
right,187
rich,182
brave,180
son,178
spirit,178
fight,178
seek,177
lose,175
wife,175
bird,175
pleasure,175
answer,171
horse,171
have,169
truth,169
lady,168
mighty,167
smile,165
wild,162
counsel,161
kindness,160
sound,156
peace,154
mean,154
thine,154
kind,154
lead,154
gift,153
song,153
thousand,153
water,153
people,152
night,152
half,151
learn,151
human,150
wind,150
gunther,149
tis,147
win,147
forth,147
doth,147
gold,144
pass,141
order,140
deep,140
strength,139
star,139
fly,138
sea,138
air,138
want,137
form,136
strange,136
lord,136
noble,134
honour,133
soon,133
o'er,133
oh,133
brother,132
head,131
bad,131
turn,130
save,130
reason,130
wing,129
music,129
wine,128
hate,128
tear,127
meet,127
thank,127
desire,127
holy,126
run,126
beautiful,126
heed,126
spring,126
stone,126
body,125
land,124
tender,123
round,123
birth,123
troy,122
praise,121
begin,120
need,120
appear,120
blood,120
free,118
maid,118
sit,115
lay,115
command,115
break,114
pity,114
call,113
law,113
house,113
kiss,112
set,111
sing,110
glory,110
ear,109
present,109
ask,109
lovely,109
lip,108
common,108
bold,108
weep,108
queen,107
send,107
change,107
worth,106
self,106
wound,106
sorrow,106
shine,105
faith,105
bid,104
sun,104
gain,104
burn,103
flame,103
dare,103
year,102
bright,102
delight,101
charge,101
freedom,101
breath,101
country,100
dost,99
seat,99
angel,98
fate,98
happy,98
virtue,97
small,97
lover,97
ground,96
pure,96
vain,96
pride,96
grace,96
prove,95
wish,95
kill,95
choose,94
foot,94
flight,94
shadow,94
evil,94
gentle,94
youth,94
hide,94
state,94
follow,94
endure,94
wait,93
kriemhild,93
tree,93
promise,93
play,92
hour,92
courage,92
foremost,92
return,92
walk,92
read,92
red,92
girl,91
sick,90
sense,90
rose,90
blind,89
end,89
fond,89
cause,89
hast,88
ship,88
cloud,88
ere,87
help,87
etzel,87
sad,87
liberty,86
simple,86
certain,86
honest,86
divine,85
shape,85
sin,85
comfort,85
battle,84
talk,84
hector,83
worthy,83
trust,83
perfect,83
wear,83
food,83
note,83
glad,83
yield,83
ill,83
pray,83
fine,82
get,82
cry,81
siegfried,81
past,81
sir,80
husband,80
sight,80
slay,80
knight,80
dog,80
daughter,79
fit,79
secret,79
remain,78
passion,78
wealth,78
sign,78
pay,78
city,77
wit,77
forget,77
fellow,77
serve,77
crown,77
fail,77
laugh,77
low,76
valiant,76
chief,76
near,76
manner,76
jove,76
proud,76
view,75
lion,75
maiden,75
money,75
course,75
beast,75
master,75
equal,75
weary,74
morning,74
behold,74
taste,74
summer,74
ancient,73
suffer,73
bed,73
keep,73
wrong,73
ne'er,73
rain,73
snow,72
mr.,72
ghost,72
poet,72
teach,71
fill,70
soft,70
breast,70
notice,70
possession,69
write,69
blow,69
move,69
race,68
bow,68
account,68
bitter,67
large,67
refuge,67
honor,66
sure,66
moon,66
build,66
show,66
grave,66
force,66
breathe,65
try,65
silver,65
genius,65
ease,65
mountain,64
warm,64
drive,64
friendship,64
wall,64
immortal,64
cold,64
touch,64
bind,64
early,64
warrior,63
share,63
weak,63
vengeance,63
forever,63
step,63
use,62
golden,62
wave,62
sister,62
mad,62
grant,62
name,62
deed,62
field,62
eternal,62
believe,62
draw,61
real,61
carry,61
christian,61
kindly,61
age,61
pretty,61
second,61
gods,61
natural,61
scarcely,61
receive,60
grief,60
england,60
book,60
drink,60
soldier,59
sacred,59
achilles,59
reply,59
feed,59
sake,59
fortune,59
cup,59
aid,59
tongue,59
fame,59
surely,59
sigh,59
alive,58
prayer,58
fool,58
sword,57
person,57
future,57
rule,57
one,57
town,57
fancy,57
trouble,56
demon,56
stream,56
hard,56
victory,56
advantage,56
fruit,56
single,56
flee,56
act,55
raise,55
rare,55
room,55
mercy,55
wretched,55
slave,55
trojan,55
th,55
dark,55
labour,55
dew,55
fresh,55
duty,54
moment,54
hair,54
interest,54
naught,54
shalt,54
prince,54
ready,54
tremble,54
eat,54
goodly,54
lightning,53
guard,53
hero,53
ring,53
gladly,53
cheer,53
beneath,53
dearly,53
enter,53
thunder,53
dwell,53
smell,53
chance,53
wilt,52
glow,52
ought,52
earthly,52
mere,52
lot,52
trojans,52
shame,52
merry,52
faint,52
steal,52
letter,52
false,52
green,52
memory,52
clear,51
straight,51
advice,51
watch,51
court,51
understand,51
vow,51
laughter,51
sort,51
point,51
wisdom,51
late,51
public,51
sudden,51
fierce,51
bosom,51
aught,51
matter,50
drop,50
generally,50
hell,50
business,50
gleam,50
folk,50
scarce,49
hir,49
oath,49
story,49
black,49
scorn,49
measure,49
offer,49
freely,49
forward,49
plain,49
ride,48
cruel,48
tall,48
poem,48
`,48
path,48
will,48
ah,48
alike,48
unknown,48
express,48
treasure,48
scene,47
e'er,47
depart,47
picture,47
judgment,47
pale,47
feast,47
stay,47
sky,47
flesh,47
charm,47
english,47
storm,46
tale,46
welcome,46
lily,46
easy,46
hagen,46
loth,46
strike,46
flow,46
glance,46
hang,46
silent,46
fashion,46
wonder,46
service,46
close,46
throw,45
admire,45
bee,45
catch,45
doubt,45
remember,45
goddess,45
speed,45
knowledge,45
unhappy,45
murder,45
flash,45
feeling,45
affection,45
pledge,45
author,45
devil,45
hardly,45
thereto,45
claim,45
skill,44
conceal,44
line,44
shield,44
arise,44
occasion,44
passionate,44
purpose,44
open,44
quiet,44
mouth,44
spear,44
wake,44
dread,44
nay,44
honey,44
aim,44
school,44
darkness,43
gentleman,43
fish,43
store,43
rage,43
thyself,43
judge,43
twa,43
lest,43
number,43
stranger,43
justice,43
cease,43
parent,42
party,42
royal,42
short,42
heavenly,42
token,42
spoil,42
spread,42
spake,42
yahweh,42
keen,42
oft,42
widow,42
fain,42
action,42
aged,41
strife,41
miss,41
shade,41
vent,41
dove,41
faithful,41
nation,41
nought,41
foe,41
guest,41
host,41
history,41
object,40
truly,40
enjoy,40
minded,40
consider,40
strive,40
echo,40
toil,40
speech,40
guide,40
sacrifice,40
bread,40
captain,40
greeting,40
apart,40
snake,40
create,40
stir,40
triumph,39
proof,39
farewell,39
buy,39
offence,39
waste,39
wide,39
despair,39
shoulder,39
terrible,39
rush,39
didst,39
urge,39
sheep,39
christ,39
dress,39
grass,39
whisper,39
possess,38
tower,38
cut,38
road,38
french,38
happen,38
root,38
happiness,38
woe,38
slight,38
character,38
press,38
foolish,38
refuse,38
ocean,38
surprise,38
wood,38
bond,38
verse,38
bloom,38
question,38
firm,37
respect,37
apollo,37
chain,37
dart,37
ii,37
allow,37
winter,37
captive,37
figure,37
degree,37
tone,37
add,37
vision,37
pursue,37
sell,37
private,37
curse,37
excellent,37
lack,37
river,37
cast,37
deny,37
twixt,36
inspire,36
glorious,36
destroy,36
doom,36
reach,36
big,36
mark,36
colour,36
i.,36
rein,36
creature,36
evidence,36
solemn,36
hill,36
prize,36
ev’ry,36
supply,36
bless,36
reader,36
zeus,35
servant,35
exactly,35
hurt,35
steed,35
huge,35
wondrous,35
prisoner,35
slow,35
effect,35
lift,35
silence,35
animal,35
swear,34
fat,34
rank,34
poetry,34
beat,34
message,34
mutual,34
fast,34
attend,34
meat,34
shake,34
slumber,34
stern,34
consent,34
guilty,34
precious,34
length,34
subject,34
opinion,34
repose,34
linger,34
lofty,33
escape,33
roll,33
swift,33
sink,33
bent,33
dawn,33
wolf,33
value,33
able,33
blossom,33
plead,33
different,33
canst,33
evening,33
venus,33
spend,33
content,33
seldom,32
shelter,32
clothe,32
seven,32
expression,32
rock,32
bride,32
armour,32
part,32
merit,32
general,32
godlike,32
base,32
wicked,32
proper,32
them,32
mrs.,32
ray,32
suddenly,32
hearted,32
cherish,32
neck,32
friendly,32
case,32
armed,32
signal,32
dumb,31
declare,31
utter,31
society,31
calm,31
greeks,31
blue,31
dietrich,31
haunt,31
al,31
brain,31
smoke,31
forest,31
strain,31
murmur,31
chariot,31
direction,31
comrade,31
restore,31
passage,31
bliss,31
bone,31
opportunity,31
sunshine,30
credit,30
study,30
henry,30
dreadful,30
thrill,30
aeneas,30
exist,30
hound,30
eager,30
mistress,30
willing,30
heat,30
float,30
sway,30
impart,30
gallant,30
mars,30
generous,30
pleasant,30
warning,30
boat,30
easily,30
hot,30
bell,30
handsome,30
reign,30
swell,30
seize,30
grateful,30
agree,30
garden,30
wherefore,30
finger,30
merely,30
humble,30
blessing,30
babe,30
color,30
crowd,30
language,30
angry,30
gather,30
marry,30
stately,29
wonderful,29
last,29
fade,29
gay,29
lean,29
pallas,29
ardent,29
secure,29
monarch,29
hoard,29
shepherd,29
fault,29
jewel,29
drunken,29
savage,29
brunhild,29
native,29
t,29
labor,29
de,29
quick,29
chase,29
greet,29
deal,29
worm,29
rejoice,29
exceed,29
fairy,29
woo,29
cat,29
increase,29
coward,29
vile,28
piece,28
require,28
silly,28
cool,28
glass,28
sail,28
reverence,28
breed,28
ruin,28
spot,28
innocent,28
count,28
affair,28
produce,28
greatly,28
vast,28
gem,28
favour,28
saint,28
terror,28
steel,28
forlorn,28
dull,28
forbid,28
scatter,28
start,28
folly,28
dance,28
science,28
curious,28
o’er,28
engage,28
john,28
idea,28
mist,28
wrath,27
bury,27
broken,27
moral,27
loose,27
discover,27
vanish,27
misery,27
sport,27
robe,27
idle,27
betray,27
literary,27
cheek,27
certainly,27
fact,27
melody,27
ambition,27
creep,27
living,27
burgundy,27
bade,27
hall,27
agamemnon,27
profound,27
familiar,27
observe,27
virgin,27
accord,27
brute,27
band,27
alas,26
paint,26
brow,26
constant,26
achaians,26
meaning,26
probably,26
embrace,26
cross,26
wander,26
listen,26
amid,26
blast,26
instant,26
tide,26
fare,26
priest,26
roar,26
regard,26
hail,26
month,26
twice,26
gun,26
list,26
health,26
safety,26
personal,26
peculiar,26
relief,26
plant,26
crime,26
thief,26
tie,26
army,26
bare,25
swan,25
presence,25
tread,25
virtuous,25
peleus,25
church,25
march,25
impossible,25
mankind,25
bound,25
france,25
wanton,25
double,25
pour,25
lonely,25
serpent,25
belong,25
earnest,25
infant,25
descend,25
complete,25
bend,25
plan,25
poison,25
giselher,25
join,25
obtain,25
somewhat,25
continue,25
boast,25
draught,25
wail,25
mood,25
instead,25
wouldst,25
wounded,25
blame,25
gracious,25
sweep,24
mild,24
delicate,24
sweetest,24
desert,24
fearful,24
habit,24
particular,24
accent,24
individual,24
mary,24
sire,24
loud,24
worship,24
image,24
fully,24
shout,24
leap,24
oil,24
inward,24
important,24
thirty,24
sparkle,24
mock,24
pair,24
conquer,24
twas,24
scent,24
awful,24
nice,24
drown,24
term,24
spare,24
loyal,24
loss,24
entertain,24
suppose,24
bestow,24
portion,24
fawn,24
abide,24
family,23
yea,23
village,23
perish,23
pen,23
marble,23
mid,23
utmost,23
hopeless,23
tho,23
lad,23
shoot,23
dust,23
flood,23
necessary,23
broad,23
suit,23
afraid,23
advance,23
unfortunate,23
yon,23
renown,23
throng,23
err,23
gaze,23
daily,23
companion,23
task,23
warmth,23
million,23
treat,23
ample,23
special,23
fold,23
wax,23
weigh,23
expect,23
lust,23
avail,23
married,23
mystery,23
describe,23
purple,23
eagle,23
hungry,23
shower,23
youthful,23
example,23
feather,23
patient,23
tune,23
rudeger,23
page,23
patience,23
pearl,23
knot,23
foul,22
sailor,22
powerful,22
choice,22
dainty,22
officer,22
plenty,22
bit,22
board,22
superior,22
compare,22
religion,22
vulture,22
final,22
confess,22
confidence,22
dangerous,22
throb,22
revenge,22
evidently,22
apple,22
deity,22
success,22
attention,22
lamp,22
whereof,22
heroic,22
valour,22
likewise,22
nearly,22
crave,22
thereof,22
check,22
singing,22
priam,22
seed,22
anger,22
door,22
blaze,22
slain,22
arrow,22
stop,22
mourn,22
adieu,22
swallow,22
rite,22
hue,22
material,22
wealthy,22
deserve,22
position,22
load,22
deceive,22
longing,22
lost,22
obey,22
height,21
active,21
preserve,21
ice,21
chamber,21
corn,21
experience,21
influence,21
tenderness,21
tired,21
whatsoever,21
leg,21
satisfaction,21
afford,21
circumstance,21
lend,21
window,21
rightly,21
ulysses,21
anxious,21
timid,21
lesson,21
shriek,21
metal,21
distance,21
dryden,21
owe,21
muse,21
perfume,21
immediately,21
grand,21
awhile,21
approach,21
helen,21
witness,21
travel,21
despise,21
address,21
haste,21
drift,21
soil,21
marriage,21
station,21
endless,21
everybody,21
desperate,21
famous,21
weight,21
sympathy,21
attempt,21
dame,21
company,21
alarm,21
james,21
courteous,21
phantom,20
fleet,20
thin,20
deem,20
celestial,20
tenderly,20
grim,20
display,20
violent,20
theirs,20
hapless,20
reward,20
cling,20
enemy,20
distant,20
doctor,20
creation,20
arthur,20
tyrant,20
title,20
pine,20
train,20
awake,20
season,20
tooth,20
incense,20
useless,20
event,20
veil,20
aside,20
sober,20
especially,20
contain,20
pardon,20
maple,20
modest,20
converse,20
vein,20
motion,20
greek,20
kinsman,20
mate,20
breeze,20
modern,20
shore,20
support,20
weapon,20
moan,20
fragrant,20
delay,20
permit,20
childhood,19
feeble,19
balm,19
henceforth,19
boon,19
minstrel,19
infinite,19
melt,19
nestor,19
nest,19
precisely,19
fury,19
pow’r,19
whirlwind,19
immortality,19
giant,19
hint,19
dignity,19
guilt,19
caress,19
remarkable,19
sentiment,19
profit,19
singer,19
scented,19
nobler,19
extraordinary,19
leaf,19
destiny,19
shell,19
usual,19
wel,19
glitter,19
post,19
impulse,19
burden,19
divide,19
trade,19
avoid,19
risk,19
favor,19
grieve,19
intent,19
journey,19
blush,19
reasonable,19
afar,19
pang,19
altogether,19
grey,19
meal,19
clean,19
bane,19
dancing,19
tempt,19
utterance,19
shed,19
lock,19
resolve,19
noise,19
outward,19
admit,19
loving,19
fountain,19
lively,19
vessel,19
limb,19
control,19
majesty,19
gate,19
meadow,19
nymph,19
union,19
deign,19
visit,18
esteem,18
lawyer,18
german,18
perfectly,18
shrink,18
pulse,18
twain,18
stretch,18
roman,18
instruction,18
demand,18
military,18
summon,18
rome,18
bull,18
ransom,18
neglect,18
kindle,18
fondly,18
proclaim,18
flock,18
eld,18
salt,18
mingle,18
daring,18
assent,18
mount,18
palm,18
withal,18
pick,18
admiration,18
thick,18
yearn,18
eternity,18
conscience,18
morn,18
hunt,18
knife,18
intense,18
burst,18
glide,18
hire,18
deadly,18
gray,18
heap,18
hem,18
fulfil,18
perceive,18
helpless,18
girdle,18
fling,18
render,18
candle,18
price,18
scope,18
distress,18
e'en,18
weed,18
reflection,18
smite,18
record,18
sooth,18
frame,18
poetic,18
filial,17
righteous,17
ordinary,17
farmer,17
madness,17
street,17
mayst,17
prevent,17
turnus,17
peer,17
vulgar,17
tribe,17
foreign,17
swarm,17
lamb,17
greece,17
cultivate,17
trace,17
understanding,17
struggle,17
relate,17
eyed,17
achaeans,17
decay,17
sharp,17
nigh,17
hearty,17
universal,17
worldly,17
groan,17
represent,17
melancholy,17
pious,17
minute,17
lightly,17
stick,17
lorn,17
heav’n,17
naturally,17
asleep,17
corpse,17
conscious,17
market,17
smooth,17
troop,17
vague,17
appearance,17
style,17
grain,17
supper,17
busy,17
rarely,17
information,17
soothe,17
shal,17
inferior,17
rude,17
key,17
yonder,17
slaughter,17
privilege,17
william,17
bank,17
quit,17
paper,17
safe,17
west,17
e,17
frequently,17
delicious,17
beam,17
chair,17
religious,17
suspect,17
milk,17
kingdom,17
empire,17
table,17
retain,17
sovereign,17
phrase,17
countenance,17
sole,17
portrait,17
are,17
straightway,17
capable,17
rival,16
succeed,16
pipe,16
motive,16
deck,16
flute,16
quickly,16
cunning,16
oblige,16
seal,16
dry,16
coat,16
social,16
not,16
concern,16
cordial,16
quarter,16
miserable,16
yoke,16
humanity,16
seem'd,16
nectar,16
being,16
supreme,16
chill,16
jupiter,16
profess,16
simplicity,16
almighty,16
principle,16
compassion,16
falcon,16
moonlight,16
highly,16
lawful,16
dim,16
crush,16
assurance,16
statue,16
design,16
office,16
hunger,16
space,16
spell,16
tea,16
blessed,16
london,16
surface,16
awe,16
plight,16
rāma,16
trembling,16
madman,16
verily,16
exquisite,16
abroad,16
excite,16
bubble,16
spiritual,16
leve,16
assert,16
patroclus,16
sorrowful,16
sublime,16
raiment,16
widely,16
bl,16
hunting,16
shew,16
beguile,16
stout,16
beggar,16
female,16
ruth,16
intention,16
sore,16
remove,16
thrice,16
ev'ry,16
theme,16
softly,16
yes,16
rat,16
conduct,16
grasp,16
condemn,16
justly,16
temper,16
leader,16
renew,16
charity,16
maids,16
monster,16
existence,16
personally,16
tent,16
possible,16
reveal,16
prone,16
purity,16
prey,16
dearest,16
prepare,16
mirth,16
ghastly,16
devotion,16
vice,16
evermore,15
frail,15
report,15
foam,15
fix,15
disturb,15
household,15
condition,15
fitting,15
drag,15
proceed,15
homeward,15
wretch,15
entire,15
lure,15
adore,15
vanity,15
messenger,15
yankee,15
insult,15
particularly,15
lake,15
beheld,15
minerva,15
gratitude,15
link,15
warlike,15
rapture,15
cover,15
deeply,15
salvation,15
iron,15
monk,15
goodness,15
bud,15
spark,15
trick,15
ajax,15
throne,15
clever,15
intelligent,15
bounty,15
especial,15
presently,15
game,15
cake,15
erect,15
unite,15
stricken,15
graceful,15
duke,15
herald,15
forgive,15
revive,15
singular,15
tiding,15
envy,15
drowsy,15
sadly,15
testimony,15
darling,15
sunlight,15
radiant,15
straw,15
heavy,15
commend,15
fairest,15
relation,15
magic,15
brown,15
trifle,15
departure,15
gladness,15
untrue,15
mirror,15
eke,15
spin,15
swich,15
own,15
retreat,15
rainbow,15
ball,15
fan,15
mention,15
anguish,15
withdraw,15
yellow,15
mighte,15
horror,15
affect,15
haughty,15
wed,15
damsel,15
excess,15
gernot,15
torch,15
indulge,15
whilst,15
talent,15
singe,15
cure,15
partly,15
fiery,15
meed,15
description,14
implore,14
middle,14
drunk,14
baby,14
whirl,14
eve,14
maintain,14
harm,14
slowly,14
stare,14
charming,14
appetite,14
careless,14
sadness,14
victim,14
bowl,14
doughty,14
consist,14
prevail,14
untold,14
fragrance,14
gentleness,14
throat,14
branch,14
audience,14
ivory,14
boundless,14
lute,14
ideal,14
beget,14
pierce,14
finally,14
st.,14
sufficient,14
parting,14
doubtless,14
beloved,14
hunter,14
aye,14
comely,14
maternal,14
class,14
peter,14
permission,14
less,14
cheerful,14
toy,14
news,14
settle,14
clasp,14
fiend,14
danger,14
dwelt,14
issue,14
fighting,14
rough,14
lark,14
domestic,14
hagan,14
sincere,14
defend,14
oppose,14
kindre,14
attack,14
fondness,14
herrick,14
establish,14
latin,14
perform,14
generation,14
y,14
lone,14
sincerity,14
effort,14
skilled,14
chiefly,14
impression,14
devour,14
patriot,14
succour,14
rear,14
stiff,14
honorable,14
weakness,14
merchant,14
mass,14
artist,14
shudder,14
camp,14
mar,14
reflect,14
beowulf,14
subtle,14
alm,14
conquest,14
fun,14
island,14
herd,14
defeat,14
hideous,14
odd,14
haired,14
hymn,14
cane,14
difference,14
conclude,14
hover,14
shadowy,14
israel,14
violence,14
imagine,14
sufficiently,14
frightened,14
oak,14
forthwith,14
resign,14
arch,14
resemble,14
search,14
impress,13
belief,13
brook,13
stray,13
harp,13
farm,13
comb,13
confound,13
northern,13
witty,13
crawl,13
slavery,13
solace,13
decline,13
dr.,13
lately,13
scream,13
bar,13
sand,13
abuse,13
taper,13
soar,13
tiger,13
patron,13
exile,13
swoon,13
flake,13
side,13
diamond,13
invite,13
droop,13
await,13
please,13
bleed,13
simply,13
couch,13
wither,13
banner,13
fee,13
employ,13
energy,13
joyful,13
brood,13
car,13
confine,13
miracle,13
beg,13
warn,13
wherewith,13
nerve,13
absent,13
decree,13
tend,13
remembrance,13
government,13
prefer,13
eminent,13
zeal,13
toll,13
encounter,13
helm,13
rouse,13
acquire,13
whereon,13
fatal,13
sarpedon,13
surpass,13
sustain,13
sever,13
consequence,13
tail,13
vine,13
estimate,13
climb,13
derive,13
sentence,13
opening,13
sinful,13
jack,13
regret,13
courtly,13
slim,13
cost,13
gin,13
convey,13
maidens,13
flutter,13
south,13
shock,13
earl,13
kneel,13
useful,13
inside,13
ne,13
sour,13
garment,13
loveliness,13
erewhile,13
quiver,13
anew,13
adorn,13
shot,13
visible,13
hoary,13
hurry,13
europe,13
starve,13
transient,13
richard,13
hawk,13
original,13
tiny,13
educate,13
plume,13
ugly,13
sceptre,13
exhibit,13
bottle,13
readily,13
strove,12
discourse,12
popular,12
notion,12
rob,12
methink,12
sturdy,12
fanny,12
pluck,12
purchase,12
shy,12
paul,12
critic,12
dower,12
delightful,12
void,12
skin,12
subdue,12
advise,12
ox,12
nose,12
monstrous,12
determine,12
appeal,12
complain,12
seaman,12
backward,12
govern,12
differ,12
pace,12
pool,12
compose,12
unseen,12
matron,12
bloody,12
rescue,12
sob,12
argument,12
similar,12
compel,12
siegmund,12
horace,12
tydeus,12
disguise,12
witch,12
abound,12
doe,12
thetis,12
petal,12
swim,12
hop,12
mask,12
box,12
bat,12
kin,12
etc,12
lov’d,12
courtesy,12
egypt,12
copy,12
reproach,12
undo,12
brass,12
error,12
spy,12
twin,12
peaceful,12
indian,12
hum,12
naked,12
american,12
flag,12
cow,12
banquet,12
wield,12
lance,12
insect,12
discern,12
exercise,12
quality,12
peasant,12
everlaste,12
guess,12
bower,12
political,12
prophet,12
seyn,12
globe,12
imagination,12
lash,12
breathing,12
jealousy,12
brief,12
airy,12
instance,12
square,12
richly,12
utterly,12
fairly,12
valor,12
altar,12
comet,12
possibly,12
apparently,12
pig,12
intimate,12
april,12
substance,12
accuse,12
sinner,12
beginning,12
funeral,12
protect,12
primitive,12
date,12
robin,12
marie,12
properly,12
paradise,12
attain,12
pleasing,12
east,12
volume,12
group,12
region,12
gloom,12
exchange,12
martial,12
persuade,12
neighbor,12
savour,12
uncle,12
indra,12
aright,12
shrine,12
divinely,12
pretend,12
retire,12
dearer,12
pant,12
restless,12
deceit,12
splendid,12
thrall,12
midnight,12
emblem,12
heathen,12
thrive,12
rüdiger,12
leisure,12
precaution,12
thoroughly,12
estate,12
pile,12
actually,12
brutal,12
decide,12
literature,12
practical,12
castle,12
apparel,12
physical,12
extreme,12
wreck,12
lyre,12
gratify,12
honourable,12
temple,12
array,12
handle,12
men,11
horn,11
ripple,11
occasionally,11
stock,11
drum,11
lowly,11
prudent,11
whereat,11
america,11
later,11
ripe,11
bronze,11
circle,11
beauteous,11
thither,11
wol,11
vale,11
satisfy,11
poppy,11
snatch,11
frown,11
repay,11
edge,11
rosy,11
menelaus,11
moth,11
quicken,11
custom,11
serene,11
ha,11
sensible,11
jimmy,11
owner,11
orphan,11
owl,11
devoted,11
scheme,11
lodging,11
righteousness,11
violet,11
prompt,11
vassal,11
excuse,11
sex,11
innocence,11
disease,11
hive,11
betwixt,11
durst,11
honour’d,11
shaft,11
waiting,11
amiss,11
steady,11
mingled,11
venture,11
laden,11
juno,11
national,11
assistance,11
suffering,11
tip,11
consume,11
armor,11
misfortune,11
=,11
stage,11
doubtful,11
homer,11
lorenzo,11
han,11
jest,11
survive,11
faced,11
poverty,11
full,11
offering,11
triumphant,11
unfold,11
stoop,11
row,11
recompense,11
wert,11
shortly,11
sweetness,11
pensive,11
moss,11
overcome,11
neighbour,11
extent,11
solitary,11
poise,11
martyr,11
harry,11
negro,11
grandeur,11
affectionate,11
stair,11
aphrodite,11
push,11
autumn,11
fern,11
conception,11
horrid,11
entirely,11
direct,11
herb,11
ruediger,11
bishop,11
ornament,11
godde,11
thunderbolt,11
lodge,11
dauntless,11
loyalty,11
cupid,11
heal,11
yesterday,11
nobly,11
contend,11
intellect,11
signify,11
relieve,11
separate,11
wisely,11
goat,11
proffer,11
bern,11
madden,11
strip,11
hood,11
depend,11
mystic,11
rod,11
escort,11
confide,11
rope,11
yell,11
mickle,11
axe,11
ay,11
dispute,11
encouragement,11
tobacco,11
pause,11
torture,11
apparent,11
ne’er,11
unworthy,11
britain,11
stalwart,11
tribute,11
guy,11
pack,11
defer,11
exact,11
considerable,11
clara,11
conversation,11
june,11
vapour,11
intend,11
nurse,11
track,11
lee,10
southern,10
practice,10
whereto,10
pleased,10
stuff,10
skip,10
opposite,10
look'd,10
briseis,10
duly,10
hither,10
torment,10
caesar,10
whip,10
squire,10
baudelaire,10
violate,10
selfish,10
chap,10
chaff,10
fleeting,10
hind,10
calf,10
hasty,10
bay,10
ignorant,10
celebrate,10
put,10
usually,10
noon,10
distinction,10
distinguish,10
traitor,10
sting,10
blest,10
source,10
abode,10
treason,10
sickly,10
sketch,10
swinge,10
onward,10
treacherous,10
aloud,10
meeting,10
weeping,10
valley,10
jacob,10
crack,10
expire,10
injure,10
dollar,10
wage,10
boldly,10
firstle,10
lov'd,10
ache,10
minister,10
cheat,10
regular,10
stubborn,10
obedience,10
bitterness,10
trumpet,10
romance,10
boyhood,10
debt,10
originally,10
crystal,10
maker,10
whate'er,10
loath,10
chaste,10
recommend,10
protection,10
device,10
stain,10
careful,10
speedily,10
commandment,10
growl,10
haply,10
homage,10
refrain,10
hole,10
relative,10
period,10
vicious,10
merlin,10
recall,10
sack,10
learning,10
pound,10
cousin,10
faithless,10
mule,10
difficult,10
prison,10
frozen,10
augustus,10
sev’ral,10
harlan,10
weird,10
champion,10
harmony,10
upward,10
venerable,10
fright,10
luxury,10
thread,10
hung,10
decent,10
unusual,10
test,10
mysterious,10
deprive,10
maketh,10
nail,10
shameful,10
repeat,10
indication,10
hat,10
ebb,10
helmet,10
forsake,10
flat,10
grape,10
wandering,10
inflame,10
foster,10
hart,10
fraud,10
enable,10
perchance,10
peep,10
desolate,10
shun,10
thrace,10
conflict,10
clearly,10
roam,10
grip,10
som,10
interesting,10
humour,10
soever,10
knoweth,10
exceedingly,10
animate,10
oxen,10
disdain,10
seraph,10
marvellous,10
philosopher,10
soften,10
knee,10
abundant,10
extend,10
rāvana,10
hede,10
accept,10
guise,10
meriones,10
woeful,10
dash,10
weave,10
confusion,10
hatred,10
making,10
ripen,10
whoso,10
authority,10
multitude,10
requite,10
necessity,10
strew,10
gaunt,10
fro,10
musical,10
evident,10
publish,10
banish,10
acknowledge,10
consideration,10
pall,10
wheel,10
anna,10
stride,10
security,10
wholly,10
pillar,10
likely,10
gild,10
feature,10
writer,10
aboard,10
rabbit,10
mayest,10
bite,10
afterward,10
snowy,9
thereon,9
accompany,9
ultimate,9
guardian,9
romantic,9
philip,9
lecture,9
sitā,9
encourage,9
rate,9
shroud,9
submit,9
befall,9
perforce,9
additional,9
moderate,9
importance,9
distrust,9
pastime,9
standard,9
forehead,9
shiver,9
detail,9
sage,9
wid,9
anticipate,9
oar,9
main,9
cloak,9
cap,9
spouse,9
cluster,9
offend,9
forbear,9
tempest,9
rural,9
avow,9
occur,9
david,9
hid,9
reed,9
smart,9
release,9
nibelungenlied,9
distinctly,9
impious,9
jesus,9
francis,9
elemental,9
heav'n,9
apt,9
dozen,9
suitor,9
denmark,9
covenant,9
destroyer,9
clover,9
vary,9
article,9
procure,9
womanly,9
meteor,9
foeman,9
diana,9
ashe,9
ellen,9
traveller,9
phrygian,9
tow’r,9
instinct,9
council,9
bearded,9
butterfly,9
hadde,9
seem’d,9
contract,9
fiercer,9
gently,9
frost,9
lordship,9
twilight,9
rhyme,9
earthquake,9
mould,9
gloomy,9
chivalry,9
ambitious,9
property,9
solid,9
difficulty,9
yer,9
countless,9
isle,9
realm,9
manhood,9
external,9
largely,9
rust,9
carefully,9
bag,9
score,9
halt,9
cruelty,9
flit,9
breakfast,9
ward,9
equally,9
prisone,9
fret,9
shut,9
pomp,9
idol,9
match,9
consolation,9
redeem,9
ghostly,9
fetch,9
ireland,9
aias,9
puff,9
luck,9
teaching,9
sow,9
crazy,9
trivial,9
furious,9
choke,9
working,9
heavily,9
bribe,9
paltry,9
$,9
devote,9
confirm,9
literally,9
queer,9
amorous,9
would'st,9
lotus,9
inner,9
wreath,9
sum,9
howl,9
plunder,9
behave,9
vainly,9
scarlet,9
aback,9
harsh,9
deliverance,9
spanish,9
healthy,9
creed,9
burning,9
limit,9
troubled,9
hostile,9
illustrious,9
raven,9
coach,9
innumerable,9
daunt,9
immense,9
matchless,9
brotherhood,9
crouch,9
bechlaren,9
excel,9
openly,9
introduce,9
contemplation,9
renown’d,9
semblance,9
downward,9
anon,9
slip,9
farming,9
victor,9
chord,9
jealous,9
marked,9
cliff,9
truce,9
recognize,9
suggest,9
crooked,9
indians,9
emotion,9
prime,9
enchant,9
capacity,9
impel,9
irish,9
kingly,9
seraphic,9
exclaim,9
dispose,9
paris,9
quarrel,9
partial,9
preach,9
flint,9
provoke,9
barren,9
clash,9
nightly,9
scroll,9
reading,9
finish,9
completely,9
hesitate,9
forsooth,9
nap,9
conceive,9
tumble,9
ant,9
refer,9
gasp,9
purse,9
conqueror,9
defy,9
exhort,9
carriage,9
string,9
censure,9
sheet,9
repent,9
lucky,9
apply,9
beckon,9
wool,8
painter,8
hollow,8
le,8
scientific,8
steadfast,8
well--,8
thro,8
unequal,8
fetter,8
glimpse,8
willingly,8
numerous,8
harmless,8
coal,8
reverend,8
sphere,8
endow,8
bough,8
loneliness,8
couldst,8
profane,8
spite,8
giving,8
approve,8
instrument,8
morton,8
bard,8
oppress,8
cattle,8
blend,8
occupy,8
include,8
column,8
commence,8
odor,8
rational,8
deer,8
needful,8
ignorance,8
editor,8
combine,8
stormy,8
harvest,8
presume,8
preside,8
lowell,8
lordly,8
severe,8
chant,8
range,8
relish,8
infernal,8
clung,8
50,8
sweetheart,8
atmosphere,8
successful,8
inform,8
conversant,8
appear’d,8
quietly,8
explain,8
perpetual,8
disappear,8
stroke,8
christians,8
swing,8
sunset,8
imply,8
genus,8
citizen,8
hardy,8
closely,8
this--,8
innate,8
flourish,8
heritage,8
commit,8
applause,8
silently,8
joyous,8
develop,8
refinement,8
dish,8
80,8
harness,8
avenge,8
guile,8
zephyr,8
award,8
decomposition,8
perfumery,8
cloth,8
ruthless,8
twist,8
actor,8
fore,8
vulcan,8
sparrow,8
queenly,8
suffrage,8
princess,8
instantly,8
costly,8
print,8
allure,8
fowl,8
attire,8
prairie,8
waist,8
trove,8
dictate,8
hidden,8
ethereal,8
dragon,8
thumb,8
yearning,8
spectre,8
belove,8
heel,8
dwarf,8
job,8
cell,8
theresa,8
quote,8
trony,8
plunge,8
sincerely,8
philosophy,8
adversary,8
ful,8
billow,8
hrothgar,8
dimly,8
frank,8
hateful,8
depth,8
birch,8
destruction,8
scott,8
phoenix,8
tradition,8
weariness,8
effulgent,8
commonly,8
fallen,8
propose,8
bearing,8
tyranny,8
yow,8
rākshasas,8
communion,8
lore,8
plague,8
wrought,8
senseless,8
samson,8
shrill,8
sentinel,8
trial,8
pursuit,8
recognition,8
intellectual,8
patch,8
result,8
insatiate,8
spur,8
lessen,8
eastern,8
grope,8
odour,8
mix,8
warmly,8
murderous,8
division,8
accomplished,8
prose,8
actual,8
sickness,8
rustic,8
wordsworth,8
respite,8
select,8
favourite,8
quantity,8
file,8
wot,8
bark,8
swain,8
attendant,8
instinctive,8
threaten,8
dig,8
whistle,8
jolly,8
accomplish,8
freight,8
hugh,8
creator,8
kid,8
charles,8
shop,8
atreus,8
ev’n,8
keeper,8
call’d,8
devoid,8
convert,8
petty,8
blade,8
erst,8
phoebus,8
guiltless,8
execute,8
homeless,8
scale,8
dwelling,8
arrange,8
albeit,8
trickle,8
swiftly,8
announce,8
incident,8
glare,8
argives,8
hit,8
absolute,8
wolde,8
bridegroom,8
hazard,8
frog,8
wilderness,8
ungrateful,8
twere,8
volker,8
twill,8
thereat,8
inhabit,8
och,8
hitherto,8
lent,8
robert,8
boyish,8
thirst,8
staggering,8
incline,8
odious,8
20,8
epic,8
fabled,8
aspire,8
wish'd,8
dire,8
withered,8
flattery,8
reform,8
respectable,8
yore,8
applaud,8
spice,8
childish,8
wish’d,8
crow,8
marvel,8
pervade,8
intelligence,8
log,8
quench,8
ware,8
heir,8
p.,8
unwilling,7
enterprise,7
restrain,7
assure,7
ardour,7
hourly,7
port,7
expand,7
tenant,7
virgil,7
vex,7
torrent,7
plot,7
chasten,7
aloft,7
painting,7
lighten,7
suspicion,7
giver,7
garland,7
turtle,7
bible,7
brilliant,7
compass,7
intercourse,7
sev’n,7
mourner,7
worshipful,7
olive,7
strengthen,7
slaughter’d,7
nod,7
definite,7
100,7
shouldst,7
liege,7
ofte,7
patriarch,7
spider,7
boil,7
clock,7
tint,7
worthless,7
sigurd,7
hermit,7
napoleon,7
eagerly,7
rely,7
mamma,7
troth,7
musing,7
cower,7
amend,7
dagger,7
western,7
stella,7
er,7
narrow,7
hearken,7
poesy,7
spotless,7
sadie,7
festival,7
sneer,7
medicine,7
unselfish,7
fragile,7
saying,7
chorus,7
shark,7
enthusiastic,7
treaty,7
expose,7
lo,7
permanent,7
slender,7
silk,7
glove,7
giv’n,7
benefit,7
inquiry,7
thane,7
languish,7
twould,7
hurl,7
driver,7
reject,7
newe,7
feign,7
fever,7
lustre,7
adventurous,7
mistake,7
madam,7
belly,7
arme,7
molten,7
mace,7
jamie,7
bondage,7
pronounce,7
industry,7
currency,7
principal,7
dismal,7
withstand,7
screw,7
christmas,7
crash,7
floor,7
manifest,7
sweetly,7
edition,7
inquire,7
scared,7
repel,7
nun,7
reap,7
washington,7
steep,7
romans,7
imaginative,7
bill,7
gainst,7
withhold,7
reference,7
pact,7
concord,7
wring,7
jones,7
united,7
lavish,7
assault,7
traverse,7
contentment,7
atrides,7
reluctant,7
substantial,7
parental,7
gross,7
civilized,7
luxurious,7
monarchs,7
10,7
method,7
corner,7
allan,7
shatter,7
dine,7
newly,7
salute,7
turn’d,7
kaiser,7
adventure,7
reel,7
sue,7
horrible,7
distinct,7
fell,7
fount,7
drawing,7
harden,7
rhythm,7
thwart,7
rhineland,7
softness,7
obscure,7
neptune,7
loathe,7
festal,7
deathless,7
enormous,7
palace,7
pilgrim,7
tax,7
seest,7
sensual,7
amazed,7
locust,7
bereft,7
earnestly,7
surround,7
mournful,7
tomb,7
joseph,7
huntsman,7
dinner,7
peggy,7
tangle,7
piety,7
orb,7
covet,7
shone,7
statement,7
trance,7
coud,7
morrow,7
bathe,7
convict,7
trample,7
bet,7
satan,7
frivolous,7
san,7
wash,7
crew,7
poetical,7
fiction,7
curb,7
amber,7
wasp,7
consequently,7
insane,7
flattering,7
employment,7
skilful,7
deceitful,7
>,7
strict,7
smith,7
ability,7
somebody,7
petticoat,7
interchange,7
may'st,7
recollection,7
appreciate,7
coy,7
ben,7
show'd,7
italy,7
5,7
variety,7
harper,7
essay,7
myriad,7
therefrom,7
punish,7
growth,7
lace,7
displease,7
outer,7
damn,7
knock,7
upright,7
thirteenth,7
entrance,7
saviour,7
vital,7
left,7
cottage,7
plate,7
stark,7
overweene,7
arrogant,7
caution,7
clutch,7
italian,7
undertake,7
weather,7
challenge,7
abject,7
project,7
amidst,7
trip,7
annual,7
strand,7
pie,7
rhine,7
raoul,7
intrinsic,7
resolution,7
planet,7
fervent,7
fugitive,7
voluptuous,7
directly,7
athene,7
sweete,7
bleat,7
moody,7
headlong,7
ineffable,7
wrap,7
d,7
justify,7
quæ,7
favorite,7
'cause,7
beset,7
exultation,7
furnish,7
provide,7
baffle,7
member,7
detect,7
heartily,7
lief,7
hut,7
overboard,7
cage,7
professional,7
knave,7
writ,7
connection,7
constancy,7
shews,7
heretofore,7
week,6
wretche,6
bearer,6
requisite,6
achieve,6
timber,6
thoughtful,6
voyage,6
mantle,6
origin,6
realize,6
uttereth,6
damned,6
hearing,6
thrust,6
suckle,6
knit,6
envious,6
diverse,6
sleet,6
joke,6
ween,6
ingratitude,6
plighted,6
aspect,6
abstract,6
brush,6
connect,6
defenceless,6
scruple,6
supremacy,6
observer,6
whate’er,6
sayest,6
best,6
c.,6
peters,6
artificial,6
gear,6
riot,6
candid,6
barge,6
arrive,6
cautious,6
intelligible,6
prominent,6
satisfied,6
rudder,6
flicker,6
fang,6
enlist,6
aineias,6
eighteen,6
regain,6
fickle,6
destine,6
bidding,6
hearth,6
fiercely,6
disorder,6
scourge,6
stamp,6
kehama,6
text,6
prosperous,6
exciting,6
muses,6
forswear,6
exult,6
pocket,6
deliver,6
clamour,6
temperate,6
vict’ry,6
comply,6
famished,6
notwithstanding,6
whore,6
beard,6
hastily,6
stifle,6
reconcile,6
puny,6
distinguished,6
extract,6
inclined,6
argue,6
communicate,6
prouder,6
acute,6
contrive,6
brightness,6
mariner,6
winsome,6
selfe,6
pestilence,6
combat,6
net,6
kine,6
trap,6
grove,6
reckless,6
giveth,6
diver,6
burial,6
consecrate,6
curl,6
eh,6
wink,6
terrestrial,6
characteristic,6
momentary,6
glisten,6
ingenuity,6
speciman,6
vigour,6
whim,6
rehearse,6
nestle,6
conviction,6
prospect,6
mistaken,6
manly,6
bullet,6
ascertain,6
fearfully,6
alteration,6
rattle,6
sweeten,6
frailty,6
type,6
rebel,6
sweeting,6
british,6
maybe,6
doon,6
consult,6
pencil,6
deficient,6
writing,6
replace,6
balloon,6
habitual,6
manuscript,6
elephant,6
dauber,6
licence,6
european,6
skull,6
promotion,6
delighted,6
instruct,6
nameless,6
bath,6
lass,6
weighty,6
veneration,6
devout,6
prowess,6
forego,6
napoléon,6
lap,6
series,6
vestal,6
scud,6
fog,6
liquid,6
embody,6
gifted,6
rove,6
resurrection,6
look’d,6
card,6
renounce,6
proffer'd,6
hush,6
element,6
lincoln,6
cheap,6
conceit,6
unbroken,6
teem,6
acquaintance,6
anchise,6
perverse,6
vanquished,6
disgrace,6
peerless,6
penny,6
princely,6
camilla,6
wrest,6
statesman,6
tragedy,6
freak,6
stupid,6
snare,6
alien,6
craft,6
resplendant,6
plough,6
nervous,6
seemly,6
bead,6
shift,6
vanquish,6
dome,6
form’d,6
blameless,6
oblivion,6
cadence,6
forsaken,6
drone,6
suck,6
request,6
changeless,6
velvet,6
call'd,6
twinkle,6
splendor,6
suppliant,6
dirty,6
goeth,6
ther,6
comprehend,6
spain,6
oracle,6
beacon,6
surrender,6
asunder,6
awaken,6
pit,6
doeth,6
male,6
writhe,6
haggard,6
worse,6
vishnu,6
contrary,6
assail,6
crop,6
trunk,6
surfeit,6
crumble,6
comment,6
maze,6
rapt,6
humbly,6
johnson,6
corrupt,6
doctrine,6
follower,6
access,6
mischief,6
physic,6
scrap,6
dishonour,6
rave,6
liberal,6
symmetry,6
midst,6
swine,6
tempting,6
watchful,6
adonis,6
psyche,6
cradle,6
back,6
dedicate,6
criticism,6
gall,6
peak,6
footstep,6
ile,6
snuff,6
beseech,6
wou'd,6
forefather,6
suppress,6
grown,6
accidental,6
mute,6
wildly,6
sacrament,6
fraught,6
jar,6
michael,6
twine,6
whale,6
grecian,6
berry,6
willow,6
sailing,6
shorn,6
immediate,6
godhead,6
pow’rs,6
coleridge,6
bellow,6
candy,6
chime,6
cometh,6
gulf,6
breaking,6
sugar,6
startle,6
flare,6
impotent,6
dreamy,6
ruby,6
liquor,6
failure,6
tame,6
chirp,6
madly,6
atone,6
unborn,6
languag’d,6
unity,6
automedon,6
satire,6
sunbeam,6
ninette,6
splendour,6
primal,6
essential,6
specimen,6
ire,6
manage,6
rākshasa,6
underneath,6
fray,6
obscene,6
essence,6
tom,6
instinctively,6
organ,6
pan,6
florence,6
fail'd,6
friar,6
cassandra,6
sheer,6
vault,6
hadst,6
passionately,6
lawless,6
meek,6
befit,6
border,6
hunland,6
refreshment,6
gull,6
disclose,6
wire,6
earnestness,6
silken,6
thigh,6
mast,6
pea,6
remote,6
coarse,6
flowery,6
conspire,6
current,6
un,6
dido,6
invade,6
fastidious,6
diome,6
eighty,6
forbidden,6
saturn,6
seriously,6
indifference,6
feminine,6
ancestor,6
bore,6
befriend,6
pinion,6
confer,6
league,6
lazy,6
needy,6
coolly,6
conkling,6
novel,6
universe,6
warble,6
excessive,6
blushing,6
sunder,6
drinking,6
enthusiasm,6
tragic,6
lyric,6
chest,6
marvelous,6
poorly,6
strongly,6
posterity,6
douglas,6
flammonde,6
correct,6
mansion,6
outside,6
ken,6
dirge,6
dankwart,6
frantic,6
enfold,6
invent,6
ascend,6
yard,6
rebuke,6
amazons,6
sumptuous,6
ail,6
tress,6
dazzle,6
dislike,6
faultless,6
wheat,6
diomed,6
liveth,6
club,6
mouse,6
found,6
determined,6
hooded,6
temporary,6
maxim,6
bridle,6
habitation,6
wickedness,6
ayein,6
trifling,6
perfection,6
gotelind,6
principally,6
console,6
scant,6
seeking,6
pitiful,6
abandon,6
cur,6
polished,6
speke,6
don,6
learn'd,6
observation,6
wedge,6
knell,6
aspen,6
inspiration,6
recess,6
mole,6
uncertain,6
lunatic,6
speechless,6
level,6
gradually,6
slew,6
hermes,6
enkindle,6
stag,6
blindly,6
freeze,6
lantern,5
mirthful,5
crest,5
counsellor,5
breaker,5
wrathful,5
ointment,5
valuable,5
vigorous,5
ago,5
ominous,5
solitude,5
achaia,5
odysseus,5
awkward,5
roe,5
chess,5
average,5
percy,5
belfry,5
carpet,5
chilly,5
fitful,5
piteous,5
remedy,5
ilius,5
invalid,5
fur,5
horizon,5
spurn,5
burgundians,5
winnow,5
myrmidons,5
surname,5
snail,5
touch'd,5
frequent,5
independent,5
spectral,5
central,5
education,5
worn,5
chiron,5
cart,5
fading,5
possess’d,5
esteem’d,5
startled,5
lineage,5
belt,5
tarry,5
election,5
agreeable,5
coin,5
carnal,5
arabian,5
eloquent,5
vanish'd,5
bless'd,5
mettle,5
mildly,5
development,5
severely,5
inly,5
mercury,5
anybody,5
fellowship,5
maniac,5
morsel,5
chuse,5
injured,5
expectation,5
roaring,5
punishment,5
stillness,5
beak,5
august,5
curtain,5
robust,5
resist,5
envoy,5
teucer,5
training,5
elegant,5
continually,5
jerusalem,5
burns,5
byron,5
bitterly,5
endue,5
few,5
landlady,5
marshal,5
rochester,5
papa,5
forgetful,5
hun,5
indicate,5
egg,5
graver,5
agent,5
bravery,5
college,5
vibrate,5
reverent,5
unholy,5
movement,5
monument,5
dismay,5
vest,5
legacy,5
rashly,5
surgeon,5
playing,5
witless,5
antony,5
astray,5
slightly,5
madame,5
transparent,5
contradict,5
hawart,5
nevermore,5
dot,5
confident,5
model,5
absurd,5
edith,5
troilus,5
sholde,5
idomeneus,5
machaon,5
india,5
attendance,5
may’st,5
annie,5
wolfhart,5
firmly,5
muscle,5
knightly,5
betime,5
athens,5
tropic,5
nicely,5
rue,5
enrapture,5
peal,5
wrinkle,5
strawberry,5
disagreeable,5
motherly,5
proportion,5
hundred,5
novelty,5
niblung,5
natured,5
magnificent,5
alliance,5
impatience,5
repair,5
stagger,5
linnet,5
alter,5
m.,5
rend,5
safely,5
drede,5
likeness,5
humbler,5
spill,5
internal,5
warrant,5
enrage,5
passing,5
ye're,5
know'st,5
julia,5
asceticism,5
whan,5
puzzle,5
newspaper,5
parson,5
unrest,5
policeman,5
filthy,5
arm’d,5
prudence,5
fearless,5
nibelungen,5
narrative,5
whispering,5
presumptuous,5
quake,5
hades,5
unwedded,5
jasper,5
imperial,5
endurance,5
capture,5
jaunty,5
errand,5
mightily,5
concert,5
bended,5
breathless,5
flush,5
mnestheus,5
fasten,5
invisible,5
sip,5
major,5
wet,5
fleece,5
fraternal,5
childlike,5
curve,5
faithfully,5
spray,5
inhabitant,5
shilling,5
fable,5
walk'd,5
neath,5
heartfelt,5
degrade,5
lava,5
loki,5
chapel,5
reck,5
shamble,5
espy,5
starlight,5
assign,5
germans,5
precedence,5
gudrun,5
toss,5
nut,5
crane,5
vaunt,5
pebble,5
extremely,5
excited,5
strut,5
goal,5
cuckoo,5
visage,5
eminence,5
myn,5
tranquil,5
press'd,5
bolt,5
scanty,5
stable,5
pass'd,5
vat,5
radiance,5
touching,5
zealous,5
stab,5
assassin,5
carelessly,5
oftentime,5
infirmity,5
blissful,5
cull,5
genuine,5
noisy,5
century,5
meagre,5
channel,5
floweret,5
coil,5
tremulous,5
brake,5
decision,5
enchantment,5
disperse,5
milton,5
thou'lt,5
vibration,5
saintly,5
funny,5
unjust,5
orange,5
dusty,5
greed,5
doubly,5
retirement,5
gain'd,5
promis'd,5
achille,5
mare,5
brig,5
sinewy,5
massachusetts,5
show’d,5
lustful,5
heave,5
resort,5
rightful,5
sylvan,5
courtier,5
aware,5
nurture,5
persuasion,5
pitying,5
falls,5
sweat,5
surge,5
desperately,5
choral,5
jocund,5
fall’n,5
eddy,5
friendless,5
catholic,5
lenore,5
moaning,5
dewy,5
commander,5
precede,5
prosperity,5
niobe,5
grudge,5
liv’d,5
resound,5
dive,5
quest,5
scorch,5
gen'rous,5
voices,5
vindicate,5
temptation,5
adam,5
independence,5
acre,5
civil,5
prattle,5
rider,5
transgression,5
goblet,5
motionless,5
rapid,5
travail,5
vote,5
agony,5
recover,5
president,5
ambrosial,5
trail,5
gown,5
childe,5
duck,5
reputation,5
complexion,5
ancestral,5
cherished,5
clergyman,5
thanksgiving,5
dying,5
trod,5
cannon,5
lisp,5
gain’d,5
avert,5
mushroom,5
mental,5
meantime,5
join’d,5
vanish’d,5
dye,5
constitution,5
fitter,5
wanderer,5
moses,5
kick,5
gautier,5
medical,5
afflict,5
remorse,5
stake,5
endeavour,5
loiter,5
wizard,5
turks,5
nuptial,5
contempt,5
murderer,5
necessarily,5
egyptian,5
wane,5
skeleton,5
duration,5
fix'd,5
babble,5
se,5
idolatrous,5
amiable,5
vertuous,5
declaration,5
wintry,5
gust,5
ho,5
wearied,5
be,5
plainly,5
truer,5
best--,5
afternoon,5
sleepy,5
buckler,5
notable,5
illusion,5
basket,5
breath'd,5
brick,5
exertion,5
mislead,5
spire,5
aaron,5
idiot,5
ordain'd,5
gorgeous,5
hospitality,5
myrtle,5
ignoble,5
thoughtless,5
malady,5
calculate,5
following,5
saw,5
bygone,5
clerk,5
pole,5
sunny,5
historical,5
sate,5
paramour,5
minde,5
wast,5
refined,5
vouchsafe,5
womanhood,5
harbor,5
strangely,5
mystical,5
sat,5
rack,5
devise,5
extravagant,5
excellence,5
gawd,5
imperious,5
block,5
herdsman,5
occasional,5
seventeen,5
lithe,5
beautifull,5
stratagem,5
crafty,5
pass’d,5
attentively,5
carelessness,5
obedient,5
elevation,5
rub,5
while,5
frenzied,5
crayford,5
foole,5
taketh,5
pink,5
prominence,5
subjection,5
culture,5
satisfactory,5
petition,5
progress,5
solely,5
accustom,5
sorry,5
bench,5
mead,5
studious,5
explore,5
execution,5
resistless,5
improve,5
farth,5
assassinate,5
atrocity,5
accuracy,5
missing,5
offense,5
definitely,5
reside,5
violently,5
unmarried,5
enjoyment,5
outrage,5
obviously,5
tough,5
carve,5
merriment,5
constitute,5
hook,5
omen,5
leapt,5
iris,5
lieth,5
hinder,5
appellation,5
unique,5
yearly,5
massy,5
marsh,5
attach,5
expedient,5
interrupt,5
fervid,5
keeping,5
texture,5
excitement,5
building,5
refine,5
entertainment,5
trusty,5
wile,5
scathe,5
dose,5
flowret,5
probe,5
fortunate,5
curiosity,5
cord,5
harbour,5
flank,5
wilson,5
huddle,5
eros,5
guerdon,5
lament,5
wielder,5
wedding,5
respond,5
rumour,5
fosterling,5
shakespeare,5
crimson,5
falter,5
paine,5
fear’d,5
eek,5
commerce,5
expectant,5
schoolboy,5
resemblance,5
boot,5
rent,5
array'd,5
regulate,5
meditation,5
assay,5
far’d,4
north,4
web,4
forc’d,4
lid,4
embitter,4
rover,4
despite,4
admirable,4
stumble,4
hen,4
huns,4
seeker,4
fisher,4
legged,4
uniform,4
gigantic,4
magnify,4
cave,4
illustration,4
proposal,4
underground,4
situation,4
squeeze,4
persist,4
jānaki,4
contest,4
enoch,4
partridge,4
quire,4
eyelid,4
follow’d,4
pageant,4
misuse,4
complaint,4
clan,4
rash,4
aversion,4
transform,4
lucy,4
miniature,4
problem,4
afresh,4
settlement,4
dismay’d,4
skirt,4
washing,4
heroism,4
authorship,4
furness,4
bias,4
suffice,4
captivity,4
blot,4
wayward,4
nursery,4
boulder,4
scholar,4
s.,4
association,4
tangible,4
deities,4
playmate,4
fill'd,4
repulse,4
meyerbeer,4
attract,4
baleful,4
target,4
menelaos,4
elf,4
gnome,4
autumnal,4
sinless,4
inherent,4
supernatural,4
hunnish,4
lancelot,4
unmeasured,4
stem,4
hildebrand,4
waken,4
cataract,4
forgiveness,4
banish'd,4
eternally,4
sneeze,4
fence,4
impetuous,4
poplar,4
falsely,4
unskille,4
purpos,4
criseyde,4
clothing,4
crown'd,4
compliment,4
multiply,4
walter,4
franklin,4
warren,4
precipitate,4
wraith,4
condescend,4
arméd,4
us’d,4
impartial,4
beware,4
outstretche,4
amply,4
earthy,4
prick,4
whatsoe'er,4
constitutional,4
tinker,4
student,4
peculiarity,4
flatter,4
pander,4
propitiate,4
tresse,4
lyk,4
nerbuda,4
alle,4
jim,4
tinge,4
stirr’d,4
preparation,4
saddle,4
deaf,4
license,4
parade,4
dusk,4
abundance,4
peril,4
canadian,4
mildew,4
shrub,4
unexpected,4
appoint,4
sonnet,4
institution,4
slaying,4
whene'er,4
proffered,4
spleen,4
thomas,4
commandant,4
oon,4
slayer,4
wher,4
cain,4
sabbath,4
liegeman,4
allow’d,4
parliament,4
convince,4
sympathize,4
jaw,4
magazine,4
howe'er,4
sanctuary,4
eliza,4
hari,4
yama,4
renowne,4
rogue,4
contagion,4
wholesome,4
alice,4
blight,4
countryman,4
fortunato,4
strophe,4
stanza,4
englishmen,4
haze,4
chapter,4
commission,4
do,4
intolerable,4
sable,4
joliba,4
winding,4
hay,4
mermaid,4
saga,4
unable,4
evil!--prophet,4
tire,4
cripple,4
illustrate,4
confession,4
infidel,4
wight,4
7,4
acclaim,4
mane,4
sensation,4
barn,4
favorable,4
statute,4
biography,4
tinkle,4
sparkling,4
trout,4
monkey,4
frightful,4
perilous,4
spartan,4
bridal,4
staff,4
bustle,4
supple,4
thet,4
112,4
debate,4
bald,4
desir’d,4
personage,4
contemporary,4
foundation,4
smother,4
starry,4
ape,4
accurse,4
reverie,4
rachel,4
sergeant,4
quicksilver,4
gush,4
brahmā,4
cathedral,4
15,4
tongueless,4
seer,4
priceless,4
vilest,4
tramp,4
reticent,4
consciousness,4
carcant,4
sappho,4
willed,4
tawny,4
methought,4
inland,4
slake,4
lynx,4
outcast,4
collar,4
helpmate,4
unutterable,4
couple,4
windy,4
pique,4
entreat,4
ram,4
a.,4
picked,4
solicit,4
gipsy,4
pressure,4
thorn,4
prolong,4
shred,4
infamous,4
louis,4
coffer,4
parch,4
discord,4
predecessor,4
coming,4
monsieur,4
divinest,4
rifle,4
wench,4
laurel,4
offspring,4
formal,4
fashionable,4
passenger,4
explosion,4
repentance,4
absorb,4
naughty,4
respective,4
immemorial,4
pitiless,4
barrel,4
crippled,4
homely,4
shelley,4
unaffected,4
nat,4
aforetime,4
hiss,4
therewith,4
buoyant,4
guidance,4
brightly,4
jargon,4
burly,4
pat,4
accustomed,4
prepar'd,4
remarkably,4
decidedly,4
remind,4
prodigal,4
officious,4
assemble,4
alpine,4
kinde,4
angila,4
moonlit,4
wee,4
iniquity,4
mov'd,4
pond,4
wooden,4
teacher,4
affliction,4
frenzy,4
craving,4
lime,4
octavia,4
kitchen,4
pattern,4
psalm,4
fred,4
pearly,4
laggard,4
nightingale,4
truthful,4
solomon,4
neat,4
aver,4
squash,4
shaggy,4
lusty,4
soundless,4
diving,4
violin,4
sect,4
counter,4
affright,4
abstain,4
indomitable,4
allah,4
picturesque,4
twisted,4
melodious,4
hob,4
exert,4
cherub,4
ministry,4
sodom,4
destructive,4
troublesome,4
mat,4
chaos,4
triple,4
ilion,4
gazer,4
birth--,4
professor,4
citadel,4
earn,4
flail,4
languid,4
hercules,4
sightless,4
grievous,4
comeliness,4
soe'er,4
thankfully,4
tumultuous,4
heather,4
lull,4
ensue,4
superfluous,4
shadwell,4
resentment,4
decreed,4
prostrate,4
philomel,4
mix’d,4
suggestion,4
republic,4
zebe,4
confront,4
racer,4
nowise,4
raw,4
wist,4
blandishment,4
peevish,4
screen,4
impulsive,4
personify,4
tact,4
nicean,4
verses,4
sheaf,4
aurora,4
invasion,4
bugle,4
swoop,4
inconsistent,4
indifferent,4
impose,4
bawd,4
tool,4
know--,4
sorely,4
e’en,4
sibyl,4
blithe,4
mixt,4
toby,4
loaf,4
seducer,4
fainting,4
tumult,4
precarious,4
vivian,4
holland,4
interpret,4
hallow,4
coral,4
oppress’d,4
gathered,4
glacier,4
misty,4
belate,4
fates,4
stripe,4
version,4
phenomenon,4
altitude,4
adequate,4
gnarl,4
agitated,4
tardy,4
bonny,4
wonte,4
eccentricity,4
excellency,4
abortive,4
cash,4
choicest,4
womb,4
rush’d,4
isabinda,4
1,4
varnish,4
englishman,4
scorn'd,4
distract,4
astonish'd,4
manliness,4
fredome,4
"success,--a",4
aflame,4
ilian,4
euryalus,4
tyme,4
dutch,4
receiv’d,4
legrand,4
courser,4
brutus,4
antique,4
chide,4
incalculable,4
fancied,4
dat,4
cautiously,4
haif,4
preacher,4
jay,4
emperor,4
fighter,4
industrious,4
fourth,4
parish,4
amity,4
grecians,4
plac’d,4
secrete,4
discovery,4
curiously,4
frighten,4
felon,4
malice,4
gossip,4
dice,4
ingenious,4
spaniard,4
distinctive,4
treachery,4
stint,4
pains,4
fulness,4
blare,4
redemption,4
join'd,4
christendom,4
pistol,4
g,4
cigar,4
sullen,4
unconquerable,4
diaphenia,4
motored,4
stallion,4
scamander,4
vase,4
chisel,4
gemstone,4
plaintive,4
ey’d,4
boundary,4
e’er,4
sphinx,4
angelic,4
sarcasm,4
excursion,4
deprave,4
strangle,4
brink,4
ass,4
dungeon,4
wreathe,4
brand,4
deluge,4
daze,4
wrangle,4
tong,4
providence,4
except,4
discard,4
elicit,4
unfelt,4
rumble,4
surf,4
danaans,4
absolutely,4
distil,4
procession,4
boasted,4
witching,4
prepared,4
amount,4
valence,4
entry,4
inheritance,4
ad,4
booty,4
ensign,4
failing,4
mot,4
favourable,4
blent,4
handmaid,4
scotch,4
affiance,4
unaccountable,4
lucifer,4
offer'd,4
blighted,4
cypress,4
george,4
mode,4
cromwell,4
reptile,4
nisus,4
11,4
fairer,4
wooing,4
saxon,4
extensively,4
response,4
eva,4
princes,4
dominant,4
akin,4
una,4
interval,4
velocity,4
bulk,4
heedless,4
itch,4
mortality,4
flickering,4
pennon,4
remark,4
tingle,4
turkey,4
waft,4
flour,4
merione,4
muster,4
reality,4
inevitable,4
alway,4
gale,4
practise,4
random,4
enhance,4
neleus,4
brazen,4
bracelet,4
mistrust,4
ongentheow,4
corruption,4
exclamation,4
preposterous,4
universally,4
hog,4
danish,4
rugged,4
unlike,4
endeavor,4
positive,4
bewildered,4
annette,4
emerald,4
latinus,4
mike,4
turk,4
potent,4
diddle,4
ensnare,4
pompey,4
initial,4
porter,4
commotion,4
emit,4
gorgeously,4
ravish,4
temperance,4
bulwark,4
cheerless,4
6,4
distribute,4
siegfrie,4
revelation,4
reprieve,4
traffic,4
appease,4
resplendent,4
credence,4
administration,4
classic,4
sensitive,4
wayfare,4
mail,4
holiday,4
hater,4
squeal,4
trodden,4
wallow,4
enclose,4
enow,4
argive,4
fidelity,4
prometheus,4
trow,4
vesture,4
sieglind,4
favored,4
summary,4
litter,4
visionary,4
harass,4
thee--,4
midway,4
tros,4
theano,4
trinket,4
clod,4
deuce,4
quietness,4
superstition,4
yur,4
bail,4
profession,4
enshrine,4
unlovely,4
previous,4
scape,4
awaken'd,4
china,4
villain,4
possest,4
margravine,4
edgar,4
climate,4
jane,4
onset,4
lovingly,4
talk’d,4
sidonian,4
unbounded,4
tutor,4
transgress,4
fiddle,4
folker,4
mocking,4
overbear,4
hymen,4
should'st,4
province,4
bounteous,4
riddle,4
fainter,4
partake,4
mimic,4
hurried,4
argos,4
renowned,4
impatient,4
wedlock,4
rede,4
avow’d,4
convey’d,4
cape,4
jist,4
buckle,4
recite,4
away--,4
diet,4
fitness,4
suspicious,4
publication,4
talbot,4
fisherman,4
plummet,4
mutter,4
raindrop,4
mama,4
handful,4
tenth,4
chafe,4
pin,4
margrave,4
achaean,4
plato,4
investigation,4
goodwill,4
helpful,4
vaiau,4
sordid,4
latent,4
soap,4
swish,4
needle,4
quivering,4
pleas'd,4
unrequited,4
aristotle;—you,4
flavor,4
vigor,4
cement,4
handed,4
tremendous,4
burgundian,4
that--,4
july,4
keel,4
attachment,4
iv,4
serenity,4
harmodius,4
administer,4
stole,4
occupation,4
player,4
mature,4
sinew,4
paw,4
intensity,4
petrarch,4
ariana,4
feller,4
varied,4
allen,4
structure,4
blunder,4
mockery,4
rabble,4
fin,4
privacy,4
exalt,4
throate,4
sociably,4
chat,4
gore,4
felicity,4
entwine,4
chasm,4
career,4
blinde,4
flap,4
embassy,4
bush,4
antenor,4
impassioned,4
delusion,4
associate,4
votary,4
coffin,4
truant,4
fabulous,4
opium,4
comprehension,4
proteus,4
healing,4
adder,4
pungent,4
purely,4
rapidly,4
impressed,4
darkly,4
pittie,4
purest,4
rib,4
betrothed,4
arabs,4
benediction,4
blaise,4
portal,4
elder,4
outraged,4
intenser,4
ghoul,4
engineer,4
sennit,4
topsail,4
conciliate,4
today,4
cynic,4
creak,4
daylight,4
cream,4
invariably,4
ivy,4
entomb,4
glower,4
bode,4
conclusion,4
pope,4
sylph,4
chastise,4
possibility,4
skim,4
rampart,4
collect,4
emerge,4
canvas,4
clipper,4
cynthia,4
trusting,4
belov'd,4
jump,4
absence,4
threat,4
customary,4
unkind,4
metrical,4
genial,4
270,4
begot,4
dishonest,4
bequeath,4
welkin,4
constrain,4
purer,4
whenas,4
groom,4
attractive,4
dissolve,4
warder,4
ern,4
poore,4
thyselfe,3
counsell,3
resume,3
plaint,3
shee,3
mortall,3
defame,3
soothsaye,3
beseemeth,3
fac'd,3
howsoever,3
weal,3
otherwhere,3
everie,3
graham,3
hospital,3
comic,3
abnormal,3
hotel,3
collection,3
rotten,3
barley,3
sharpen,3
contemplate,3
enigma,3
feebly,3
reviewer,3
pernicious,3
snarl,3
fearsome,3
instantaneous,3
hardship,3
unconsciously,3
idleness,3
soothing,3
fear'd,3
paphian,3
wo,3
dar,3
maner,3
play'd,3
speake,3
clepeth,3
benign,3
snort,3
forgetfulness,3
singly,3
disown,3
sinister,3
wessex,3
accurst,3
formless,3
252,3
59,3
avenue,3
marrow,3
undye,3
alwey,3
finde,3
pigeon,3
incorporate,3
infallibly,3
express'd,3
upper,3
niece,3
quill,3
paragon,3
restraint,3
poke,3
nightmare,3
grin,3
kindliness,3
sweeping,3
slop,3
ungrudge,3
lifelong,3
cross'd,3
--the,3
snap,3
claw,3
calculation,3
smoothly,3
attic,3
ether,3
diminish,3
witchery,3
alexander,3
pry,3
thump,3
maim,3
burne,3
stellas,3
owne,3
passe,3
sence,3
vaine,3
gossamer,3
heaving,3
forsook,3
dusky,3
crosse,3
tavern,3
activity,3
desk,3
woolly,3
drapery,3
puss,3
famine,3
hieroglyphic,3
trill,3
operate,3
observant,3
rushing,3
vegetable,3
pasture,3
daphnis,3
underlie,3
unreason,3
awfully,3
horde,3
hatch,3
clown,3
blindness,3
oftener,3
zoo,3
finer,3
advantageous,3
displeasure,3
mustard,3
burlesque,3
donne,3
heine,3
miraculous,3
fragment,3
esquimo,3
anecdote,3
lye,3
peru,3
poets,3
canopy,3
welfare,3
talon,3
opera,3
extort,3
razor,3
ramble,3
railly,3
carcase,3
ellis,3
narrate,3
boatswain,3
goatherd,3
frustrate,3
inscription,3
azure,3
joyfully,3
stanzas,3
unreasonable,3
allus,3
ef,3
hew,3
envelop,3
positively,3
elbow,3
enrich,3
von,3
signs--,3
long--,3
revel,3
delirium,3
undying,3
loosen,3
transfer,3
irrepressible,3
ust,3
punkin,3
minster,3
controversy,3
nawab,3
ecstatic,3
aghast,3
immoral,3
£,3
trump,3
accident,3
lung,3
agin,3
pore,3
plane,3
ore,3
cook,3
impetus,3
bale,3
flog,3
xxiii,3
intoxication,3
daisy,3
insolence,3
sprout,3
phœbus,3
non,3
baptiste,3
lesse,3
transport,3
shapeless,3
toad,3
intruder,3
arrest,3
portentous,3
waver,3
slander,3
fry,3
opal,3
ixion,3
idly,3
cackle,3
masterless,3
aegis,3
ould,3
pylos,3
afoot,3
woo’d,3
sigh’d,3
annoy,3
toiling,3
allotment,3
vermin,3
ludeger,3
unnumber'd,3
scrupulous,3
walk’d,3
unheede,3
footnote,3
flow'r,3
unnatural,3
serf,3
warfare,3
attuned,3
poignant,3
ransack,3
rahéro,3
indifferently,3
define,3
arctic,3
paddle,3
uncouth,3
imaginable,3
accumulate,3
celia,3
hungary,3
symbol,3
occurrence,3
ballad,3
protest,3
supremely,3
moderation,3
faire,3
rocket,3
unqualified,3
enthral,3
squint,3
slime,3
quaver,3
parrot,3
bewilder'd,3
brightest,3
shou'd,3
marvellously,3
ida,3
fiddler,3
pull,3
evander,3
attentive,3
anglo,3
minor,3
feverish,3
sweeter,3
revolve,3
uncontrolle,3
rice,3
athenian,3
blank,3
stoat,3
miserly,3
furniture,3
tolerable,3
betide,3
seclusion,3
ardently,3
pony,3
ferryman,3
destroy’d,3
neigh,3
sende,3
unsubstantial,3
shady,3
lavinia,3
whoe'er,3
bye,3
zealot,3
birthday,3
veracity,3
jackson,3
slide,3
assuage,3
face--,3
clamber,3
revile,3
adrestus,3
hecuba,3
typical,3
portraiture,3
consort,3
laborer,3
footprint,3
contending,3
ugolino,3
lustily,3
warden,3
geatish,3
ridge,3
sewer,3
overflow,3
squat,3
sleeper,3
willie,3
ashamed,3
doomed,3
lesbos,3
liking,3
paternal,3
actively,3
explanation,3
pecuniary,3
formula,3
handkerchief,3
shirt,3
primeval,3
miner,3
ungovern'd,3
grimly,3
dreams,3
bang,3
jargone,3
stack,3
badly,3
insolently,3
loudly,3
brawny,3
amphidamas,3
dole,3
dean,3
ende,3
ese,3
ilke,3
thou’rt,3
whit,3
wily,3
eclat,3
leading,3
scar,3
visitor,3
tank,3
oily,3
calling,3
defiant,3
cheerfulness,3
tranquility,3
endear,3
courageous,3
bairn,3
delicacy,3
pruning,3
incomparable,3
exceptional,3
dissent,3
widow’d,3
payment,3
barely,3
pointed,3
dolon,3
springs,3
acamas,3
vie,3
wardrobe,3
drugged,3
hecate,3
almond,3
hospitable,3
bauble,3
vivid,3
profusion,3
unremitting,3
inestimable,3
accomplishment,3
dolphin,3
bramble,3
caterpillar,3
rebellion,3
thankfulness,3
ale,3
headland,3
physician,3
beggarly,3
orient,3
intuition,3
mend,3
strikingly,3
swinburne,3
scripture,3
wiglaf,3
carol,3
operation,3
sundry,3
bide,3
passeth,3
accursed,3
venice,3
means,3
ravenous,3
orestes,3
dismiss,3
glorify,3
nibelung,3
nostril,3
prow,3
fruitful,3
nowadays,3
ludgast,3
saxons,3
ludger,3
polite,3
merge,3
saith,3
welcoming,3
deformity,3
furnace,3
rim,3
sliver,3
incomprehensible,3
invoke,3
patagonia,3
goose,3
thenceforth,3
sunrise,3
fitly,3
ruler,3
newness,3
khaki,3
axis,3
compensation,3
collectedly,3
clime,3
prussian,3
overhead,3
plea,3
teucrian,3
panic,3
suffuse,3
pittance,3
expert,3
ally,3
chaucer,3
diffuse,3
plumage,3
verdure,3
tease,3
detest,3
reft,3
rag,3
masse,3
butcher,3
amaze,3
moustache,3
abyss,3
costume,3
clammy,3
maeonia,3
dissemble,3
degenerate,3
soulless,3
chaplin,3
indicative,3
peculiarly,3
2,3
incarnate,3
leathery,3
nourish,3
phædra,3
dramatic,3
photograph,3
paphos,3
betroth,3
police,3
proclamation,3
untried,3
fear--,3
sainted,3
refresh,3
abraham,3
supernal,3
revulsion,3
finished,3
robbery,3
letters,3
48,3
an't,3
codfish,3
incubus,3
trapping,3
eofor,3
debase,3
cedar,3
dardanian,3
uproar,3
braver,3
euphorbus,3
smote,3
selfishness,3
canticle,3
representative,3
stupendous,3
bitwixen,3
roo,3
lettre,3
childless,3
reviving,3
form'd,3
pathway,3
downright,3
philanthropist,3
dishonour’d,3
hop’d,3
recognise,3
nigger,3
ceremony,3
feud,3
sprawl,3
cambridge,3
cuckold,3
bestow’d,3
splash,3
zodiac,3
cotton,3
plymouth,3
thou'rt,3
posy,3
hebe,3
sortie,3
isidora,3
nonsense,3
grapple,3
avarice,3
alley,3
cinderella,3
sale,3
pallor,3
fam’d,3
thersite,3
purblind,3
entanglement,3
gory,3
secretly,3
pent,3
o'erthrown,3
womankind,3
scare,3
abel,3
jewish,3
oileus,3
precise,3
robber,3
quoit,3
encircle,3
ascanius,3
oenotrian,3
blossoms,3
sanction,3
meditate,3
duteous,3
piteously,3
uprose,3
18.=,3
better,3
bondman,3
tipsy,3
arab,3
untaught,3
flash’d,3
deposit,3
wrapt,3
dispense,3
pour’d,3
flaunt,3
doer,3
dishonor,3
haul,3
fritz,3
titan,3
expedition,3
170,3
polypoetes,3
jason,3
fifth,3
cauldron,3
gentler,3
unmove,3
disappointment,3
obvious,3
aweless,3
unstinte,3
plantation,3
insipid,3
delude,3
ark,3
lovelier,3
wince,3
malignity,3
erstwhile,3
teucrians,3
eloquence,3
falsehood,3
criminal,3
beetle,3
toss'd,3
glitt’re,3
official,3
lipped,3
benjamin,3
1858,3
archangel,3
extinct,3
tolerate,3
nephew,3
stig,3
telescope,3
distillation,3
whirling,3
85,3
gutenberg,3
millennial,3
conservative,3
abstemious,3
towerson,3
161,3
mirage,3
wand,3
trader,3
grossly,3
york,3
combatant,3
drama,3
revolution,3
breadth,3
intermittent,3
perusal,3
representation,3
center,3
abhorr’d,3
chart,3
descending,3
sov’reign,3
tepid,3
prowl,3
where'er,3
infamy,3
reserve,3
hoar,3
40,3
nero,3
invader,3
merciful,3
beareth,3
quaker,3
memorie,3
totter,3
incessant,3
luckless,3
hans,3
grub,3
on't,3
embracing,3
unconscious,3
priestess,3
illume,3
damage,3
vise,3
creditor,3
unrewarded,3
unattainable,3
tydides,3
gravely,3
springtime,3
jade,3
marion,3
sterner,3
sublunary,3
'bout,3
breeding,3
ladies,3
probability,3
charter,3
unwillingly,3
unburied,3
insensate,3
breach,3
identical,3
rag’d,3
healthful,3
thirsty,3
killer,3
labyrinth,3
froward,3
indulgence,3
spirited,3
discharge,3
entitle,3
chastity,3
dote,3
lawn,3
wreak,3
dissect,3
commonest,3
unused,3
swirl,3
vestment,3
arbitrary,3
ordain,3
outwit,3
traditional,3
epitaph,3
impudence,3
tempestuous,3
exhausted,3
improbable,3
nations,3
variable,3
arrogance,3
sanctity,3
bewitch,3
tap,3
brotherly,3
thirteen,3
pet,3
alluring,3
caldron,3
cork,3
goe,3
despotic,3
strained,3
diviner,3
sleeping,3
workman,3
pluto,3
themis,3
unconsciousness,3
amusement,3
abandon'd,3
proceeding,3
outcome,3
quotation,3
daybreak,3
rail,3
prophesy,3
persia,3
licinia,3
translate,3
yearn'd,3
æneas,3
comedy,3
perspective,3
mistletoe,3
seemingly,3
holden,3
separately,3
unquenchable,3
victorious,3
prank,3
heartless,3
spaniel,3
caste,3
chappell,3
fightin,3
barrick,3
hairy,3
ungovernable,3
rais’d,3
andrew,3
tyrian,3
regal,3
abhor,3
fishing,3
whiter,3
vapor,3
forc'd,3
pray’r,3
dreary,3
affectionately,3
sapphire,3
stave,3
nothingness,3
baal,3
swathe,3
discrowne,3
pansy,3
performance,3
exclude,3
diadem,3
impostor,3
||,3
j.,3
deme,3
desir'd,3
prosper,3
certainty,3
undermine,3
hedge,3
answer’d,3
farewel,3
celebrated,3
wiser,3
behalf,3
delusive,3
skate,3
glade,3
predominant,3
enquire,3
brooks,3
9,3
mill,3
edenhall,3
display’d,3
moist,3
assume,3
cider,3
spartans,3
strap,3
beer,3
constantly,3
staid,3
legend,3
lulu,3
hale,3
whosoever,3
uneasy,3
hereditary,3
reformation,3
renown'd,3
pheasant,3
ve,3
frolic,3
meekness,3
ilium,3
archer,3
beleaguered,3
manna,3
endymion,3
fencer,3
intimately,3
nobleness,3
wrist,3
daniel,3
accolade,3
timely,3
tunnel,3
pallid,3
polish,3
coast,3
outspread,3
vesper,3
ariadne,3
wassail,3
paleface,3
compound,3
aptly,3
debar,3
insidious,3
synod,3
godless,3
hurricane,3
prophecy,3
stalk,3
glamour,3
livery,3
duchess,3
tailor,3
timorous,3
ruddy,3
crisp,3
ope,3
awakening,3
bacchanalian,3
publisher,3
satiety,3
extravagance,3
rubbish,3
solicitor,3
patriotic,3
highway,3
piano,3
rally,3
thumble,3
completeness,3
mov’d,3
consecration,3
outlaw'd,3
unfit,3
chieftain,3
fabric,3
elle,3
iulus,3
canary,3
muffle,3
patiently,3
sprung,3
pilot,3
grievance,3
stork,3
mountaineer,3
insure,3
stimulus,3
swarthy,3
ran,3
casket,3
afric,3
reasoning,3
purify,3
"he,--",3
pirate,3
horton,3
admonition,3
joint,3
trowe,3
knowe,3
sullenly,3
appendix,3
fork,3
indefatigable,3
reticence,3
incongruous,3
strait,3
melting,3
cognizance,3
fuller,3
wan,3
calchas,3
treatment,3
cleopatra,3
unkindly,3
plaid,3
abundantly,3
borough,3
hornet,3
ash,3
rolling,3
offender,3
empress,3
mr,3
sieve,3
y'are,3
faste,3
tiber,3
defraud,3
theatre,3
glossy,3
disturbance,3
briar,3
thrush,3
i.e.,3
mechanical,3
rote,3
lorimer,3
joe,3
discontent,3
edward,3
badge,3
puppet,3
substitute,3
watcher,3
mixture,3
sod,3
experiment,3
bristle,3
vehemently,3
reckon,3
suggestive,3
achaian,3
phœnix,3
flora,3
safeguard,3
kill'd,3
spangle,3
lips,3
sprightly,3
repentant,3
graze,3
tarquin,3
majestic,3
hasten,3
fulfill,3
tediously,3
nimble,3
unsaid,3
mexican,3
vehement,3
complex,3
denial,3
brisk,3
intoxicate,3
gout,3
woodland,3
satin,3
pierrot,3
heroine,3
manufacture,3
terrify,3
drinker,3
o’shea,3
ed,3
drug,3
craven,3
smithers,3
womman,3
surly,3
deception,3
chronicle,3
expensive,3
girlhood,3
astonishing,3
theron,3
chalk,3
recently,3
whiteness,3
dad,3
gum,3
ranger,3
toucheth,3
undine,3
limp,3
phase,3
infinitely,3
benevolent,3
dispel,3
hammer,3
fantastic,3
unlucky,3
artistic,3
perjured,3
centre,3
4,3
lane,3
overtake,3
glee,3
arduous,3
nobility,3
lattice,3
loathsome,3
keats,3
dank,3
stupidity,3
profoundly,3
belovèd,3
miser,3
frugal,3
recruit,3
pox,3
cheese,3
qualified,3
heavenward,3
unlearned,3
acorn,3
comprehensive,3
147:011,3
fume,3
mixed,3
dick,3
clytemnestra,3
learn’d,3
rift,3
toe,3
targe,3
milestone,3
invaluable,3
client,3
garrick,3
plump,3
cursing,3
colonel,3
buzz,3
fanciful,3
proudly,3
viol,3
guiding,3
precept,3
thracian,3
disappoint,3
assuredly,3
aisle,3
talkin,3
hera,3
patroklos,3
patroklo,3
g.,3
raksha,3
sree,3
wyse,3
wys,3
yoked,3
orderly,3
emotional,3
gelis,3
fafnir,3
cæsar,3
inordinate,3
loom,3
walking,3
doting,3
gaudy,3
mammon,3
attitude,3
function,3
johnny,3
gunnar,3
apology,3
stimulate,3
hoe,3
tetchy,3
size,3
reprove,3
rogero,3
enforcèd,3
skill'd,3
roseate,3
serv'd,3
seventy,3
explicit,3
baptism,3
ban,3
insert,3
oldest,3
clay,3
advocate,3
transformation,3
split,3
taming,3
classical,3
involve,3
bony,3
coquette,3
atride,3
slaught’re,3
lurk,3
fox,3
alberich,3
mellow,3
grassy,3
camel,3
pelican,3
whiche,3
glimmering,3
recede,3
top,3
bigan,3
blisse,3
owene,3
steeple,3
design'd,3
foil,3
quebec,3
mongst,3
liar,3
chace,3
unmeasur’d,3
wrong’d,3
chinese,3
catholics,3
lieutenant,3
stony,3
luedeger,3
thou'dst,3
myrrh,3
bargain,3
legal,3
gape,3
foolishness,3
ambush,3
brittle,3
humor,3
michel,3
ravening,3
upbraid,3
begone,3
ilio,3
sachi,3
disparagement,3
pliant,3
turn'd,3
fie,3
tronje,3
penniless,3
dreaming,3
darken,3
garuda,3
quietude,3
kronos,3
entrap,3
stature,3
imitate,3
fruitless,3
glowing,3
sustain’d,3
pastoral,3
inclination,3
system,3
conspicuous,3
niver,3
practised,3
butter,3
benevolence,3
elderly,3
medea,3
voluntary,3
servyse,3
arjuna,3
reverentially,3
cabinet,3
helpeth,3
interdicted,3
headstrong,3
unclean,3
continual,3
monarchy,3
engender,3
faded,3
betray'd,3
grac’d,3
forge,3
quintessence,3
follow'd,3
bloodthirsty,3
vaguely,3
hanumān,3
vāli,3
ashore,3
partner,3
mong,3
behest,3
ask'd,3
roof,3
ecstasy,3
squirrel,3
pupil,3
improper,3
debtor,3
mexico,3
speck,3
elevate,3
wonderfully,3
civilization,3
bloedel,3
chronicler,3
stealth,3
chiefs,3
adown,3
cheerfully,3
pathless,3
stiffness,3
shutter,3
blake,3
kuvera,3
considerate,3
lamentation,3
laomedon,3
wrack,3
assenting,3
brāhmanas,3
pleasantry,3
obey’d,3
visiting,3
w.,3
drunkard,3
furl,3
te,3
out-,3
barbarism,3
delicately,3
quaint,3
juice,3
carthage,3
parnassus,3
conformity,3
rapine,3
hoop,3
compensate,3
horseman,3
judicious,3
throbbing,3
aloe,3
shipwreck,3
view’d,3
tim,3
cavalier,3
incessantly,3
ardency,3
mahomet,3
60,3
local,3
leper,3
tortured,3
palate,3
carnage,3
noontide,3
why--,3
preferr’d,3
unheard,3
standeth,3
phrygia,3
grasshopper,3
ilios,3
surety,3
f.,3
attraction,3
dishearten,3
whene’er,3
glib,3
analogy,3
lavana,3
clip,3
lank,3
thistle,3
disastrous,3
futile,3
trench,3
carnival,3
anthology,3
colt,3
enlisted,3
invincible,3
accordingly,3
submission,3
squeak,3
boss,3
(=,3
women,3
renew'd,3
intensely,3
finely,3
swoln,3
patriotism,3
scottish,3
mildred,3
30,3
contemn,3
transitory,3
ditty,3
lucre,3
prise,3
discourage,3
bruise,3
vow’d,3
ithacus,3
surcease,3
iii,3
measured,3
villager,3
alternately,3
aloof,3
griefe,3
allay,3
superb,3
it--,3
vow'd,3
cavern,3
par,3
latmos,3
leda,3
joan,3
gisborne,3
barefoot,3
70,3
apprehension,3
unsettled,3
burg,3
150,3
seem’st,3
disobedience,2
scribe,2
quoth,2
sheriff,2
bundle,2
unread,2
shook,2
kindred,2
wain,2
340,2
locke,2
lythe,2
matilda,2
bait,2
frankly,2
lewd,2
infuse,2
juggle,2
pamper,2
pathetic,2
soe’er,2
redoubtable,2
c,2
covetous,2
smash,2
bounden,2
waif,2
holder,2
goldfish,2
sultry,2
straighten,2
becometh,2
manifestation,2
trembler,2
passive,2
fervently,2
lillias,2
gaiety,2
inconvenience,2
boston,2
1912,2
roughly,2
suffocate,2
hearte,2
ned,2
~the,2
sombre,2
hillside,2
alfred,2
exhaust,2
draggle,2
hoarse,2
500,2
unequale,2
sportsman,2
impair,2
sydney,2
sighing,2
infantry,2
clov’n,2
dryad,2
reach’d,2
kiss’d,2
crown’d,2
pillow,2
butler,2
premature,2
journalist,2
fed,2
extremity,2
cornland,2
maw,2
untimely,2
unseal,2
rupert,2
infect,2
toss’d,2
tereus,2
spine,2
amusing,2
crutch,2
forms,2
raisley,2
rediscover,2
artists,2
territory,2
olde,2
counseyle,2
yonge,2
varyable,2
waye,2
grandsire,2
distraught,2
remembered,2
impropriety,2
practically,2
defect,2
production,2
foregone,2
hostage,2
bow'd,2
overmuch,2
march’d,2
dow’r,2
alert,2
adrift,2
deiphobus,2
tortur’d,2
mourn’d,2
massacre,2
lack’d,2
serv’d,2
gnat,2
bounteously,2
bechelaren,2
specious,2
architect,2
athenia,2
heav’nly,2
help’d,2
tropical,2
disloyal,2
keenly,2
hasting,2
vernal,2
indigenous,2
spike,2
chestnut,2
decipher,2
bashful,2
fulfilling,2
jewelled,2
bedtime,2
dolliver,2
staircase,2
spinning,2
prettily,2
perishable,2
still,2
throe,2
ask’d,2
sterile,2
doze,2
hiding,2
squirm,2
daffodil,2
dignify,2
assay’d,2
antilochus,2
weaken,2
cuirass,2
beautify,2
unblamed,2
prudently,2
cordially,2
aldrian,2
mongrel,2
mexicans,2
california,2
f,2
marlboro,2
godly,2
accommodation,2
fertility,2
priory,2
review,2
--she,2
eckewart,2
aylmer,2
ringing,2
sendeth,2
gotelinde,2
topmost,2
interested,2
gallop,2
obtain’d,2
encourag’d,2
jav’lin,2
compell’d,2
pottery,2
befell,2
prelude,2
carpenter,2
wept,2
came,2
possess'd,2
anarchy,2
depot,2
feathery,2
primordial,2
outweigh,2
umbrage,2
magnanimity,2
gran'sir,2
sensibility,2
persecute,2
shakspeare,2
acceptation,2
impute,2
bruin,2
feat,2
saay,2
weant,2
ta'en,2
stedfast,2
thompson,2
chicago,2
mischievous,2
fill’d,2
despond,2
not--,2
eden,2
slack’d,2
shin’d,2
willy,2
worry,2
unfrequent,2
ammunition,2
naval,2
philology,2
thickly,2
unceremonious,2
undergo,2
zion,2
75,2
archimago,2
manifestly,2
--so,2
comer,2
lioness,2
autumnus,2
brighten,2
gleam'd,2
broadsword,2
devouring,2
edwards,2
organize,2
clemency,2
perform’d,2
forg’d,2
gloss,2
mo,2
foolishly,2
cheer’d,2
eas’ly,2
approv’d,2
dispos’d,2
festive,2
soul’d,2
tottering,2
boorish,2
alliteration,2
slippery,2
construct,2
aldrovandus,2
forspent,2
stars,2
rivulet,2
tumbleweed,2
expressive,2
valorous,2
--and,2
phosphorescent,2
terriblest,2
inventor,2
nancy,2
booth,2
assassination,2
chang,2
brynhild,2
reminiscence,2
copper,2
089:048,2
094:011,2
offer’d,2
kidney,2
endeavour’d,2
pr,2
suff’re,2
propos’d,2
reuben,2
cheery,2
pineapple,2
praiseworthy,2
brindlock,2
appliance,2
candor,2
popularly,2
treacherously,2
attila,2
cle,2
bogey,2
hindmost,2
see--,2
leprous,2
provence,2
competent,2
catullus,2
bonnie,2
pierre,2
unswerve,2
dairy,2
modesty,2
rheumatic,2
susan,2
housekeeping,2
rigid,2
munificence,2
revolt,2
caressing,2
swam,2
mythical,2
grimhild,2
contribute,2
neighborhood,2
morrow;--vainly,2
outpour,2
rout,2
smelling,2
transmit,2
generosity,2
faculty,2
malignant,2
prematurely,2
barbaric,2
familiarly,2
inborn,2
indignation,2
dross,2
goethe,2
creative,2
fortitude,2
exaggeration,2
incomparably,2
oriental,2
imagery,2
uncomforte,2
mem’ry,2
oïliade,2
borne,2
honied,2
wean,2
assisi,2
addict,2
trophy,2
wrung,2
thrilling,2
aching,2
groping,2
haunted,2
went,2
murmurous,2
splinter,2
scimitar,2
undisciplined,2
whitman,2
offensive,2
presbyterians,2
granite,2
holiness,2
leaves,2
kernel,2
cov’nant,2
confirm’d,2
overthrow,2
proserpine,2
knelt,2
singularly,2
benignant,2
steam,2
gainsay,2
billet,2
biscuit,2
luminary,2
thomson,2
gentlemanly,2
curst,2
chew,2
athwart,2
sang,2
drank,2
sicken,2
elegance,2
imperfectly,2
incorrigible,2
profile,2
infallible,2
cent,2
exiled,2
sunday,2
cameo,2
"poems,--but",2
dædalus,2
t.,2
undoubtedly,2
dowson,2
happily,2
tranquilly,2
seductive,2
broom,2
wipe,2
marigold,2
unawares,2
amuse,2
martin,2
lascivious,2
lucrece,2
unlock,2
fief,2
bless’d,2
counselléd,2
mob,2
charon,2
hie,2
intrude,2
congratulate,2
prodigious,2
ingenuous,2
episode,2
"sorrow,--sorrow",2
fanatical,2
individuality,2
cultivation,2
froissart,2
pleading,2
prithee,2
tangled,2
cushion,2
unspeak,2
lit,2
gleams,2
ravel,2
gallery,2
induce,2
kneeling,2
discolour,2
straggle,2
descry,2
nativity,2
fatima,2
willful,2
giddy,2
grammar,2
schooling,2
wingèd,2
breath’d,2
facility,2
vivacious,2
temp'rance,2
exasperate,2
hull,2
sallow,2
melanie,2
mutinous,2
sebastian,2
tregellan,2
retrospect,2
girlish,2
æschylos,2
dial,2
grabble,2
inane,2
casement,2
sung,2
whatsoe’er,2
toleration,2
misanthropy,2
unwholesome,2
thaw,2
outrageous,2
seduce,2
complication,2
ascetic,2
healeth,2
clench,2
jangle,2
sop,2
down,2
apartment,2
grandfather,2
walnut,2
smoothness,2
casual,2
diabolical,2
ascetism,2
stained,2
thoughts--,2
veritable,2
reluctance,2
hymeneal,2
asp,2
poems,2
moonbeam,2
ply,2
demure,2
moisten,2
tuscan,2
besought,2
contingency,2
panting,2
fortress,2
mission,2
mayhap,2
untutored,2
greville,2
absorbing,2
composition,2
unreal,2
locomotive,2
hoarded,2
ferry,2
germ,2
proselytism,2
authorize,2
doctoral,2
chaunte,2
heated,2
graces,2
irving,2
brilliancy,2
dickens,2
gesture,2
lecoq,2
wildfire,2
sift,2
months,2
waiter,2
spectacle,2
ordereth,2
enforce,2
unmatched,2
inconsequent,2
remnant,2
intimacy,2
matrimony,2
bonaparte,2
contrast,2
unwonted,2
perseverance,2
portia,2
resting,2
muff,2
fist,2
inquisitive,2
vizor,2
genoese,2
gliding,2
thrash,2
yeast,2
fielder,2
loop,2
blunt,2
43,2
sunlit,2
redress,2
unutterably,2
clump,2
potential,2
unruly,2
sacrilege,2
angered,2
siena,2
voiceless,2
sportive,2
clap,2
inventory,2
regiment,2
mangle,2
fearlessly,2
"see,--",2
"heart,--",2
beehive,2
stocking,2
forwards,2
graciousness,2
murmuring,2
uprising,2
cowl,2
fingered,2
latitude,2
dapple,2
drouth,2
stammer,2
lurch,2
heredity,2
lax,2
tributary,2
so--,2
parallel,2
killers,2
telephone,2
disc,2
tense,2
undergird,2
hand!--there,2
marshalled,2
carlisle,2
consummate,2
girth,2
blesséd,2
yt,2
learne,2
moe,2
decorum,2
kitten,2
meserve,2
frayed,2
ardor,2
fastness,2
dispraise,2
strung,2
pisgah,2
dahin,2
redundancy,2
unanimity,2
taint,2
o'-war's,2
moulder,2
cleave,2
crept,2
jagged,2
smother’d,2
dirt,2
survey,2
esek,2
penitent,2
weaving,2
shuttle,2
waxen,2
antiphonal,2
eighth,2
penance,2
mercenary,2
diminished,2
uncut,2
resin,2
runt,2
fir,2
blooming,2
baker,2
concerned,2
burnet,2
transact,2
affected,2
stress,2
trash,2
disciple,2
engulf,2
cranford,2
arriv’d,2
confirmation,2
stood,2
cub,2
sown,2
astonish,2
carman,2
feudal,2
speculation,2
light--,2
scratch,2
graven,2
barker,2
hanker,2
hair’d,2
urswick,2
woody,2
osier,2
tak’st,2
picaresque,2
argent,2
bluff,2
landlord,2
mitigate,2
policy,2
wales,2
mitre,2
rous’d,2
kendal,2
westward,2
fix’d,2
vanquish’d,2
tripod,2
tween,2
ravishment,2
sindbad,2
sickening,2
passionless,2
"combine,--",2
sleeve,2
inherit,2
vanquish'd,2
phoenician,2
terminate,2
hurl'd,2
down--,2
successively,2
beckoning,2
perille,2
bathurst,2
2000,2
harebell,2
bird's,2
transcend,2
blasted,2
hazel,2
syrian,2
unobtrusive,2
studied,2
downy,2
churn,2
herbage,2
lazarus,2
unanxious,2
azalea,2
overrun,2
fretful,2
heifer,2
whig,2
commonwealth,2
æolian,2
mason,2
swelling,2
anodyne,2
magician,2
ann,2
terrace,2
sic,2
’em,2
supersede,2
animation,2
plenteous,2
usurious,2
molasse,2
kindliest,2
presumption,2
reversion,2
skipper,2
presage,2
mæcenas,2
pisa,2
gutter,2
spit,2
oxford,2
decisive,2
income,2
publican,2
dante,2
limbe,2
falstaff,2
refin'd,2
liv'd,2
doorway,2
armèd,2
defendant,2
hose,2
"her,--because",2
monthly,2
seafaring,2
ezekiel,2
wing'd,2
solar,2
map,2
rear’d,2
quenchless,2
mangled,2
mur-,2
untiring,2
divorce,2
sluice,2
abram,2
cloudy,2
pagan,2
flatterer,2
repos’d,2
redouble,2
accomplish’d,2
deceiv’d,2
unfeele,2
centaur,2
cool'd,2
rivet,2
dropp’d,2
holier,2
distill,2
crape,2
philander,2
namesake,2
fir’d,2
stylus,2
literal,2
chemical,2
mysticism,2
leathern,2
irishman,2
morrison,2
songster,2
untamable,2
groan’d,2
oppos’d,2
redundant,2
openeth,2
vaulted,2
comforteth,2
tomorrow,2
creeper,2
slate,2
enthusiast,2
might'st,2
kampong,2
sock,2
creaking,2
soul--,2
standing--,2
unmarre,2
southward,2
waiteth,2
graveless,2
soma,2
noblest,2
"now,--the",2
--all,2
obdurate,2
210,2
tedious,2
plaudit,2
departing,2
return’d,2
babbler,2
discuss,2
briefly,2
glutton,2
approval,2
rocky,2
enlarge,2
o'erlook,2
amen,2
ev’ne,2
similitude,2
voluntarily,2
sap,2
forfeit,2
barrier,2
asylum,2
batten,2
subtler,2
jules,2
outnumber,2
kidnap,2
true--,2
circe,2
hush'd,2
burnish’d,2
pond’rous,2
autolycus,2
adversity,2
perpendicularly,2
rotterdam,2
barometer,2
lengthen,2
dead--,2
fiasco,2
gone,2
drawn,2
testimonial,2
jews,2
humility,2
assign’d,2
rememb’re,2
incens’d,2
eyebrow,2
laid,2
prepar’d,2
unchained,2
"us?""--speech",2
glister,2
halloo,2
treble,2
narcotic,2
toothsome,2
fathomed,2
barmecidal,2
complacency,2
viler,2
voic’d,2
deem’d,2
surmount,2
"infidels,--unapt",2
achievement,2
abhorrence,2
fiendish,2
recalling,2
scourging,2
transgressor,2
infold,2
malfred,2
kirk,2
leather,2
chain'd,2
expostulate,2
adamantine,2
underduk,2
dilemma,2
uninformed,2
astronomy,2
downfall,2
polar,2
uncreated,2
erin,2
chainless,2
millennium,2
draweth,2
posture,2
idaeus,2
cerberus,2
destroy'd,2
opiate,2
bellerophon,2
plausibility,2
surnam’d,2
reproachful,2
forbearing,2
ermined,2
sabbaths,2
digger,2
fac’d,2
upbearing,2
fatherland,2
promis’d,2
simultaneous,2
inasmuch,2
overcoat,2
ob,2
debbil,2
dan,2
adrastus,2
fundamental,2
unoffending,2
overshadow,2
nobill,2
mayse,2
64,2
ritual,2
casteth,2
widest,2
giffis,2
consistent,2
unsubdue,2
buried,2
so!—i,2
gan,2
gaz’d,2
nightfall,2
glides,2
imbrute,2
chalier,2
cortius,2
sadden,2
englishmen!--in,2
savannah,2
oppressor,2
threefold,2
ballymena,2
flinty,2
cayuse,2
haloe,2
stygian,2
grayer,2
wildest,2
glimmer,2
unstirred,2
losin,2
quincy,2
woolman,2
bon,2
11.=,2
bulge,2
cobden,2
runnymede,2
"long!""--i",2
enquir’d,2
consecrated,2
nitre,2
kidd,2
allude,2
institute,2
departure!—for,2
that?—oh,2
gaul,2
lyon,2
pellico,2
retaineth,2
freer,2
25.=,2
historic,2
gap,2
writeth,2
sinks,2
rye,2
guaranty,2
ownership,2
holiest,2
z,2
fidget,2
snowdrift,2
17.=,2
morgue,2
breastplate,2
buckler’d,2
stroll,2
deepest,2
tippler,2
sturge,2
democratic,2
morven,2
cough,2
feare,2
caÿstrian,2
cyclop,2
uncommon,2
accordancy,2
"man,--""an",2
carbine,2
sa,2
oblation,2
charm'd,2
amarantha,2
clew,2
83,2
drown'd,2
absolve,2
parchment,2
mire,2
disbelieve,2
forage,2
forcible,2
deduction,2
fruiterer,2
coptic,2
whence?--i,2
ascent,2
feign'd,2
inconceivable,2
unbought,2
unbridle,2
sequence,2
persevere,2
scrutinize,2
disagreement,2
vivas,2
joshua,2
panoply,2
unweapone,2
natal,2
moor,2
temp,2
pitcher,2
blanca,2
basque,2
turret,2
twoscore,2
icicle,2
excrement,2
daffa,2
pilgrims,2
barter,2
loan,2
gallantry,2
brain--,2
boweth,2
vantage,2
greedy,2
weaver,2
mourning,2
deservedly,2
charley,2
homespun,2
gruff,2
condor,2
you--,2
harmonious,2
honestly,2
omit,2
sanguine,2
proffer’d,2
grisly,2
narcissus,2
crocus,2
georgetown,2
serenely,2
14,2
24,2
41,2
breath--,2
coincide,2
ladyship,2
"gratified,--in",2
angelical,2
scot,2
81,2
ungentle,2
kisses,2
scandalous,2
bland,2
sere,2
musk,2
unspoken,2
cherish'd,2
thought--,2
widen,2
revere,2
sayeth,2
comprise,2
ostensibly,2
prefect,2
betterment,2
feudalism,2
fle,2
camera,2
drape,2
modify,2
bereave,2
district,2
windmill,2
magistrate,2
commerciel,2
disappearance,2
outré,2
locality,2
specifically,2
clarion,2
volunteer,2
bayard,2
bump,2
usurp,2
hampshire,2
foxglove,2
ground--,2
chandelier,2
magdalen,2
chambered,2
uncheck’d,2
emmet,2
spurred,2
stormer,2
carrion,2
unclasp,2
transfigure,2
froth,2
"you""--",2
wayside,2
forgave,2
joy!--i,2
unlove,2
awesome,2
gnaw,2
dweller,2
panther,2
swifter,2
browed,2
dorothea,2
unerring,2
calumny,2
despoil,2
”—morning,2
reflective,2
saul,2
latium,2
lydia,2
bigot,2
co,2
accurately,2
penetrate,2
waterspout,2
designate,2
sublimating,2
lives_—live,2
respectful,2
æronaut,2
verbal,2
archimedean,2
bi,2
kingling,2
despot,2
bruiséd,2
salustian,2
garb,2
hearer,2
excepted,2
hest,2
lovest,2
voyager,2
gas,2
endeavored,2
up.—beyond,2
moralist,2
hopelessness,2
annal,2
wealhtheow,2
sculptor,2
andromeda,2
machine,2
adopt,2
terrific,2
bandit,2
litwin,2
"not,—taught",2
aldona,2
bedizzene,2
riccaree,2
specify,2
painful,2
discordant,2
secular,2
founder,2
cana,2
vouchsafed,2
uphold,2
hebron,2
beloved:—she,2
proprietor:—this,2
legitimate,2
unwishing,2
chaplain,2
lithuanian,2
emptiness,2
dropt,2
calleth,2
unhidden,2
bringer,2
ammonites,2
inimitable,2
antagonist,2
wyatt,2
pictorial,2
des,2
tornado,2
leal,2
aristides,2
xerxes,2
hygelac,2
topic,2
scamp,2
batter,2
spectator,2
relationship,2
reminder,2
geats,2
seemlier,2
16,2
wellington,2
fonder,2
evolve,2
convenient,2
antiquity,2
divinity,2
v,2
crab,2
torturer,2
unrelieved,2
"surface,—a",2
diminutive,2
eccleson,2
mildness,2
befool,2
campaign,2
displace,2
application,2
ejaculate,2
hong,2
rustle,2
l,2
forthcoming,2
rigorously,2
armchair,2
joker,2
rabelais,2
triplicate,2
bacchus,2
arcadian,2
inability,2
conscientious,2
philtre,2
hap’orth,2
whirlpool,2
adhere,2
whichever,2
drover,2
wisps,2
tenement,2
whine,2
capital,2
excessively,2
desirable,2
assize,2
resolutely,2
steak,2
ebony,2
plagiarism,2
masquerader,2
outang,2
ejaculation,2
dammit,2
demeanor,2
deskism,2
remotely,2
castor,2
humming,2
pork,2
gibe,2
affrighted,2
propensity,2
metaphysics,2
fevere,2
hrethel,2
disappointed,2
en,2
acacia,2
grendel,2
blasphemy,2
carouse,2
croak,2
fourteen,2
olden,2
objection,2
effusion,2
--some,2
medal,2
succor,2
firelight,2
mandate,2
clansman,2
corslet,2
unequall'd,2
condense,2
are--,2
ounly,2
wud,2
lord’s,2
unusually,2
rattleborough,2
reinstation,2
colonist,2
drew,2
suffer'd,2
vondervotteimittiss,2
disputatious,2
fleck,2
me--,2
shuttleworthy,2
disinter,2
throthing,2
houly,2
purlite,2
sind,2
printer,2
afloat,2
congenial,2
sermon,2
devotedly,2
memento,2
discompose,2
herring,2
unco,2
d’ye,2
austere,2
imaginary,2
saucy,2
scotland,2
me—_i’m,2
kate,2
don’t,2
puppy,2
matoax,2
exhale,2
tenacious,2
overhang,2
rua,2
hinge,2
redolent,2
unceasing,2
destin'd,2
invention,2
shaped,2
swiftness,2
glut,2
ambiguous,2
obligation,2
cyprian,2
subservient,2
kinless,2
leer,2
hark,2
cassiopoeia,2
affirmative,2
cue,2
delirious,2
lichen,2
airman,2
imperishable,2
dictation,2
divil,2
hould,2
gentaal,2
shud,2
fright!—i,2
brimful,2
electric,2
irrevocably,2
matronly,2
susceptible,2
gintaal,2
faintly,2
ostrich,2
implant,2
tout,2
ensemble,2
genius”—but,2
salmon,2
hreidmar,2
fascinating,2
unequivocal,2
fluency,2
proficiency,2
expel,2
lambda,2
raft,2
nonentity,2
mote,2
whereunto,2
streaming,2
tenfold,2
knowen,2
antarctic,2
rang,2
shrieking,2
rape,2
slack,2
hack,2
shameless,2
fuel,2
belov’d,2
caper,2
listening,2
alongside,2
neighbouring,2
odin,2
swanhild,2
foreboding,2
preference,2
inclin'd,2
zest,2
licit,2
mummy,2
impudent,2
saffron,2
ungratefully,2
bodied,2
schooner,2
sauterne,2
wagging,2
notice:—simply,2
persistent,2
long'd,2
uta,2
talk'd,2
drain'd,2
distinguish'd,2
royally,2
cone,2
bulldog,2
doll,2
drain,2
preferable,2
lisping,2
fireplace,2
bedeck'd,2
undaunted,2
address'd,2
encounter'd,2
gary,2
nibelungers,2
squall,2
immensely,2
there--,2
shawl,2
essay'd,2
pester,2
jes,2
babyhood,2
disinterested,2
preclude,2
inversion,2
bewilder,2
hoof,2
mutiny,2
gang,2
manager,2
indecision,2
tightly,2
park,2
angels,2
definition,2
inspirit,2
salutation,2
overhot,2
niggard,2
glow’d,2
known,2
nudge,2
correctly,2
unfailing,2
et,2
yeller,2
slice,2
melon,2
christen'd,2
unchanging,2
intermingle,2
critical,2
languor,2
conrad,2
honeysuckle,2
october,2
gelfrat,2
deign'd,2
fierceness,2
compass'd,2
counsell'd,2
flout,2
peared,2
aggervatin,2
commentator,2
interference,2
kindo,2
clamorous,2
stun,2
agonizing,2
communication,2
eclipse,2
nis,2
taiárapu,2
effie,2
yacht,2
merritt,2
emma,2
responsible,2
sly,2
padua,2
consistency,2
blew,2
drab,2
ewe,2
gospel,2
"""--""then",2
massa,2
inquisition,2
imperfect,2
xanten,2
shrewd,2
abrupt,2
spout,2
collapse,2
cram,2
lonesome,2
git,2
ponnonner,2
aiding,2
outworn,2
shattered,2
antinous,2
refusal,2
cobbler,2
kepen,2
sandal,2
calmly,2
ereenia,2
kailyal,2
veeshnoo,2
ladurlad,2
extoll,2
inspector,2
polypheme,2
convoy,2
menalcas,2
ms,2
soothly,2
cometas,2
derivable,2
browse,2
sag,2
smit,2
exclusive,2
instructor,2
musket,2
blemish,2
ancestry,2
ensheathe,2
duplicate,2
incitement,2
mesmeric,2
undue,2
adjudge,2
clouds,2
beautie,2
boke,2
repute,2
crying,2
cerement,2
simultaneously,2
conk,2
mendable,2
mew,2
modred,2
adapt,2
distinctness,2
cove,2
trysting,2
eldorado,2
unwavering,2
inspired_by,2
wilderness”—the,2
lilies”—the,2
gawaine,2
appertain,2
"tree,--or",2
morrow;—vainly,2
evil!—prophet,2
foretell,2
radically,2
ptolemy,2
armes,2
onely,2
beare,2
chast,2
mee,2
upbore,2
muttering,2
rustling,2
rill,2
memoried,2
urgent,2
sparta,2
cognizant,2
closing,2
finny,2
cominge,2
woot,2
lecturer,2
comparatively,2
opponent,2
unprincipled,2
selenè,2
blessedness,2
workshop,2
dipt,2
lustrous,2
detestable,2
pitch,2
combination,2
boasting,2
dispossess,2
contemning,2
oilskin,2
housemaid,2
lint,2
aft,2
smears--,2
prescience,2
atlas,2
met,2
251,2
lethean,2
replied—“this,2
flimsy,2
tuneful,2
prov'd,2
shew'd,2
deem'd,2
flaw,2
pandora,2
reverse,2
register,2
unthought,2
babylon,2
lethe,2
versification,2
”—ed,2
toll!—l,2
tendency,2
sleek,2
combin'd,2
rigging,2
bunch,2
eustace,2
viewless,2
martyr'd,2
dian,2
sabre,2
symphony,2
dizzy,2
finishing,2
430,2
infest,2
wilder,2
athirst,2
warbling,2
resign'd,2
determination,2
venturous,2
metre,2
"hied,--",2
sentimental,2
vex'd,2
sigh'd,2
muddy,2
gone--,2
sorwful,2
endeth,2
seeth,2
defile,2
"joke""--",2
barney,2
will--,2
duster,2
reefer,2
affinity,2
anthem,2
meander,2
peach,2
lovelorn,2
saving,2
supercilious,2
fav're,2
smoth,2
sixpence,2
purchas'd,2
repress,2
nostrum,2
stomach,2
tinkling,2
craze,2
mall,2
cannonade,2
ich,2
cou'd,2
fleecy,2
poll,2
ganymede,2
milky,2
prologue,2
frederic,2
analysis,2
crescent,2
whitely,2
peona,2
gnawing,2
tristrem,2
daubing,2
beef,2
pell,2
whiffle,2
deafen,2
bother,2
draft,2
med'cine,2
propos'd,2
swerve,2
idolize,2
thinking,2
jacinta,2
found—“dew,2
forebode,2
mining,2
lammas,2
litel,2
previously,2
upstairs,2
tory,2
solemnly,2
survey'd,2
kindling,2
spar'd,2
toiler,2
hearts,2
plagues,2
opulence,2
iche,2
nearer,2
lummy,2
twig,2
decayed--,2
shag,2
man!--and,2
fo'c'sle,2
bosun,2
promote,2
whiten,2
obey'd,2
chloe,2
alterest,2
politian,2
hilarious,2
blaspheme,2
ration,2
embalm,2
eliduc,2
prior,2
valve,2
thurible,2
seaweed,2
unaware,2
aaraaf,2
bust,2
comus,2
trifles,2
"near,—the",2
nyctanthes,2
abbey,2
elm,2
eave,2
unalterable,2
hindering,2
flanders,2
eez,2
"wave,--",2
marching,2
frenchman,2
browning,2
augury,2
ashen,2
transmutation,2
reveller,2
leaguer,2
seethe,2
wrestle,2
punch,2
don't,2
unveil,2
à,2
ninepin,2
virile,2
lyf,2
rusty,2
topgallant,2
bumboat,2
berth,2
ditch,2
gait,2
unfulfilled,2
lighted,2
blushes,2
deliriously,2
mutter’d,2
unpolluted,2
palpitate,2
inevitably,2
acrid,2
day--,2
husk,2
flushed,2
rebellious,2
unkindness,2
grunt,2
dominate,2
wildwood,2
fust,2
werry,2
abjure,2
flavour,2
unshaken,2
wolfe,2
aim’d,2
adieux,2
importunate,2
heart--,2
suppr,2
rung,2
beguil’d,2
buttercup,2
larkspur,2
rouge,2
adenoid,2
heirdom,2
dimmer,2
stands,2
avon,2
callen,2
curling,2
shoal,2
devon,2
sentry,2
lawrence,2
museum,2
tranquillity,2
rive,2
dripping,2
tyre,2
kellogg,2
optic,2
pegasus,2
aspiration,2
nourishment,2
embarrassment,2
laban,2
foredoom,2
firefly,2
ribbon,2
la,2
inarticulate,2
unnumber’d,2
irresistible,2
raphael,2
surprize,2
exprest,2
littleness,2
refin’d,2
spar,2
thunderer,2
facsimile,2
thresh,2
manure,2
inexhaustible,2
betty,2
inspir’d,2
unmeane,2
discretion,2
traveler,2
sone,2
gentil,2
armitage,2
ruffian,2
morfield,2
arnott,2
julius,2
grail,2
anemone,2
pavement,2
fretted,2
lumber,2
129,2
abner,2
watch’d,2
launch,2
catalogue,2
unfathomable,2
congregate,2
tub,2
janie,2
olympian,2
columbus,2
pheneus,2
grumble,2
tyrannize,2
notoriety,2
cowardice,2
shirk,2
wailing,2
"civil,--to",2
unsettle,2
scandinavians,2
plow,2
fibre,2
chryseis,2
curly,2
hairpin,2
emulate,2
threatning,2
provok'd,2
pilumnus,2
defence,2
basis,2
holde,2
maken,2
cecilia,2
express’d,2
310,2
590,2
troye,2
fortunes,2
cringe,2
acquaint,2
enliven,2
methodistic,2
joys,2
numbers,2
scandal,2
inviolable,2
arruns,2
exultant,2
unrighteous,2
sware,2
irnfried,2
thüringen,2
blœdel,2
theophrastus,2
migrate,2
devonshire,2
mezentius,2
hush’d,2
doom’d,2
improvidently,2
scorn’d,2
long’d,2
palatable,2
gathering,2
lag,2
anticipation,2
circumstantial,2
denote,2
frontier,2
mycenae,2
390,2
aunt,2
boche,2
buffet,2
aeneadae,2
governor,2
graciously,2
goad,2
brooch,2
nursing,2
lycia,2
lycians,2
luscious,2
memorable,2
interpreter,2
perplexity,2
lausus,2
ampler,2
dennyn,2
leslie,2
waggon,2
cursèd,2
"thought--""there",2
snipe,2
"home,""--",2
decoration,2
dawdle,2
cacus,2
alternate,2
drooping,2
speaker,2
candour,2
hug,2
disconsolate,2
outshine,2
ate,2
joy--,2
tourney,2
arose,2
eschew,2
ajaxes,2
gash,2
alight,2
lair,2
penalty,2
wroth,2
limehound,2
outrun,2
balance,2
burgher,2
unfortunately,2
scyros,2
thracians,2
spacious,2
calista,2
juliet,2
decay’d,2
choice.—she,2
taught,2
sam,2
outwearie,2
fathom,2
54,2
"deaths,--old",2
aqueous,2
prowling,2
enraptured,2
bacchic,2
alba,2
limitless,2
accusation,2
gizzard,2
redden,2
smyten,2
confess’d,2
issland,2
alack,2
abate,2
scandea,2
israelitish,2
edifice,2
states,2
theory,2
felix,2
ensure,2
invest,2
quell,2
panel,2
nautes,2
acestes,2
alcides,2
uncounted,2
desirous,2
embroider,2
winner,2
overflowing,2
insist,2
ankle,2
pleasures,2
own’d,2
emely,2
scenes,2
books,2
noted,2
masters,2
sicily,2
salius,2
roebuck,2
croup,2
therefor,2
siege,2
prejudice,2
unsuspicious,2
unwearied,2
salutary,2
hee,2
phthia,2
ponder,2
measuring,2
irascible,2
pasiphaë,2
shocking,2
begotten,2
menoetius,2
eurymedon,2
clive,2
duhl,2
readier,2
toast,2
infancy,2
finery,2
promising,2
unbidden,2
exterior,2
queens,2
sweeps,2
emphatic,2
cleobulus,2
bridge,2
mercantile,2
el,2
numidian,2
cormorant,2
hoot,2
swete,2
delay’d,2
appeareth,2
--as,2
knitting,2
oration,2
translation,2
congratulation,2
bespeak,2
dar'd,2
bourne,2
judgement,2
turmoil,2
aretus,2
podes,2
bridesmaid,2
sprinkle,2
slumberous,2
gravity,2
borrow'd,2
dropp'd,2
pandarus,2
that—-i,2
stintless,2
greater,2
sublimer,2
hopeful,2
spoiler,2
tasteless,2
helper,2
ladder,2
equity,2
continent,2
throughly,2
fleer,2
doom'd,2
preferment,2
phrygians,2
laconian,2
noisome,2
brutify,2
govern'd,2
oppr,2
asteropaeus,2
assured,2
altes,2
unseemly,2
esther,2
motherhood,2
artless,2
begat,2
dreadless,2
commendation,2
iülus,2
calamity,2
recoil,2
imprison,2
perjury,2
"goodness,--i",2
role,2
javelin,2
dardanus,2
imitation,2
legitimacy,2
audacity,2
stink,2
merchandize,2
spaniards,2
ablaze,2
lasse,2
adjure,2
vileness,2
seeketh,2
burgundia,2
illusive,2
simile,2
within;--that,2
laborious,2
urn,2
rafter,2
forgot,2
fareth,2
judas,2
villany,2
salary,2
undone,2
388,2
whistling,2
maidenhood,2
odorous,2
portico,2
borrow,2
beam'd,2
wrecked,2
before--,2
tier,2
stonehearte,2
thyme,2
vastly,2
meritorious,2
factor,2
wary,2
malcontent,2
tun,2
boreman,2
assist,2
unmanly,2
juggling,2
corpulent,2
dried,2
ceremonious,2
rashness,2
jun.,2
henceforward,2
"myself,(for",2
sovereignty,2
l.,2
desp'rate,2
nick,2
flimsey,2
could'st,2
testify,2
ticket,2
appropriate,2
cowards,2
inmost,2
coverlet,2
bodice,2
invitation,2
inn,2
finite,2
infer,2
approbation,2
inanimate,2
poize,2
disagree,2
peg,2
arrant,2
corinna,2
beauties,2
inch,2
hurleth,2
promptly,2
nester,2
loser,2
intended,2
natures,2
variously,2
gotlind,2
stonde,2
seyth,2
certein,2
herte,2
wartime,2
hover--,2
omnipresent,2
mistaking,2
jot,2
revolter,2
mine,2
ise,2
seeme,2
mecaenas,2
outdo,2
feeder,2
cleanly,2
bove,2
gable,2
vagabond,2
pussy,2
denounce,2
mightst,2
scoop,2
anchor,2
contention,2
uncrown'd,2
be'st,2
rosebud,2
caresses,2
recreant,2
easie,2
trewely,2
conne,2
indamora,2
oman,2
incestuous,2
speedy,2
refuseth,2
lasciviousness,2
reck'ning,2
disarm,2
strictest,2
jehan,2
cowley,2
reach'd,2
dastard,2
infinity,2
unpitied,2
emp'ric,2
bisy,2
alwaie,2
joye,2
mon[e]y,2
atom,2
poseidon,2
woful,2
staunch,2
orion,2
merciless,2
truthfulness,2
fort,2
terse,2
leaven,2
observ'd,2
shewn,2
conquering,2
span,2
bellowing,2
politeness,2
angle,2
dubious,2
distress'd,2
sufferer,2
orchard,2
jew,2
yerk,2
freendship,2
freende,2
hailstone,2
heinous,2
jehovah,2
dip,2
be'ind,2
leopard,2
gradual,2
harrowing,2
artisan,2
firework,2
gambling,2
ritson,2
champions,2
wey,2
stitch,2
crucify,2
quench'd,2
presuming,2
coherence,2
relapse,2
misletoe,2
suitable,2
omnipotence,2
evince,2
burnish,2
teacheth,2
surer,2
orpheus,2
absyrtus,2
wolden,2
weak'st,2
moisture,2
nereid,2
languishingly,2
cassius,2
apron,2
refreshing,2
mightest,2
hephaistos,2
waxeth,2
hallowed,2
gent,2
sarah,2
inmate,2
darle,2
electra,2
firebrand,2
maria,2
streamlet,2
arouse,2
reformer,2
seneca,2
gainful,2
con,2
sighted,2
turning,2
moil,2
lop,2
maintain'd,2
anthea,2
offspre,2
palpable,2
semele,2
seemest,2
dishonourable,2
usher,2
mab,2
grosart,2
anacreon,2
scorpion,2
telle,2
drollery,2
compelling,2
sunk,2
lucille,2
ivor,2
african,2
fourscore,2
distemper,2
chang'd,2
milder,2
winne,2
serestus,2
rearrangement,2
seyd,2
plese,2
dolabella,2
inhuman,2
enforcement,2
malcolm,2
lightne,2
highland,2
hunted,2
glow'd,2
sponge,2
feigned,2
scribble,2
defender,2
ravish'd,2
martyrdom,2
sybil,2
lowland,2
bloodhound,2
"mine,—a",2
m,2
nothing,2
celebrity,2
angler,2
220,2
beautifully,2
russet,2
sorcery,2
incarnation,2
352,2
ruin'd,2
misguided,2
cheer--,2
bullock,2
campin'-ground,2
consign'd,2
contented,2
magical,2
bodiless,2
lar,2
cock,2
mite,2
amphion,2
tendril,2
eglantine,2
sith,2
cloanthus,2
prayer:--“god,2
palinurus,2
extra,2
foully,2
juturna,2
murphy,2
cossack,2
coortin,2
haven,2
spicy,2
sampler,2
provision,2
severity,2
regulation,2
tincture,2
comparative,2
satirize,2
mortification,2
grind,2
lying,2
lewis,2
brandish,2
whisper'd,2
margaret,2
battlement,2
triumvir,2
wonderment,2
accost,2
perambulate,2
guffin,2
meru,2
boil'd,2
nettle,2
arthurian,2
fervor,2
organist,2
cowper,2
raptured,2
pasteboard,2
salve,2
fellon,2
slug,2
firmament,2
glean,2
dere,2
tel,2
mccarthy,2
macgrabb,2
"sir_,--i",2
m’swilkin,2
untire,2
cupshot,2
touchstone,2
descent,2
slife,2
behaviour,2
menoitio,2
boar,2
snowflake,2
eyeless,2
amarāvati,2
trouthe,2
thraldom,2
expense,2
mutton,2
taking,2
kinyras,2
peisandros,2
bewail,2
burthen,2
allowance,2
appear'd,2
common'st,2
foresee,2
birthright,2
comparison,2
orders,2
unwise,2
landman,2
hatchet,2
eed,2
tar,2
cockerel,2
theft,2
descant,2
kythera,2
skandeia,2
undowered,2
disallow'd,2
decrepit,2
carcanet,2
twitchin,2
wade,2
dona,2
bibhishana,2
weddin'--,2
way--,2
convey'd,2
ell,2
pre,2
admirably,2
bog,2
poland,2
87,2
uncease,2
wut,2
35,2
steer,2
kolona,2
nip,2
masque,2
isabella,2
cretan,2
fivescore,2
destroyeth,2
cricket,2
unsuspected,2
claim'd,2
riper,2
swearin,2
suddin,2
flappin,2
135,2
incite,2
seemeth,2
whomsoever,2
sound--,2
do'st,2
mine--,2
s,2
gandharvas,2
overwhelm,2
vrihaspati,2
purandara,2
siva,2
banishment,2
mart,2
degrading,2
play:--,2
cherry,2
soule,2
burn'd,2
handfast,2
twitter,2
incredulous,2
oene,2
wither'd,2
remonstrance,2
280,2
claret,2
coquettish,2
chalky,2
faction,2
signior,2
bass,2
den,2
seyde,2
fyr,2
peyne,2
dardanians,2
desireth,2
discreet,2
sash,2
goldsmith,2
idler,2
nauseous,2
crost,2
molest,2
names,2
falle,2
colored,2
strain'd,2
glaukos,2
cheeked,2
canada,2
speeched,2
kinnaras,2
sakra,2
perpetually,2
demon—’o,2
conch,2
pushpaka,2
divest,2
loveth,2
madonna,2
dominion,2
dey,2
glint,2
be--,2
nos,2
maturity,2
characterise,2
pow'r,2
veteran,2
discernment,2
champagne,2
boundin,2
glassy,2
wakeful,2
wooer,2
loath'd,2
1631,2
prefix,2
wende,2
bothe,2
limn,2
i]s,2
dissimulation,2
petulance,2
elate,2
90,2
perjure,2
diomedes,2
outstrip,2
anteia,2
bewray,2
hebrew,2
savor,2
now--,2
jovial,2
sanctify,2
mechanic,2
greatness,2
habitually,2
successive,2
delia,2
softe,2
bringe,2
loves,2
plesaunce,2
meaner,2
vi,2
alloy,2
howqua,2
falleth,2
bluet,2
lakshmana,2
speckled,2
dalliance,2
wasteth,2
humorous,2
porch,2
sterling,2
oineus,2
ætna,2
dowry,2
protean,2
behoveth,2
silas,2
bunche,2
scan,2
preliminary,2
horseback,2
ridicule,2
bachelor,2
bob,2
pudding,2
calkas,2
sugriva,2
vāsava,2
bedeck,2
unwounde,2
breaketh,2
bastard,2
light'ning,2
damon,2
subsist,2
decrepitude,2
excelling,2
volcano,2
potency,2
pertain,2
seasoned,2
entrust,2
feeding,2
ares,2
gorge,2
missermis,2
polish'd,2
satiate,2
patch'd,2
lynceus,2
betake,2
forfeiture,2
deplore,2
thankful,2
toledo,2
siesta,2
enwrap,2
stablish,2
battalion,2
orator,2
stanchion,2
prescription,2
len,2
weekly,2
organic,2
demonstrate,2
"accents:—""o",2
danaan,2
kent,2
steadfastness,2
route,2
penelope,2
puru,2
wishest,2
kusa,2
corporal,2
houses,2
undeserving,2
examine,2
mediocrity,2
irritate,2
specie,2
mesh,2
attribute,2
satrughna,2
limited,2
sensuous,2
primary,2
captivate,2
outwear,2
deride,2
distracted,2
musician,2
turnèd,2
esteemed,2
embark,2
leaderless,2
deceiver,2
assembly,2
enamel,2
sinne,2
succession,2
swobbe,2
d'you,2
mortenson,2
politely,2
troll,2
outdoors,2
disregard,2
embraceth,2
swaggerer,2
characterize,2
lower,2
140,2
adverse,2
afrael,2
grav'd,2
soone,2
doesn't,2
17,2
footing,2
commodity,2
whiff,2
sublunar,2
meditating,2
arrival,2
isabel,2
identity,2
proposition,2
rāmāyana,2
vasundharā,2
elysium,2
hawkins,2
exalted,2
attest,2
himselfe,2
thinke,2
blaggard,2
welth,2
turne,2
ercall,2
warding,2
beaker,2
sib,2
bestower,2
wotte,2
masefield,2
university,2
ember,2
touch’d,2
retain’d,2
address’d,2
sceptic,2
mud,2
fleshy,2
swamp,2
lindsay,2
assistant,2
sulphur,2
remorseful,2
1917,2
said--,2
sorcerer,2
marian,1
freeborn,1
pollaxe,1
cloudesly,1
37,1
baron,1
"wood,[83",1
maxwell,1
sleeper--,1
ratten,1
rut,1
perfet,1
o’ercome,1
160,1
skyline,1
swipe,1
hoovey,1
delight--,1
flowers,1
leaving,1
tautened,1
clang,1
ma'am,1
alabaster,1
forwent,1
astrophel,1
churle,1
manie,1
seeke,1
flattre,1
sinfull,1
needie,1
mightie,1
mischiefe,1
twit,1
ew,1
increaseth,1
felicitie,1
ritch,1
toyle,1
scorne,1
mocke,1
booke,1
indecencie,1
miserie,1
lillye,1
candie,1
kindne,1
pearle,1
deeme,1
pandor,1
staine,1
bereav'd,1
meane,1
doo,1
shepheard,1
810,1
bolster,1
dighte,1
meter,1
spareth,1
undarkly,1
wounden,1
floater,1
heavens,1
stain'd,1
behalse,1
findeth,1
staind,1
steeme,1
fayre,1
withall,1
dealeth,1
letteth,1
syth,1
shifting,1
recke,1
welter,1
beworthy'd,1
rune,1
easement,1
weapon'd,1
wotted,1
handsel,1
adorn'd,1
stead,1
silenter,1
flyte,1
atheling,1
uptower'd,1
healfdene,1
splent,1
mercie,1
scorning,1
lightenst,1
jealozie,1
discerne,1
anie,1
swaine,1
prevaile,1
tyce,1
margerum,1
hearb,1
hosting,1
unaged,1
beholdeth,1
2740,1
onela,1
heedeth,1
remember'd,1
grievously,1
unfey,1
longsome,1
theow,1
2120,1
o'erpast,1
sithence,1
unguileful,1
heathobards,1
nail'd,1
guendolen,1
melodie,1
freshwater,1
floras,1
ayre,1
reade,1
sugred,1
tooke,1
licor,1
beene,1
brising,1
wulf,1
carle,1
soul'd,1
owning,1
2820,1
place----as,1
ganimede,1
ladie,1
rigour,1
perorate,1
"moon,--which",1
transmute,1
conversion,1
sleep!--'tis,1
richly----,1
competition,1
congressional,1
transcendentalist,1
unprejudiced,1
offa,1
brisinga,1
excavation,1
fratricide,1
embolden,1
heaven--,1
pythagoreans,1
corporeal,1
commensurate,1
gerfalcon,1
intelligibly--_i.e,1
anticipated,1
dealing,1
spoiled,1
wilful,1
verb,1
irradiation,1
conjugal,1
symbolize,1
platonic,1
senseful,1
coalesce,1
nourished,1
consonance,1
servitude,1
sauce,1
deceptive,1
plaintiveness,1
poisonous,1
adroitness,1
baseless,1
combed,1
agency,1
aperture,1
worthily,1
interrogate,1
frankfort,1
improvisation,1
reconstruction,1
disgusted,1
toulouse,1
degradation,1
witizia,1
alcayde,1
licentious,1
craig,1
grosket,1
holmes,1
unhappily,1
mutable,1
moveth,1
arabella,1
constable,1
retouch,1
nola,1
inparadiseth,1
seducively,1
fortify,1
upholden,1
reverentest,1
smarteth,1
holdeth,1
distr,1
scrooge,1
hamlet,1
tans,1
classification,1
superintendent,1
brigham,1
expectorate,1
emphatically,1
arethusa,1
siloa,1
kuhbach,1
herr,1
stove,1
annoyance,1
gourd,1
accurs'd,1
diapason,1
hyaena,1
undeserved,1
animadversion,1
aladdin,1
pretense,1
hatefull,1
overruleth,1
thame,1
liv,1
t'attend,1
wounding,1
lucid,1
potato,1
exhibition,1
forceful,1
polygon,1
euphonious,1
grocer,1
kenny,1
uwin,1
rebecca,1
appearing,1
saw'st,1
th'effect,1
unsure,1
t'have,1
t'arabian,1
sh'hath,1
degraded,1
unkindest,1
signer,1
dandy,1
"800,000",1
innermost,1
bombastically,1
unfire,1
untutore,1
sonnetting,1
done--,1
sans,1
renouvele,1
qu'ils,1
imbue,1
knickerbocker,1
bryant,1
eel,1
gilmer,1
mosh,1
castellan,1
almanack,1
alienate,1
unalloye,1
maid--,1
drear,1
perished;--feverish,1
sportive;--about,1
tempereth,1
given?--,1
thralle,1
fig,1
anciently,1
sephora,1
lilly,1
o'erflowe,1
breast--,1
environment,1
soakt,1
shockt,1
bloodshedde,1
apologise,1
yarn,1
kilt,1
basely,1
redound,1
friendship--,1
rendering,1
unquestioningly,1
tasteful,1
conceite,1
iridescent,1
show'rs,1
battery,1
bosom--,1
pinafore,1
loudest,1
hands,1
compassionate,1
begins,1
shadowless,1
yestermorn,1
nebber,1
banjos,1
chichester,1
comelier,1
roundelay,1
ironstone,1
amain--,1
pill,1
resoluteness,1
"not,--i",1
cockshot,1
petrify,1
"sea,--forever",1
handiwork--,1
nothing!--still,1
bertho--_even,1
implacable,1
unblossomed,1
backt,1
fingering,1
thresher,1
lamplighte,1
ripen'd,1
amain,1
"be,--worth",1
arctics,1
105,1
spell[32,1
agonize,1
threshhold,1
"air--""slave",1
"vain,--",1
beareth--,1
confluence,1
stultification,1
shapt,1
plain'd,1
unsyllabled,1
frailest,1
abandonment,1
theirn,1
islan,1
ez,1
nary,1
apart--,1
canaan,1
ending,1
minstrelsy--,1
delilah,1
freedom--'tis,1
nightstorm,1
"joy,--to",1
chattle,1
auctioneer,1
"course,--like",1
shimmer,1
wuz,1
hev,1
pervidin,1
n,1
genoa,1
jonson,1
lyrist,1
66,1
glen,1
farthermost,1
deliv'rance,1
van,1
hurrah,1
castilian,1
premeditated,1
gret,1
sparse,1
auburn,1
mound,1
ribboned,1
hewing,1
"mien,[13",1
druid,1
freshen,1
nag,1
sisterhood,1
unquestione,1
250,1
sech,1
bumblebee,1
druv,1
yit,1
enfranchised,1
swimming,1
insubstantial,1
innative,1
plutarch,1
limbed,1
93,1
coronet,1
commingled,1
"wood,--",1
perspire,1
ambrosia,1
outlast,1
crystalline,1
305,1
pitiable,1
festivity,1
seneschal,1
fretwork,1
crust,1
outpost,1
atilt,1
143,1
jocasta,1
denounc'd,1
zonulet,1
unmov'd,1
fledgling,1
nooning,1
whispers,1
swamps,1
wanders,1
lawny,1
tirynthian,1
iphiclus,1
bologna,1
editorship,1
hosea,1
zenobia,1
superbly,1
"undone,--",1
--holy,1
nourishing,1
pilferer,1
despisèd,1
whatso,1
grewsome,1
caravan,1
"true,--",1
"it,--yet",1
"nothing,--ah",1
hidden:--you,1
"of,--is",1
sufficiency,1
"nay,--act",1
"fair,--",1
"sabbath,--and",1
"faces,--macpherson",1
"anything,--all",1
give--_the,1
kingship,1
amarillis,1
amintas,1
wether,1
buff,1
strewing,1
in't,1
lock'd,1
prizest,1
brusle,1
forfend,1
apostate,1
unthrift,1
t'a,1
perenna,1
bring'st,1
noiseless,1
becalm,1
sprig,1
links--,1
subsistence,1
retract,1
unrude,1
--would,1
"you!_""--she",1
iteration,1
worshipping,1
"alice,--my",1
"--""'ti",1
couch'd,1
plutarch;--yes,1
thunderous,1
syrup,1
enclarete,1
westminster,1
incorruption,1
"her,--the",1
irk,1
"summer,--spoile",1
"work,--the",1
thoughtfull,1
disputant,1
"world,--",1
"now,--these",1
unmortgaged,1
aped,1
disparkle,1
guard--,1
clipseby,1
expos'd,1
docility,1
heart's,1
cozened,1
eunuch,1
cleopatra[3,1
strumpet,1
aetna,1
dissembling,1
upbraid'st,1
469,1
compression,1
fashion'd,1
irksome,1
anaxaretes,1
phyllis,1
woes,1
straiter,1
"child,--",1
merrifield,1
armed:--,1
for't,1
out:--what,1
philippi,1
"say,--he",1
transcendent,1
tully,1
tyrinthian,1
iphyclus,1
randolph,1
pinnacle,1
exempt,1
testament,1
haphazard,1
pomander,1
614,1
mix'd,1
infanta,1
syren,1
besmear'd,1
storax,1
satirus,1
phillis,1
alcinous,1
orchards,1
aglad,1
omitting,1
brussle,1
bridemaids,1
turtles,1
auspicious,1
striding,1
hectors,1
dedication,1
peruke,1
travaille,1
christen,1
wantonness,1
hippolitus,1
palled,1
civill,1
cutting,1
husbandman,1
needihood,1
concur,1
ribanding,1
put'st,1
malecontent,1
isthmus,1
distributive,1
wilkes,1
oldfield,1
davy,1
nereids,1
wager,1
worthiness,1
discruciate,1
698,1
admir'd,1
maronian,1
adulce,1
ventidius,1
cam'st,1
coyness,1
commanders,1
gentlewoman,1
apprehensive,1
unequivocally,1
rhyming,1
prostitute,1
benumb,1
repullulation,1
793,1
heliogabalus,1
progermination,1
737,1
sepulchre,1
times,1
unlawful,1
own--,1
befal,1
forced,1
sully,1
edict,1
place;--,1
you.--see,1
aureng,1
gave;--,1
wantonly,1
leaky,1
th'art,1
949,1
unknitting,1
comminglèd,1
di,1
baseness,1
"part,--",1
rudely,1
"last,--and",1
1032,1
distaff,1
bewash,1
w'ave,1
diffused,1
colour'd,1
jet,1
candlemas,1
sportively,1
quorum,1
reconverse,1
"him,--he'll",1
sharon,1
preaching,1
is't,1
bloodiest,1
suff're,1
concurrence,1
vigilant,1
pierides,1
recure,1
1043,1
nutmeg,1
emasculate,1
socrates,1
pretend;[2,1
promiscuous,1
sabean,1
enervate,1
intrench,1
appear;--,1
ambitiously,1
morat,1
surat,1
cabal,1
mulgrave,1
petronius,1
benedicite,1
thursday,1
punish'd,1
remission,1
perfum'd,1
crumb,1
unprepar'd,1
bruised,1
tri'd,1
allurement,1
uniformal,1
bruis'd,1
derogate,1
novity,1
larder,1
hypostatical,1
uncomely,1
inconfused,1
faithfulness,1
lahor,1
foreknow,1
overpay,1
expr,1
statius,1
qualify,1
"long,--i",1
remoter,1
hop'st,1
unhid,1
mover,1
tost,1
illumination,1
drench'd,1
sublim'd,1
offending,1
urbanity,1
earring,1
benumbs,1
cinnamon,1
scum,1
decency,1
judiciously,1
despairing,1
anchorite,1
impossibility,1
corrupted,1
ey'd,1
prig,1
scab,1
ecroyd,1
elveship,1
prized,1
patristic,1
messius,1
seducing,1
boor,1
nobleman,1
rivelle,1
roasted,1
scaevola,1
"harman,--now",1
amboyner,1
386,1
muscadine,1
lather,1
grubs,1
untruth,1
maggot,1
lick,1
divel,1
trencher,1
dormice,1
quadruple,1
beamont,1
fiscal,1
nectarous,1
harpalyce,1
habitant,1
seam,1
"poetry,--its",1
378,1
389,1
385,1
407,1
brindice,1
go--,1
"death,--at",1
monotony,1
witness'd,1
declar'd,1
overact,1
notoriously,1
factory,1
dioclesian,1
amboyna,1
remain'd,1
laocoön,1
261]and,1
tritonian,1
rejoicingly,1
fodder,1
rickety,1
acknowledgment,1
declamation,1
deny'd,1
mutter'd,1
deploring,1
andromache,1
pyrrhus,1
thymbra,1
disembark,1
tyndarus,1
repayment,1
scyrian,1
dymas,1
reprov'd,1
cleofas,1
israelites,1
chancellor,1
tommy,1
flirt,1
jewelry,1
peruvian,1
resent,1
voluminous,1
cacao,1
last!--to,1
saturnian,1
tigress,1
hyrcanian,1
cytherean,1
159]shall,1
twin'd,1
requiem,1
bentley's[6,1
pensively,1
kiouan,1
averse,1
overwhelmed,1
nestling,1
aceste,1
bidden,1
dally,1
soch,1
distrustful,1
beckmann,1
barbarous,1
solemnize,1
silvery,1
li,1
peeled,1
incapable,1
juncture,1
cascade,1
rossettis,1
brine,1
easeful,1
clue,1
senator,1
blazing,1
ju,1
tou,1
overset,1
trinculo,1
impertinence,1
tchin,1
revery,1
domain,1
christs,1
heavey,1
them.~,1
~why,1
truly--,1
auruncan,1
thicket,1
therewithal,1
458]latins,1
dardania,1
settler,1
outlet,1
marcellus,1
lingering,1
"me?""--",1
tyrrhenia,1
hell?--,1
magnanimous,1
erudite,1
woo'd,1
licymnos,1
unaccomplished,1
messapus,1
magnificence,1
tyrrhene,1
memorial,1
undared,1
solemnise,1
given--,1
145,1
47,1
hearten,1
unasked,1
heighten,1
penal,1
murm'ring,1
extream,1
bus'ness,1
tim'rous,1
persons,1
painted,1
nursest,1
arcadia,1
glazing,1
ilus,1
populonia,1
lydian,1
rutulians,1
225]and,1
amata,1
enraged,1
curses,1
baw'd,1
minutes,1
winged,1
confirm'd,1
comforts,1
medlers,1
disorders,1
cancel'd,1
slacken,1
tarchon,1
unspoile,1
confin'd,1
petre,1
dispens'd,1
chekt,1
changle,1
blustre,1
nostrils,1
tortur'd,1
g----d,1
cursus,1
whensoever,1
designer,1
854]this,1
hangest,1
lacking,1
squadron,1
harmonv,1
untam'd,1
shoars,1
antiently,1
salvation.—certaine,1
receyve,1
cense,1
syringa,1
iridescence,1
spatter,1
nenuphar,1
"me,--and",1
toothless,1
dead.--,1
emboss,1
cursu,1
reiver,1
settling,1
spurt,1
geometry,1
leveret,1
saleswoman,1
turgid,1
detain,1
frankincense,1
blossoming,1
patter,1
lilac,1
laburnum,1
crowded,1
sheen,1
flowering,1
perennial,1
bad’st,1
brooding,1
dream!”—now,1
"hung,[v",1
guacanahari,1
war;[s,1
mounting,1
scatter’d,1
are!—we,1
antient,1
"ninth,--we",1
churchyard,1
snowdrop,1
luggage,1
shoe,1
"crease,--",1
prelusive,1
"verandrye,--",1
upsprings,1
abnegation,1
gav,1
fateful,1
quintessential,1
gorget,1
smoulder,1
gondola,1
"flower,--then",1
hickory,1
perch’d,1
recall’d,1
playful,1
accidentally,1
medicis,1
sheds,1
mosaic,1
inscribe,1
mém,1
gulliver,1
uttermost,1
aldebaran,1
pleiads,1
nard,1
"sun,--the",1
hap,1
viscid,1
slimy,1
inappellable,1
resign’d,1
dar’d,1
bequeath’d,1
"weep,[12",1
trinity,1
croon,1
unblown,1
crotchety,1
empearle,1
unhandsome,1
sly--,1
criticize,1
swimmer,1
tissue,1
persistence,1
mutely,1
unconventional,1
hedda,1
ibsen,1
"friday_.--""do",1
meteorite,1
abut,1
cloven,1
stepping,1
horizontal,1
lope,1
napiw,1
converge,1
outsurge,1
unblemish’d,1
research,1
stretch’d,1
hawking,1
ewer,1
bin,1
woud,1
peeple,1
oberon,1
chubson,1
brum,1
mow,1
reconciliation,1
piggy,1
languidly,1
fertile,1
laura,1
vaucluse,1
votive,1
oscar,1
unlimited,1
whop,1
junior,1
lacketh,1
reszké,1
maire,1
drowning,1
anaesthetic,1
crusader,1
brazier,1
taverners.--,1
inviolate,1
garlanded,1
triumpher,1
"shame,--",1
patina,1
etruscan,1
labyrinthine,1
outwith,1
were--,1
irise,1
woundingly,1
apocalypse,1
undersong,1
reaction,1
servile,1
peliad,1
ironic,1
cherubim,1
daemonic,1
academy,1
frustrated,1
overhear,1
involuntarily,1
neologise,1
nothink,1
shortsighted,1
hedvig,1
sörby,1
gina,1
bah,1
agonise,1
cureless,1
heresiarchs,1
"soul,--",1
unisons?--fair,1
archaic,1
teacher'd,1
inexplicable,1
guilliadun,1
respectfully,1
vial,1
compatible,1
ultimately,1
selection,1
prettiest,1
reserved,1
switchy,1
lion--,1
valentine,1
amos,1
dulcimer,1
broiderie,1
indecency,1
affirm'd,1
unrevealed,1
plenar,1
solemnized,1
meynie,1
moderately,1
dunces,1
agile,1
"there""--she",1
dormouse,1
b,1
rapping,1
meditatively,1
said:--,1
outlandish,1
frain,1
yede,1
tway,1
therfore,1
wite,1
seth,1
thinge,1
antidote,1
ode,1
equall'd,1
oaths,1
mildews,1
writers,1
welsted,1
poetaster,1
inspirer,1
rul'd,1
dotard,1
accustom'd,1
conclusive,1
nilant,1
fabulist,1
nomerei,1
udderless,1
phantasy,1
hymns,1
e're,1
invective,1
dray,1
segge,1
ween'd,1
abbess,1
fal,1
english.--_sir,1
"mind_,[1",1
minstralle,1
began.--,1
temporize,1
restrain'd,1
legion'd,1
care?--juliet,1
cressid,1
primrose,1
sojourn,1
spiked,1
"dream!""--""she",1
armful,1
widow'd,1
nipple,1
paining,1
overwe,1
delicatest,1
clos'd,1
540,1
stretch'd,1
juicy,1
tinted,1
rings--,1
herded,1
deucalion,1
dipp'd,1
"me,--for",1
character'd,1
fabliaux,1
billows:--when,1
deserter,1
depress,1
disapprov'd--,1
exceptive,1
blam'd,1
osvalde,1
despondence,1
pronounc'd,1
protector,1
buz,1
plenitude,1
tiptop,1
ear'd,1
mealy,1
"""--""now",1
theban,1
reign'd,1
"son!""--",1
920,1
callow,1
830,1
neptunus,1
deliverer,1
upturn'd,1
piously;--all,1
accomplish'd:--if,1
"adieu!""--as",1
breath.--by,1
rais'd,1
vision.--dear,1
dibble,1
basil,1
fetter'd,1
interpose,1
ring--,1
langton,1
secluded,1
lur'd,1
viand,1
endearment,1
controul,1
draught--,1
plainful,1
"sleeper,--all",1
puls'd,1
shadow'd,1
"blossom!""--_woe",1
miletus,1
motto,1
meanness,1
disdain'd,1
"only,--no",1
stile,1
vested,1
buck,1
shun--,1
deserving,1
seemlihe,1
890,1
880,1
680,1
illumining,1
"fountains,--thine",1
delver,1
harpalicus,1
phocian,1
noose,1
suborn,1
accepts—(he,1
zohar,1
applicability,1
astute,1
dupin,1
accepted,1
"imagery,--it",1
"""--norman",1
delian,1
syracuse,1
fringe,1
cylinder,1
weanle,1
delos,1
kingli,1
creondæ,1
thug,1
grandly,1
by'r,1
that’—but,1
mainmast,1
cleverly,1
frightening,1
mathematician,1
pomegranate,1
seashell,1
socket,1
individualized,1
shielded,1
maniacs)--for,1
bird--,1
argo,1
kissing,1
say--'live,1
twain'--let,1
irreverence,1
unanswerability.—a,1
omniprevalence,1
permeate,1
cum,1
totally,1
kempelen,1
vortex,1
echoes,1
ennuyé,1
vitality,1
cicada,1
o'ercredulous,1
cushat,1
cudgel,1
morson,1
nymphs,1
sobbing,1
alcohol!—and,1
clairvoyance,1
compiler,1
impede,1
investiture,1
corporate,1
"all,—i",1
accessory,1
lycopas,1
prythee,1
horsehair,1
crocylus,1
hi,1
browe,1
amaryllis,1
sybarite,1
delphis,1
thestylis,1
populace,1
antagonistical,1
logical,1
irreducible,1
marriageable,1
scour,1
idyll,1
æschines,1
hexameter,1
translating,1
ither,1
pelisse,1
sol,1
arabesque,1
affectation,1
cornice,1
pliny,1
satyr,1
gauze,1
springy,1
"witches:--""have",1
unsheltered,1
surprizingly,1
dispositione,1
asseveration,1
julien,1
pulsation,1
demoniac,1
rumor,1
masonry,1
conjure,1
madras,1
illustrative,1
adduce,1
generality,1
enviable,1
jasmine,1
suff'ring,1
not;--'tis,1
chastened,1
"mine,--our",1
crownèd,1
vegetation,1
fastidiously,1
ponto,1
odor;—there,1
vanishe,1
daintiness,1
composure,1
exaltation,1
geological,1
carrot,1
"bird,--",1
deserved--,1
"for,--somethe",1
"belovèd,--i",1
"known,--a",1
process,1
"literature,--through",1
pleasantly,1
himself—“it,1
helplessness,1
naples,1
perception,1
enfeeble,1
gradation,1
phantasmagoric,1
irregular,1
plank,1
nantucket,1
insufferable,1
ham,1
conjecture,1
goddin,1
bee’nt,1
incipient,1
evaporate,1
”—see,1
pigeons.—“_travel,1
"2,230,272,000",1
ephemeron,1
æolus,1
trancèd,1
flow'rs,1
snowdon,1
bramshill,1
cayenne,1
xxiv,1
alftruda,1
rookle,1
paladin,1
wattle,1
bumble,1
hammock,1
moriche,1
obeah,1
whar,1
junk,1
unmanned,1
compete,1
what--,1
love--,1
freya,1
ambri,1
wendel,1
winil,1
voiced,1
leeward,1
mattress,1
determinate,1
sew,1
blotch,1
party;—besides,1
pacific,1
sliding,1
aves,1
loon,1
gangrel,1
looe,1
laverock,1
mither,1
wha,1
diagonal,1
atrevida,1
patterson,1
tortoise,1
rekindle,1
parker,1
"it,—the",1
liver,1
hollander,1
whoop,1
seely,1
clepen,1
burley,1
fause,1
braw,1
aimless,1
incorporeal,1
uncontrollable,1
delineation,1
concussion,1
disposition,1
jabbering,1
flop,1
masthead,1
saumon,1
homeric,1
devourer,1
thirsting,1
immortals,1
"athene,--",1
imbibe,1
alleviate,1
perversity,1
father!—shall,1
immerse,1
intentness,1
verge,1
pym,1
tsalal,1
arrangement,1
harrow,1
shipman,1
aethiop,1
cepheus,1
phoenics,1
lovers,1
lora,1
osborne,1
magnetic,1
fanatico,1
horrorless,1
animosity,1
bedloe,1
turbane,1
morella,1
perceptible,1
coloring,1
beyond--,1
"sublime,--",1
unrepress'd,1
priz'd,1
residue,1
minstrelsy,1
louisa,1
strictly,1
donce,1
portraite,1
dese,1
otello,1
midsummer,1
indecorous,1
lalande,1
still;—don’t,1
basalt,1
part--,1
sincere--,1
jamestown,1
brightening,1
colony,1
darting,1
o'-wisp,1
refrain--,1
dubble,1
fit”—a,1
liberally,1
curmudgeon,1
superficially,1
rig,1
gouty,1
broken:--o,1
women--,1
complacence,1
them--,1
tinsel,1
sundown,1
wished,1
peremptory,1
frederick,1
nopolis,1
em,1
style;—he,1
i:—so,1
perfectibility,1
proboscis,1
murther,1
won,1
blows!--go,1
sinuous,1
relie,1
etrurian,1
teetotum,1
trombone,1
fascination,1
"asked,—“the",1
oratory,1
derange,1
words—“do,1
forethought,1
commendable,1
unearthly,1
shivering,1
genie,1
baboon,1
"me,—a",1
civility,1
metaphysic,1
flippant,1
quack,1
loudness,1
snob,1
disposal,1
nascent,1
granary,1
untroubled,1
flattered,1
admetus,1
unstinted,1
wry,1
apathy,1
repair--,1
compels,1
unpunished,1
lur,1
wizardry,1
covering,1
nile,1
unlearn,1
duello,1
pinch,1
scoundrelly,1
delly,1
scimetar,1
dunder,1
blackwood,1
guineas,1
decamp,1
wafer,1
forbore,1
sickle,1
disobey,1
ministrant,1
brawl,1
lares,1
scoundrel?—didn’t,1
water!—didn’t,1
finder,1
housekeeper,1
query,1
ritzner,1
hermann,1
predicament,1
ovid,1
bethesda,1
mayflowers,1
afterglow,1
harangue,1
slouch,1
incredulity,1
goot,1
dis,1
eder,1
vor,1
pucker,1
trepidation,1
syllable,1
catechism,1
merchandise,1
hobby,1
amused”—and,1
mystification,1
enduring,1
myself—“somethe,1
abnormally,1
shrug,1
besprinkled,1
duc,1
enamored,1
outbid,1
travelling,1
pundit,1
negative,1
pe,1
pregnancy,1
obliquity,1
unfair,1
fools!—they,1
wouldn’t,1
fama,1
jerk,1
zopyrus,1
purchaser,1
unmentionable,1
sepulchral,1
tenuity,1
lath,1
lachrymatory,1
conduit_—as,1
chemin,1
belied,1
brevet,1
arbutus,1
wrecker,1
mainland,1
tryst,1
stowe,1
orr,1
blindfold,1
trouvere,1
overmatch,1
"pity,--haply",1
luca,1
kickapoos!—fought,1
figuratively,1
course?—you,1
argonaut,1
pennock,1
restful,1
outline,1
"day,--",1
mower,1
cheerily,1
cusk,1
brier,1
kerchief,1
houseless,1
dependence,1
muddle,1
companionship,1
wellingtons,1
methodical,1
forgiving,1
"where,--",1
laurels,1
aroma,1
arno,1
mather,1
kenoza,1
measureless,1
cedarcroft,1
man:—for,1
au,1
succumb,1
brewster,1
unlife,1
automaton,1
treville,1
dawns,1
tyrtman,1
underlaid,1
skinned,1
geyser,1
annoy'd,1
cornelia,1
biped,1
quadruped,1
0,1
noiseless-,1
heaven-,1
depressed,1
unendurable,1
unworldly,1
homesick,1
trafficker,1
lettered,1
discoursing,1
canning,1
unfeigned,1
tearful,1
xi,1
connecticut,1
maine,1
veiled,1
oriole,1
miscellany,1
quadrupe,1
sparingly,1
waylay,1
"her,--i",1
borneo,1
"i,--the",1
magyar,1
befits,1
scarecrow,1
grotesque,1
skunk,1
sloshy,1
birnam,1
los,1
easy--,1
buddy,1
cadaverous,1
ingredient,1
"above,--",1
outreache,1
gizeh,1
foliage,1
canonize,1
anointed,1
exceedeth,1
prompting,1
nehemiah,1
moonrise,1
afterthought,1
scattered,1
you?--,1
intimate--,1
kisses--,1
rooted,1
francisco,1
laugher,1
jazer,1
mournfully,1
godspeed,1
stronger,1
pedler,1
assyria,1
inscrutably,1
ascending,1
apparition,1
watchman,1
somber,1
lethargy,1
throned,1
sideways,1
telegraph,1
horny,1
126,1
125,1
123,1
119,1
82,1
76,1
71,1
inconstancy,1
46,1
"ditty--""my",1
nicholas,1
intricately,1
corrupter,1
unbodie,1
quailing,1
earthling,1
arapahoe,1
bison,1
scattering,1
nearing,1
peddle,1
priesthood,1
keys,1
imposing,1
woman!--dear,1
ceiba,1
bejuco,1
daguerreotype,1
poss,1
dea,1
kindleth,1
converteth,1
actieon,1
"yucatan,--",1
yesternight,1
rode,1
seamen,1
minos,1
unground,1
untie,1
unlov'd,1
burthen'd,1
"cheek,--",1
construe,1
"thee,--wolve",1
virginian,1
calhoun,1
dervis,1
proclaimed,1
katahdin,1
stifled,1
capsize,1
freshly,1
107,1
114,1
61,1
killing,1
grenade,1
do't,1
fleetest,1
lasteth,1
schoolman,1
craftiness,1
overrule,1
"chains,--",1
"choice,--pollution",1
tablet,1
tarleton,1
jutland,1
plumy,1
leman,1
grievest,1
doate,1
butlers,1
outlaw’d,1
"o'er,--",1
overcoming,1
woven,1
1861,1
crosi,1
"glade,--",1
past--,1
litten,1
jaguar,1
her--,1
nectare,1
forgot--,1
starred,1
canna,1
responsive,1
sequin,1
agleam,1
exil’d,1
ranild,1
libel,1
1835,1
god',1
bedizen,1
unthankfulness,1
guilelessness,1
bethlehem,1
marche,1
uncover,1
direful,1
cowardly,1
vain--,1
thus?--,1
ray--,1
adorning--,1
knighthood,1
gold--,1
queenlier,1
unlived,1
vista,1
"yet--""_i",1
illumed,1
songless,1
upland,1
eftsoon,1
bowed,1
dreamful,1
silvern,1
reverently,1
lifts,1
dwells--,1
ethiop,1
beds--,1
jessamine,1
regenerate,1
"cease,--",1
noticeable,1
need'st,1
unmerite,1
unforced,1
litany,1
galilee,1
comprehendeth,1
charlie,1
"hate,--i",1
"christ!""--but--""be",1
lies----,1
replete,1
wing--,1
stainless,1
remiss,1
"wearily,--",1
heart!--nor,1
decideth,1
"god,--",1
returning,1
"men,--",1
discussion,1
cleansing,1
bully,1
"grub,--and",1
swung,1
"died,--",1
grandest,1
"wore,--",1
robes,1
loumor,1
--to,1
--man,1
"well,--",1
sunflower,1
hireling,1
avatar,1
"tread,--",1
rhythmic,1
uriel,1
"this,--",1
drumming?--,1
pass.--beware,1
gell,1
that?--,1
this!--,1
levites,1
skew,1
answerest,1
surviveth,1
keenness,1
sinfulness,1
unutter'd,1
portrait.--eve,1
jewel'd,1
colossus,1
deck'd,1
consoling,1
boaster,1
please:--yet,1
hear'st,1
signild,1
poetry:--but,1
pomfret_;--when,1
honored,1
blundering,1
aweful,1
us;--to,1
recollect,1
phidian,1
reunite,1
lengthened,1
drops,1
shone;--what,1
honora,1
love.--so,1
warp,1
worlds!--all,1
allies;--and,1
"whither,--",1
outlive,1
outwearying,1
pausing,1
pard,1
arachthus,1
"thee,--rest",1
departed,1
ringlet!--still,1
”--nothing,1
maze!--his,1
darkle,1
craz'd,1
virtue?--ah,1
inspir'd.--their,1
crook,1
lend'st,1
unselfishness,1
woodchuck,1
"view,--",1
selborne,1
apollonius,1
ravine,1
profligate,1
augur,1
prisoners,1
brooke,1
valgius,1
munatius,1
convivial,1
sequester'd,1
hazy,1
palmer,1
servitor,1
yarrow,1
floral,1
patmos,1
scarf,1
striking,1
impassione,1
knead,1
unalloy'd,1
celebration,1
blackberry,1
"joy,--",1
nighty,1
pumpkin,1
islam,1
outbound,1
salted,1
oaken,1
1853,1
rid,1
swordless,1
i'm,1
gowned,1
rooms,1
determineth,1
shapely,1
expediter,1
gooseberry,1
grandma,1
negligence,1
script--,1
life--,1
flounder,1
inland--,1
exterminate,1
enlightened,1
"then,--'this",1
g----n,1
spoilt,1
citizenship,1
epaminondas,1
antic,1
reasoner,1
vega,1
bloom!--,1
dragged,1
names--,1
keenest,1
"ask,--so",1
"happen,--",1
lens,1
"sea,--",1
1860,1
plaything,1
wampum,1
bromio,1
flamboyant,1
tanagra,1
officiate,1
spilt,1
frost--,1
cress,1
licker,1
cracknel,1
bake,1
sages,1
tibbets,1
unfed,1
maurice,1
poultry,1
rooster,1
embroider'd,1
tight,1
right:--,1
cult,1
fissure,1
clytomeos,1
tamer,1
ermine,1
dabbled,1
wigwam,1
"years,--",1
texts,1
marvelling,1
teamster,1
oglethorpe,1
"hard,--",1
darkest,1
can't,1
herewith,1
balsam,1
hallo,1
gravel,1
knasper,1
cavil,1
leah,1
rebuff,1
cimbri,1
homestead,1
goody,1
amesbury,1
armored,1
"look,--as",1
would.--i,1
poking,1
"business,--if",1
miraculously,1
1859,1
garner,1
corn!--,1
sluggish,1
assoil,1
o'ercome,1
beguiling,1
album,1
"came,--i",1
coating,1
plum,1
"fancy,--boy",1
tumbler,1
mosquito,1
tidy,1
boys,1
the=,1
wilding,1
see!--,1
darselfs,1
neber,1
dey'll,1
"said,--""dar",1
keer,1
leff,1
affidavit,1
leafland,1
aphides,1
spun,1
naturalization,1
ger,1
chickadee,1
"are,--all",1
unnecessary,1
"wisdom_,--to",1
xiii,1
boundlessness,1
incompleteness,1
unbarred,1
"change,--",1
phaeton,1
shorter,1
retains,1
fruitlessly,1
exclaiming,1
attenuate,1
"there,--it",1
chile,1
aunty,1
"said,--""now",1
ter,1
cerro,1
cornish,1
"exactness,--a",1
spangler,1
pleasantest,1
tony,1
"possessed,--a",1
"looks,--for",1
"kiss,--so",1
hooked,1
yankees,1
bruno,1
continued:--,1
bowstring,1
photographer,1
hands?--not,1
utica,1
intimation,1
descended,1
forespent,1
arch'd,1
mastiff,1
fasten'd,1
brachs,1
stay'd,1
staging,1
canoe,1
"him,--mozey",1
unmistakably,1
scantily,1
ralph,1
"children,--respecte",1
believ'd,1
conference,1
smoking,1
adamo,1
drought,1
hectic,1
scamper'd,1
temp'rately,1
filch,1
scrap'd,1
mervale,1
talented,1
trold,1
blythely,1
glitter'd,1
lindworm,1
subtlety,1
listen'd,1
o'erstepp'd,1
upsoare,1
disparte,1
choleric,1
pharisees,1
sped,1
"rest""--her",1
cytherea,1
impatiently,1
raker,1
yawl,1
agasp,1
bijou,1
augusta,1
astonished,1
anton,1
taskmaster,1
maddalena,1
clung:--,1
me!--thou,1
admiringly,1
layton,1
auditor,1
injudicious,1
foresight,1
matthias,1
garth,1
comme,1
quinine,1
giacomo,1
enchantress,1
electricity,1
romanoff,1
cristich,1
remoteness,1
angrily,1
sanko,1
picken,1
alarming,1
vanishing,1
unsocial,1
curvature,1
sardonyx,1
scallop,1
concentrated,1
orphanage,1
rambling,1
hôpital,1
paleness,1
ceremonial,1
damnable,1
emancipate,1
criticise,1
intonation,1
easier,1
equality,1
illicit,1
undulate,1
symptom,1
ordinarily,1
pliability,1
limpid,1
engraft,1
"high?""--",1
garnish,1
churchman,1
rosary,1
flower--,1
worldliness,1
toper,1
sidney,1
selby,1
monteparaiso,1
furléd,1
ruddier,1
unclose,1
quondam,1
completion,1
another--,1
renewing,1
ungathered,1
renewal,1
unspoke,1
curled,1
enchaunted,1
caresses--,1
pronely,1
intently,1
shrivel,1
joys--,1
report--,1
richness,1
lizzie,1
schoolmate,1
damnation,1
black--,1
mirrors,1
faultlessly,1
halles,1
bloom--,1
cesspool,1
gawk,1
asian,1
fluid,1
flagellation,1
harold,1
vitiate,1
mitchell,1
reproduce,1
excommunicate,1
les,1
unreasone,1
unchanged,1
aimlessly,1
ballet,1
morbidly,1
leopold,1
"roots,--the",1
platts,1
menelous,1
clytaemenestra,1
hyoid,1
sights--,1
gump,1
bastinado,1
perturb,1
wondereth,1
looked:----we,1
"wept,--i",1
uprise,1
varlet,1
boar--,1
choak,1
flay,1
peel,1
pyre,1
confess'd,1
imp,1
gorce,1
skirr,1
alife,1
sweats,1
walt,1
roaming,1
obscenity,1
priapus,1
presumably,1
"academy._--""we",1
dorian,1
wizardry;--,1
eerie,1
monody,1
flung,1
anguished,1
eye.--,1
blind.--,1
godward,1
pariah,1
denunciatory,1
epithet,1
148:012,1
147:016,1
147:012,1
145:017,1
145:009,1
145:006,1
144:002,1
140:012,1
140:002,1
139:020,1
139:017,1
139:002,1
136:026,1
slang,1
136:003,1
136:002,1
136:001,1
135:012,1
133:003,1
133:002,1
120:007,1
119:160,1
119:139,1
woman--,1
earth--,1
bear'st,1
indecently,1
brockden,1
reporter,1
crude,1
octogenarian,1
"nursery,--who",1
remake,1
bacon,1
essentially,1
imbed,1
egotism,1
vaster,1
malevolence,1
caprice,1
625,1
teased--,1
might,1
near--,1
136:025,1
136:021,1
119:117,1
119:103,1
119:100,1
wineskin,1
119:050,1
119:039,1
119:034,1
119:022,1
118:029,1
118:009,1
116:015,1
116:001,1
"age,--let",1
"freedom,--hearts",1
indestructible,1
nesselrode,1
quieter,1
"all,--in",1
touchingly,1
uninterruptedly,1
excursion-,1
inversnaid,1
callous,1
gleaming,1
oban,1
naively,1
"questions,--among",1
inconstant,1
"age,--by",1
"martyrs,--by",1
regretful,1
oppression,1
114:005,1
109:027,1
109:006,1
108:012,1
107:032,1
107:022,1
107:016,1
107:009,1
106:046,1
106:041,1
indistinct,1
"why,--and""--pulle",1
eating,1
carrol,1
as'll,1
"world,--knowing",1
"appreciates,--a",1
exactness,1
soiree,1
siberia,1
suavity,1
uniformity,1
reindeer,1
tenaciously,1
reflux,1
blase,1
"says,--'i",1
womanli,1
unhand,1
pelt,1
115:017,1
114:007,1
106:015,1
106:014,1
106:009,1
105:044,1
105:032,1
doing,1
105:001,1
104:028,1
104:011,1
103:022,1
103:013,1
103:009,1
robustness,1
deplorable,1
"nothing,--he",1
progenitor,1
102:021,1
090:011,1
hermon,1
087:003,1
087:002,1
employer,1
cheetamall,1
parlor,1
commercial,1
horticultural,1
termagant,1
flinching,1
"neighborhood,--the",1
ornamental,1
"trellis,--no",1
undertaking,1
quarries,1
sloop,1
dingy,1
crusoe,1
muffled,1
sha'n't,1
"discipline,)--""i",1
vindictive,1
inviting,1
loin,1
"unknown,--doesn't",1
irradiate,1
"hidehart,--you",1
"things,--of",1
rasp,1
grundy,1
dagon,1
irregulate,1
prevalent,1
presentation,1
boisterous,1
whiteface,1
p.s.,1
"doctor,--quite",1
"consideration,--""quite",1
indulgent,1
je,1
adele,1
toilet,1
divert,1
godmother,1
waywardness,1
shetlander,1
zebah,1
oreb,1
081:006,1
078:069,1
078:061,1
078:055,1
078:048,1
078:046,1
077:020,1
076:005,1
074:009,1
landsman,1
"run,--a",1
triton,1
subjoin,1
"of,--if",1
righting,1
catharine,1
franche,1
delft,1
"replied,--""you",1
escovedo,1
"there,--assassination",1
aristocratical,1
legally,1
richmond,1
coursol,1
elect,1
trim,1
mermaids,1
fishy,1
dowdy,1
073:006,1
lebanon,1
072:003,1
071:005,1
069:019,1
069:002,1
066:006,1
062:009,1
060:011,1
059:003,1
stillborn,1
discourtesy,1
quarrelling,1
hadfield,1
artful,1
ink,1
patrol,1
058:002,1
055:014,1
052:004,1
052:003,1
050:011,1
049:020,1
049:012,1
048:006,1
043:002,1
042:004,1
begins:--,1
contraband,1
marianne,1
"reputation,--a",1
037:038,1
037:031,1
going,1
037:023,1
generously,1
037:018,1
037:012,1
036:009,1
036:007,1
morgan,1
harvey,1
kintry,1
hydrogen,1
resident,1
whet,1
indefinable,1
consonant,1
vowel,1
holley,1
ordnance,1
innuit,1
denomination,1
recurrence,1
mightier,1
productiveness,1
liveliness,1
expenditure,1
structural,1
grenfell,1
garrison,1
040:010,1
038:011,1
"night,--it",1
puffy,1
palter,1
"pottage,--a",1
seine,1
"do,--to",1
sharply,1
"me,--poor",1
"that""----his",1
"men,""--his",1
adult,1
purge,1
etymology,1
ruskin,1
theology,1
paradox,1
pootty,1
axiom,1
sunthin,1
"yeoman,--""a",1
largess,1
merrily,1
jacqueline,1
teaspoonful,1
"who""----",1
"them,--not",1
tulle,1
"shoulders,--then",1
"circle,--young",1
sleepily,1
vaux,1
staring,1
exuberance,1
036:005,1
035:016,1
035:002,1
034:011,1
034:008,1
033:019,1
033:014,1
033:005,1
033:002,1
033:001,1
031:023,1
plotting,1
031:020,1
031:017,1
learnin,1
coulter,1
sheik,1
jamschid,1
avowed,1
saadi,1
torrid,1
complexity,1
purgstall,1
"truth,--man",1
"sordid,--for",1
exclusiveness,1
howdy,1
gran'ma'am,1
obeisance,1
swindle,1
unrelaxe,1
"these,--""lead",1
"naivete_,--""such",1
picturesqueness,1
levelling,1
vagary,1
f.r.s.,1
edinburgh,1
lothian,1
honorably,1
journal,1
agricultural,1
walton,1
pepper,1
wheeze,1
"me,--they",1
benefactor,1
030:001,1
sirion,1
028:004,1
027:004,1
026:010,1
025:014,1
025:012,1
023:002,1
potsherd,1
021:011,1
018:050,1
018:049,1
"pinafores,--the",1
"read,--the",1
paved,1
intemperate,1
filmy,1
"humphreys,--not",1
autocratic,1
maniacal,1
"intended,--that",1
tampico,1
intervene,1
webs,1
abolish,1
compeer,1
establishment,1
morelos,1
"inquisition,--or",1
coffee,1
creole,1
efficient,1
expiatory,1
changarnier,1
017:014,1
forevermore,1
015:004,1
013:001,1
012:002,1
011:005,1
009:016,1
005:007,1
"humphreys,--the",1
frosted,1
"light,--and",1
"yet,--perhaps",1
"face,--pallor",1
detach,1
homage{or,1
002:012,1
potter,1
002:002,1
shiah,1
"embonpoint_,--where",1
placid,1
affluent,1
ranch,1
warpath,1
somnambulism,1
monotone,1
florida,1
think?--i,1
disgust,1
eloise,1
phenomena,1
glacial,1
investigate,1
universality,1
desolation,1
slag,1
scoriae,1
shasta,1
glaci,1
broil,1
sporadic,1
verbena,1
foothill,1
"range,--a",1
004:008,1
004:003,1
shadowed,1
"kind,--",1
"thrown,--",1
tend;--,1
pattering,1
unslake,1
make--,1
heathendom,1
experimental,1
unschooled,1
pudency,1
manufactory,1
"factories,--women",1
"tea,--and",1
"know,--and",1
datum,1
feasted,1
bulbul,1
jungle,1
shaken,1
coveted,1
alit,1
ways--,1
erelong,1
"means,--of",1
mannered,1
insomuch,1
purr,1
grandpapa,1
granddaughter,1
overpast,1
florican,1
commingling,1
memoirs,1
pisaroni,1
thoughts,1
unfleet,1
signora,1
amateur,1
weber,1
extemporaneous,1
instrumentation,1
"over,--and",1
equilibrium,1
dilute,1
running,1
infinities,1
vexing,1
donaldson,1
coup,1
mating,1
reclothe,1
september,1
republican,1
misdoubt,1
procreant,1
indivisible,1
compromise,1
irrespective,1
"place,--bayonet",1
ewell,1
successfully,1
brigade,1
rickett,1
community,1
fete,1
immolation,1
withheld,1
felice,1
clove,1
momentarily,1
saloon,1
juggler,1
marbled,1
signor,1
anaconda,1
dundass,1
recovered,1
unparalleled,1
arise--,1
chronological,1
o'connell,1
unmasked,1
tethered,1
stationary,1
battlefield,1
yellowstone,1
headquarters,1
enlarged,1
proportionate,1
confederacy,1
november,1
droopingly,1
leonor,1
undeservedly,1
diction,1
colder,1
adulation,1
whortleberry,1
prosaic,1
stared,1
"where""--the",1
unmingled,1
infectious,1
dissatisfaction,1
worthiman,1
homily,1
inwardly,1
emaciation,1
readiness,1
godliness,1
augmentation,1
gone--_her,1
bomb,1
battlesmoke,1
barricade,1
swollen,1
telephonist,1
gunnery,1
unhooked,1
killed--,1
thankless,1
praise--,1
high--,1
unreturne,1
unanticipated,1
ringlet,1
preface_--and,1
unassailable,1
whining,1
canadians,1
mutilate,1
cary,1
"flowers""--they",1
prayeth,1
impoverish,1
reproachfully,1
commitment,1
grammont,1
pendulum,1
impersonally,1
swank,1
standpoint,1
philadelphia,1
kerb,1
they're,1
wavy,1
uncomfortably,1
conquered,1
unjustly,1
unrestrained,1
sternly,1
isoleth,1
fulfillment,1
"rain--""most",1
she--,1
wove,1
lilias,1
slum,1
stowaway,1
wysdome,1
greter,1
theyr,1
lede,1
sorowe,1
"ceremony,--a",1
rioting,1
phalanx,1
blackguard,1
vituperation,1
taylor,1
shorten,1
performer,1
pilgrimage,1
viper,1
crested,1
wyfe,1
proteccyon,1
wyve,1
tripartite,1
utteraunce,1
youthe,1
sayth,1
rebell,1
yll,1
bende,1
servytude,1
persone,1
maryed,1
custome,1
cursed,1
nygh,1
condescension,1
agaynst,1
horribly,1
evoke,1
trilby,1
souvenir,1
exhilaration,1
popping,1
pollution,1
saintliness,1
pacyen,1
wyll,1
worde,1
everychone,1
lytell,1
profyte,1
undiscoverable,1
dorothy,1
"turn,[14",1
skiff,1
life.--i.,1
redundantly,1
room[2,1
he[6,1
earning,1
brothers,1
homefelt,1
lonsdale,1
"occurs:--""thou",1
snapping,1
catechiser,1
elizabeth,1
still![3,1
magdeburg,1
1838,1
blood----,1
unrealisable,1
undress,1
undismayed,1
renascence,1
improperly,1
1837,1
1807,1
testamentary,1
sowne,1
ungently,1
unspiritual,1
1827,1
sight--,1
born--,1
ye've,1
"two,--",1
wherefrom,1
gavest,1
reconcilement,1
sisterly,1
dieu,1
aisle;--,1
her:--oh,1
outshining,1
"coleorton,--took",1
1845,1
inscriptions,1
1799,1
forbearance,1
phantasm,1
thuringians,1
caitiff,1
fighteth,1
cooling,1
unanswered,1
disband,1
composed,1
clifford,1
sight[12,1
saple,1
insignificant,1
one.--w.,1
contemplative,1
pendragon,1
"dead,--",1
130,1
that[167,1
"misled,[166",1
had_[133,1
skill[121,1
sedate,1
65,1
way;[99,1
"warned""--his",1
triumphantly,1
tutelary,1
alone[76,1
"folds--""behold",1
captains,1
"in,--",1
rays'd,1
royall,1
wold,1
deter,1
thuringia,1
tho't,1
1762,1
armband,1
1653,1
truthe,1
jeopardy,1
slunk,1
westmoreland,1
most--,1
emily,1
330,1
be't,1
highborn,1
leadeth,1
provost,1
pretext,1
grew,1
heigho,1
"gain,--",1
covert,1
"year:--""do",1
harmonise,1
projection,1
murray,1
insensibility,1
enclosure,1
earle,1
boasteth,1
beginnest,1
thou--,1
--that,1
das,1
fairness,1
intentional,1
heed--,1
fitz,1
death:--,1
by[1,1
relique,1
norfolk,1
bolton,1
--if,1
reuss,1
ferrandine,1
parapet,1
courteously,1
wayworn,1
forlorn--,1
permessus.[1]--finally,1
"entertained,[b",1
savona,1
windings.--this,1
strains.[1,1
nestorian,1
palafox,1
delivered,1
-he,1
iberian,1
aus,1
seekst,1
white--,1
zazamank,1
whensoe'er,1
expression--,1
beaumont,1
vocal,1
centinel[1,1
unshifte,1
eminently,1
accursed[1,1
8000,1
guerilla,1
pounce,1
slowness,1
plaisance,1
"mine,--o",1
schnaderhuepfl,1
quatrain,1
roundel,1
"task:--""i",1
minnesinger,1
subjective,1
critically,1
ages,1
bringeth,1
--well,1
--for,1
mohte,1
modernized,1
undisturbed,1
--what,1
potion,1
fought:--the,1
relic,1
bremen,1
oral,1
unmistakable,1
mss,1
233,1
fain.[19,1
breviary,1
"times,[18",1
scandinavia,1
spontaneous,1
joy!--,1
"may,--",1
spontaneously,1
mediaeval,1
combustion,1
orgilus,1
calantha,1
unattempte,1
d----,1
foote,1
counselor,1
disapprove,1
mair,1
lightly[37,1
waly,1
inadequate,1
"it,'--'it",1
laneham,1
troubadour,1
hellenism,1
grani,1
siggeir,1
regin,1
iceland,1
is--,1
tattere,1
stunning,1
unrimmed,1
renan,1
meditative,1
bertalda,1
intenseness,1
bewitching,1
portray,1
fouque,1
"saunders,--better",1
escapeth,1
tribulation,1
marking,1
empower,1
firelit,1
pietro,1
youngle,1
gemiano,1
antigone,1
"sparrow,--became",1
charcoal,1
michelet,1
physiologist,1
"says:--""_whatsoever",1
ironical,1
silentness,1
swirling,1
vainglory,1
swarming,1
welting,1
anomaly,1
bookish,1
diligently,1
"friends,--addressed",1
correspond,1
persuasive,1
correspondent,1
incur,1
1783,1
concede,1
continental,1
guises,1
"pure,--",1
"are,--",1
"conscience,--and",1
sensibly,1
acceptable,1
amass,1
bucket,1
frugality,1
daintie,1
phlegmatic,1
threepenny,1
javelinier,1
phosphorus,1
upwhirled,1
uproarious,1
unflagge,1
minutely,1
farmhouse,1
organization,1
aspiring,1
planning,1
27th,1
1847,1
curtsy,1
portly,1
"streets,--where",1
ignore,1
"atom,--",1
pompadour,1
extensive,1
smear,1
ilse,1
steeds,1
sateless,1
"me,--",1
wreck--,1
be;--,1
experienced,1
construction,1
colossal,1
rain--,1
"weeds,--",1
uhland,1
freiligrath,1
normandy,1
"germs,--the",1
topography,1
retentive,1
1365,1
glamor,1
exaggerated,1
chevalier,1
"heaven,--god",1
participation,1
sane,1
"i,--amongst",1
intellectually,1
epoch,1
kindergartner,1
infinitude,1
mechanically,1
raschke,1
struvelius,1
annoying,1
terrified,1
headless,1
specially,1
sympathetic,1
barbed,1
vesuvius,1
volcanic,1
broidered,1
discomfited,1
afront,1
brent,1
"nature,--with",1
authoritative,1
meliador,1
versify,1
deliberate,1
misdoing,1
seductively,1
overland,1
sin;--,1
hustle,1
conservatism,1
eucharist,1
"words,--""he",1
"shakespeare's,--a",1
unsuspectingly,1
legendary,1
juster,1
newman,1
froude,1
individualize,1
ma,1
goodish,1
unbelief,1
relenting?--give,1
invert,1
"companion,--to",1
upturned,1
bates,1
granger,1
sonnambula'--a,1
grieg,1
marquetry,1
refrigerator,1
marshall,1
shaven,1
ineffectual,1
foreigner,1
"humor,--full",1
"american,--a",1
thoughtlessness,1
"writing,--lively",1
quarterly,1
disadvantage,1
prepossess,1
headache,1
efface,1
saladin,1
seminary,1
dearborn,1
child!--she,1
vainglorious,1
orchid,1
similitude--,1
charities--,1
dissuade,1
"slaves,--",1
tomato,1
yellower,1
lever,1
off--,1
shining,1
jackdaw,1
"knew,--a",1
egotist,1
conduct--'some,1
"conviction,--nothing",1
clameran,1
cheater,1
sweetmeat,1
availeth,1
palimpsest,1
interpretation,1
interposition,1
areanum,1
domination,1
absolutist,1
originality,1
liberalized,1
1868,1
furthermore,1
realist,1
barrie,1
steamer,1
trait,1
unrestrain’d,1
despis’d,1
hilt,1
ones,1
unfashionable,1
population,1
northumberland,1
simpleton,1
witted,1
toussaint,1
galton,1
plazas,1
perfecta,1
heraldry,1
asturias,1
unbearable,1
rabid,1
marvelously,1
irresolution,1
deferentially,1
norse,1
balle,1
hauk,1
eystein,1
1893,1
depict,1
1879,1
bjoernson,1
extended,1
footsteps,1
besprent,1
olympus,1
weller,1
placidly,1
gentility,1
op’d,1
perfidious,1
stor’d,1
nurs’d,1
tripp’d,1
jamieson,1
1849,1
naturalist,1
resolute,1
battering,1
flies--,1
hulk,1
roadway,1
hernani,1
epeius,1
beceiv’d,1
noemon,1
beshrew,1
driv’st,1
commix’d,1
pinch’d,1
1811,1
mandarin,1
spadille,1
savoy,1
carlo,1
albert,1
forrester,1
barkers,1
glaze,1
truncated,1
umbo,1
alte,1
whirls,1
madd’ning,1
whelm,1
strangeness,1
ammon,1
wearer,1
fallow,1
mica,1
encampment,1
"implies,--a",1
total,1
albertus,1
dryop,1
hippodamas,1
utt’rance,1
minishe,1
assail’d,1
wail’d,1
soliciting,1
unchaste,1
suffolk,1
twelvepenny,1
"again:--""i",1
bookseller,1
cleverest,1
mountain:--,1
nursling,1
porcelain,1
undebase,1
lur’d,1
repell’d,1
severs,1
overta’en,1
denier,1
twickenham,1
dorset,1
iago,1
briton,1
pervadeth,1
1869,1
schiller,1
geibel,1
"spreads,--and",1
overreach,1
o’errule,1
rejoicing,1
hurl’d,1
peneleus,1
unwashen,1
rav’ne,1
doat,1
debauch,1
incurable,1
led,1
inters,1
restorer,1
alps,1
following:--,1
significantly,1
infidelity,1
unhallow'd,1
undoubting,1
press’d,1
hippotion,1
keener,1
belshazzar,1
median,1
disembogue,1
parthian,1
say'st,1
dilatory,1
labour'd,1
scann'd,1
smiler,1
envenom'd,1
grudg’d,1
constraint,1
emathia,1
rev’rence,1
rhaea,1
diff’rent,1
mien,1
blossom'd,1
harmonist,1
punctual,1
690,1
calls--,1
reverberate,1
rebound,1
510,1
503,1
unopen'd,1
pluck'd,1
execrate,1
upwards,1
crush’d,1
baffled,1
lab’re,1
not.--,1
receives,1
unripen'd,1
321,1
unbroach'd,1
proprietor,1
ungodliness,1
chalcis,1
ensconc’d,1
perplex,1
productive,1
falsify,1
din,1
circling,1
pylians,1
detain’d,1
o’erthrowing,1
mark’d,1
603,1
god!--what,1
wealth!--my,1
compulsion,1
voucher,1
unconfined,1
beggar'd,1
gibbet,1
tow’rd,1
compeller,1
despatch,1
inroad,1
soar’d,1
unflagging,1
thrasymedes,1
impotently,1
"charles,[22",1
459,1
repine,1
unafflicted,1
ennobles,1
discipline,1
21,1
morality,1
pledg’d,1
lov’st,1
estrang’d,1
inclin’d,1
52,1
narcissa,1
reprimand,1
932,1
unconfess'd,1
lunar,1
jehu,1
ranker,1
scatt’re,1
bitt’r,1
embarking,1
sent,1
skulk,1
ton’d,1
untouch’d,1
took’st,1
eurystheus,1
enjoin'd,1
"this:--""man",1
accomplish'd,1
bellerophon![33,1
preface,1
punctilious,1
728,1
mountainous,1
424,1
illumined,1
thyself;--and,1
pharos,1
tossing,1
bankrupt,1
smile!--i,1
untormente,1
knowledge?--virtue,1
darker,1
delphic,1
explode,1
endanger'd,1
convenience,1
pyrrhus[34,1
solution,1
unfeign'd,1
236,1
hitherward,1
capacious,1
joins,1
raze,1
frighten’d,1
loos’d,1
fun’ral,1
preserv’d,1
graz’d,1
ign’rant,1
infamy?--for,1
1145,1
all.--,1
outstretch'd,1
mediate,1
1020,1
famish'd,1
hellebore,1
unwitness'd,1
ereuthalion,1
work’d,1
œneus,1
interchang’d,1
import,1
madd’ne,1
flush'd,1
aggravate,1
harden'd,1
inhumanity,1
"us--""what",1
stow,1
estimable,1
"uriel,[40",1
ancle,1
paeon,1
heav’nward,1
bellona,1
mistimed,1
alas!--should,1
deject,1
exhalation,1
"same?""--",1
unrepenting,1
unbelieve,1
repast,1
eldest,1
doater,1
kouli,1
banditti,1
inspecting,1
crash’d,1
waistband,1
disciplin’d,1
screen’d,1
cranae,1
curtius,1
wise?--you,1
1067,1
chimera,1
abhorr'd,1
"yorke,[49",1
cruise,1
o'erflowing,1
o'erflow,1
preferr'd,1
legible,1
1099,1
aggrandize,1
directive,1
emolument,1
unmysterious,1
unlost,1
divine!--but,1
uncorrupt,1
proved,1
fulminate,1
hallelujah,1
bloom'd,1
lets,1
momentous,1
88,1
britannia,1
flatter'd,1
augmented,1
enclos’d,1
hellene,1
mantinea,1
dispers’d,1
default,1
kept,1
stir;--,1
senses;--let,1
1420,1
inspect,1
1290,1
gilt,1
unlabour'd,1
confronted,1
overcoloure,1
ægeon,1
heralds,1
labour’d,1
bidd’st,1
haughtiest,1
"""[76",1
humiliation,1
vesta,1
vice?--mere,1
2040,1
"eridanus,[72",1
pour'd,1
admission,1
proselyte,1
fourfold,1
tearless,1
chasing,1
rife,1
meet--,1
enter'd,1
lapse,1
adjoin,1
plumb,1
chaise,1
parlour,1
noticing,1
ceremoniousness,1
cringing,1
gilded,1
shadows,1
quoit_.—the,1
lays,1
valiantest,1
fecund,1
debs,1
emphasize,1
"facts,--knows",1
concept,1
admired,1
earthlier,1
sleight,1
worried,1
pygmalion,1
melody--,1
untasted,1
unfurling,1
humankind,1
privation,1
alcohol,1
ungrudgingly,1
griffith,1
begrudge,1
postpone,1
mentor,1
fagot,1
awaste,1
earthen,1
calmer,1
sangreal,1
evangeline,1
economic,1
indictment,1
rake,1
natheless,1
unwarnèd,1
surfeiting,1
lewdness,1
sirrah,1
underfoot,1
quivering:--,1
shooting,1
mustering,1
enslave,1
tattered,1
vaults--,1
lyrical,1
uncomforted,1
subordination,1
conversing,1
plebeian,1
affront,1
comforter,1
bonfire,1
leftst,1
litwa,1
niemen,1
crusaders,1
"still,—truly",1
mirth;—the,1
konrad,1
conspiracy,1
knights,1
ab,1
einion,1
befittingly,1
snowball,1
sawing,1
downwards,1
hedgehog,1
breech,1
moors,1
aslant,1
treading,1
recent,1
almanzor,1
joyousness,1
risen,1
assisted,1
"me,—take",1
witold,1
sobriety,1
unceasingly,1
rueful,1
anoint,1
rallying,1
houlihan,1
song--,1
lilting,1
w,1
prussians,1
halban,1
"awhile,—and",1
o’erdeck,1
arraigner,1
ha’penny,1
neckerchief,1
makeshift,1
belial,1
madder,1
sevenfold,1
venom,1
debauchery,1
shrapnel,1
thistledown,1
gentian,1
moved,1
dreamless,1
halo,1
salesman,1
ex,1
articulate,1
grownup,1
"thee,--",1
mar--,1
faintly--,1
undeveloped,1
canon,1
continuity,1
anonymity,1
undoubted,1
parsimony,1
curved,1
milkiness,1
rightness,1
suffereth,1
disenchanted,1
slipt,1
insentient,1
sleepless,1
unhewn,1
wrench,1
screw;--,1
zenophile,1
peitho,1
fluttered,1
cropped,1
dreameth,1
harbourer,1
glistering,1
weigheth,1
been--,1
"underways,--",1
assentiveness,1
jonah,1
rainuv,1
birds,1
gosh,1
less--,1
"other,--",1
leaves?--like,1
"you,--leave",1
voracious,1
contempt'ous,1
shaded,1
ungoverned,1
skylark,1
enterprise--,1
tempteth,1
asclepias,1
thronging,1
teutons,1
rt,1
chattering,1
spendeth,1
firoza,1
wearily,1
cartman,1
"age,--to",1
dishevel,1
grocery,1
bandanna,1
oboe,1
ghetto,1
aeon,1
glee--,1
messy,1
"trains,--that",1
reliance,1
collusion,1
breasted,1
waveless,1
ahi,1
miscarry,1
upset,1
kicking,1
tumor,1
"one,--all",1
rapturously,1
attune,1
keynote,1
tirpitz,1
recks,1
sindolt,1
beaming,1
undivide,1
nibelunger,1
o'erweening,1
attain'd,1
lachmann,1
"20,000",1
randver,1
högni,1
andvari,1
otter,1
"heaven,--e'en",1
foreshadow,1
"earth,--",1
florin,1
aglow,1
tinchaurya,1
choti,1
"not,--your",1
miller,1
em!-j,1
solum,1
skeere,1
wouldn't,1
peare,1
flash'd,1
impassion'd,1
whome'er,1
stirr'd,1
ludegast,1
hasten'd,1
conquer'd,1
brings,1
singin,1
tackle,1
cur'ous,1
yaller,1
ever'thing--,1
nibblin,1
reserv'd,1
thriftless,1
unmeasur'd,1
slily,1
aspir'd,1
redoubte,1
heap'd,1
courtliness,1
cloak'd,1
runnel,1
tendance,1
wordy,1
dishonor'd,1
sunder'd,1
bespoke,1
work'd,1
profusely,1
wilder'd,1
xcii,1
storm'd,1
deserv'd,1
redden'd,1
lavish'd,1
conceal'd,1
demean,1
spoil'd,1
stummick,1
frenchharp,1
wortermelon,1
natchurl,1
misanthrope,1
em--,1
best!--,1
"possessed,--",1
sorto,1
restor'd,1
dankrat,1
seiz'd,1
beweep,1
reck'd,1
breeze--,1
glitterin,1
like!--and,1
ort,1
"katy's,--and",1
makin,1
frankland,1
pilgrin,1
acquir'd,1
helca,1
betook,1
welcom'd,1
austria,1
hungarians,1
unmix'd,1
lxxxi,1
parry,1
iring,1
fraudful,1
dee,1
harrow'd,1
merrier,1
contemptuous,1
stepp'd,1
trice,1
xiv,1
bavaria,1
gather'd,1
limb'd,1
pressing,1
xxxi,1
pear,1
ca'm,1
ruther,1
mylo,1
workin'man,1
hern,1
"his,--",1
whare,1
portreiture,1
wiking,1
ensample,1
britomart,1
yeoman,1
testy,1
wolfbrand,1
them;--how,1
torment'd,1
companions,1
crumple,1
flickered,1
drub,1
scaldingly,1
203,1
jacket,1
thogether,1
vælund,1
worms,1
plural,1
lesebuch,1
"canary,--",1
jellin'--fer,1
trimbly,1
he'pmeet'--mercy,1
swiggin,1
mayby,1
ginerly,1
sich,1
tickin,1
clickin,1
harty,1
streaked,1
galley,1
gawky,1
tambour,1
hailstorm,1
bridges,1
griffon,1
strengthener,1
despondent,1
harlequin,1
"credence,--",1
parrots,1
contribution,1
spring!--whose,1
starlit,1
unfolding,1
reek,1
cote,1
moonstone,1
siren,1
"bliss,--",1
fend,1
stays,1
drip,1
thare,1
"devised,--to",1
etty,1
tiller,1
factitious,1
meretricious,1
widower,1
roomage,1
lifetime,1
wildness,1
"gull!""--",1
villanous,1
confection,1
vagabondish,1
"derive,--",1
"over,--",1
"pretend,--",1
shrank,1
composite,1
newcomer,1
smileless,1
feinting,1
ortolan,1
clouds--,1
"work,--books",1
"sir,--displaye",1
urchin,1
"inquire,--",1
transcend--,1
magpie,1
disaster!--,1
"it,--sad",1
blockhead,1
already--,1
smoky,1
purl,1
mocker,1
nook,1
sirs,1
chit,1
"wings,--and",1
immune,1
broceliande,1
immanent,1
fronted,1
"lamorak,--",1
salamander--,1
"viols,--and",1
compute,1
inhibited,1
astound,1
largened,1
garreteer,1
musline,1
halcyon,1
robinson,1
dagonet,1
ste,1
red--,1
"back,--",1
"crowded,--they",1
speckle,1
uninvited,1
happy--,1
"""--""but",1
thencewise,1
timeless,1
joyance,1
bereaved,1
sponsor,1
howsoe'er,1
188,1
sated,1
gascon,1
unwrap,1
fangless,1
witchcraft,1
spume,1
unburie,1
summertide,1
sepulture,1
enjoy'd;--,1
caress'd,1
order'd,1
haunting,1
chattel,1
178,1
checquer,1
tell.--,1
tow'rd,1
bowing,1
"heaven,--but",1
obtain;--,1
coachman,1
gen'ral,1
receptacle,1
surrounder,1
"no,--he",1
28,1
schopenhauer,1
forlornly,1
barbarizing,1
ominously,1
graduated,1
tart,1
turner,1
"fist,--",1
cath'rine,1
am'rous,1
r.,1
remov'd,1
trav'lling,1
groat,1
p,1
approv'd,1
tit,1
on;--then,1
--thu,1
jeffery,1
dropsy,1
widgeon,1
receiv'd,1
triumph'd,1
lux'ry,1
contrivance,1
view'd,1
charlotte,1
moll,1
probable,1
snug,1
nutriment,1
dispatch,1
stereotyped,1
technic,1
askance,1
ears;--no,1
665,1
one.--let,1
shades,1
depress'd,1
puke,1
midriff,1
valet,1
--i,1
poundage,1
wak'd,1
tonish,1
heighten'd,1
happ'd,1
spendthrift,1
plac'd,1
sep'rate,1
threaten'd,1
--encreasing,1
dimness,1
us'd,1
fun!--,1
mod'rate,1
wav're,1
reversionary,1
balmy,1
--my,1
advertisement,1
injur'd,1
lump,1
palm;--'twixt,1
stagnant,1
prude,1
295,1
190,1
mewing,1
mince,1
london--,1
grosvenor,1
offended,1
valcour,1
molly,1
predevote,1
"else,--just",1
iliad,1
chameleon,1
examiner,1
unforgotten,1
rulers,1
inspir'd,1
tend'rest,1
rev'rend,1
acknowledg'd,1
advertising,1
reliev'd,1
mem'ry,1
injustice,1
vellum,1
trygvesson,1
maying,1
can'st,1
enlightening,1
olaf,1
predict,1
viburnum,1
raisin,1
coöperation,1
donouy,1
woodbine,1
epaulet,1
heresy,1
expediency,1
greeley,1
"peter,--",1
partition,1
monday,1
musn't,1
driven,1
chaudière,1
caleche,1
"place,""--a",1
notary,1
"mill,--no",1
dissipate,1
cartier,1
jacques,1
perpendicular,1
moccasin,1
picket,1
hontan,1
laquelle,1
"sea,--_de",1
"douce_,--a",1
mer,1
bayfield,1
estuary,1
charlevoix,1
advertise,1
laureate,1
"nations,--habitually",1
freethinke,1
oyster,1
similarity,1
startling,1
peripatetic,1
nunnery,1
clearing,1
pump,1
droning,1
levite,1
orleans,1
disintegrate,1
puce,1
thickness,1
bluebird,1
firmness,1
caw,1
pioneer,1
soundly,1
belie,1
expend,1
newsboy,1
sonorous,1
paled,1
bleak,1
wayfarer,1
mery,1
hoste,1
semely,1
inhospitable,1
sheriffe,1
migration,1
islander,1
rasselas,1
methinks,1
underrate,1
o'-lantern,1
cucullo,1
finlander,1
trickles,1
jude,1
skinny,1
hand--,1
senna,1
anymore,1
sun--,1
furred,1
closed,1
musa,1
abu,1
profanity,1
"witnessed,--which",1
turf,1
groin,1
tahitian,1
obscurest,1
"plains,--our",1
"sky,--our",1
"dead,--that",1
exclusively,1
"only,--when",1
improvement,1
discoverable,1
subdiale,1
"walks,--who",1
premium,1
woodpecker,1
platform,1
surveyor,1
petrified,1
"hum,--as",1
"mist,--and",1
"with,--he",1
braid,1
play--,1
head--,1
crinkly,1
stool,1
newspapers?--a,1
"man,--a",1
interaction,1
edwin,1
majority,1
mythology,1
dreariness,1
analyze,1
"it,--a",1
apparelle,1
careworn,1
howso,1
girt,1
slewest,1
astronomer,1
sharpshooter,1
elevated,1
frith,1
poop,1
hemlock,1
cucumber,1
tithing,1
bilaterally,1
sepal,1
jingling,1
certe,1
unhappiest,1
broider,1
bavarians,1
stoutly,1
boatman,1
"invention,--no",1
meridional,1
streak,1
outdoor,1
walker,1
unoriginal,1
unobserve,1
scrubby,1
barberry,1
floats,1
bedfellow,1
thalia,1
nibelungs,1
mouthed,1
euphrosyne,1
forgets,1
cycnus,1
kadmus,1
unseasonable,1
assisteth,1
"done,--which",1
"o'clock,--when",1
glibly,1
africa,1
featly,1
netherland,1
unwounded,1
stones,1
courtseye,1
kinder,1
hatest,1
nuncheon,1
inadequacy,1
261,1
285,1
paucity,1
29,1
34,1
proposeth,1
liberty--,1
pierces,1
"once""--i",1
egad,1
sorrowed,1
atween,1
roland,1
stirrup,1
stubble,1
stretched,1
sup,1
sounding,1
tow,1
dancer,1
bustling,1
puncheon,1
bulky,1
ortwin,1
moan--,1
lilt,1
hopes,1
overlord,1
antelope,1
buhéyseh,1
hóseyn,1
yellowish,1
muléykeh,1
condone,1
we'll,1
been!--if,1
"absence,--such",1
you'll,1
gamester,1
say--,1
fawkes,1
creeping,1
prurient,1
laugh'd,1
meant,1
daw,1
wig,1
marignan,1
contortion,1
bothy,1
"alone,--",1
"beast,--",1
ross,1
adage,1
--you,1
"deeper!""--he",1
adjournment,1
--_(witness,1
jurisdiction,1
slothful,1
humblest,1
misunderstood,1
complement,1
connoisseur,1
astonishment_)--they,1
me!--(_with,1
matthew,1
precedents,1
wicked-,1
ser-,1
teaboard,1
call'-t,1
inwards--,1
progression,1
prehistoric,1
intermediate,1
spawn,1
undetermined,1
cobwebs,1
laws,1
gripe,1
----------the,1
transparency,1
manner.--'the,1
thousandth,1
europe!--made,1
084}that,1
laundresses,1
truckle,1
loyally,1
bnt,1
selfsame,1
"then_,--the",1
"sacred_,--but",1
polluted,1
usurp'd,1
countrymen,1
----------we,1
royalty,1
chasteness,1
tenta,1
bleach,1
enmity,1
character?--,1
cleaner,1
embellish,1
beck,1
languorous,1
ahasueras,1
whick,1
despicable,1
subdivide,1
antaeus,1
distilling,1
naboth,1
charmingly,1
dethrone,1
lege,1
bishops,1
bishopric,1
cho,1
lawyer_--i'll,1
ah!--and,1
unloved,1
eres,1
enchained,1
dep,1
soaked,1
times_--renunciation,1
prevalence,1
disintereste,1
nightman,1
newgate,1
depraved,1
democrat,1
rove'----,1
163,1
kassandra,1
sleepest,1
felloe,1
crier,1
chanceth,1
bidd,1
guid,1
ain,1
o'that,1
huik,1
england.--xix,1
jacobin,1
virtu,1
gutte,1
oncgawn,1
mysians,1
conquereth,1
chaldron,1
fleetness,1
fools,1
toys,1
roll'd,1
unwieldy,1
rules,1
creatures,1
manger,1
clerical,1
center'd,1
chuck'd,1
behemoth,1
169,1
charms,1
admiring,1
higher,1
furrows,1
mistrustful,1
horsemen,1
dispos'd,1
tak'st,1
tales,1
consider'd,1
dev'l,1
unsav'ry,1
poetess--,1
humour'd,1
cats,1
argus,1
free-'n'-equal,1
epeios,1
thee—(nor,1
unwon,1
asteropaios,1
eumelos,1
unchallenged,1
ebenezer,1
sitting,1
enuf,1
busily,1
thoughtfully,1
runnin,1
sneaky,1
wou'dst,1
mastrick,1
margarite,1
jail,1
sophist,1
pus,1
jostle,1
pariahs,1
uncertainty,1
y.,1
maynard,1
bessie,1
ernest,1
grandpa,1
crockett,1
phil,1
picnic,1
pailful,1
floweth,1
swoopeth,1
awaiteth,1
echepolos,1
admetos,1
charioteer,1
unbewaile,1
deiphobos,1
implicit,1
unbounde,1
reassert,1
enchanting,1
blacken,1
undisputed,1
allot,1
softest,1
swineherd,1
paionian,1
leleges,1
iphition,1
minisheth,1
lenora,1
band--,1
reinforce,1
nellie,1
fit--,1
brindle,1
pulsate,1
abides--,1
reclaim,1
"""--isaiah",1
reunion,1
xanthos,1
olympians,1
mellay,1
hyperion,1
cheiron,1
lastly,1
sufficeth,1
linos,1
yearningly,1
soulful,1
practiced,1
suprano,1
emanate,1
alto,1
zoraydo,1
spurned,1
oguchu,1
woos,1
trapper,1
mccray,1
descendant,1
smothered,1
clover--,1
waddington,1
railroad,1
swanlike,1
font,1
espousal,1
tin,1
euphorbos,1
doublet,1
skamandro,1
paralee,1
kebriones,1
menoitios,1
darter,1
mailed,1
"all,—to",1
embattle,1
caucanoe,1
knew,1
rewarded--,1
iulu,1
hypnotic,1
tonight,1
tululah,1
willowy,1
abash,1
copse,1
"deer,--",1
unbated,1
return'd,1
second.--the,1
economically,1
plundering,1
misdirect,1
actuate,1
fractional,1
pretentious,1
insatiable,1
laud,1
thong,1
and'll,1
cleanse,1
reaper,1
dirk,1
questing[192,1
heath,1
agen,1
estranged,1
hallow'd,1
cobweb,1
goddess[138,1
islands,1
join'st,1
"child,--and",1
lea,1
snowdoun,1
silvan,1
unreveal'd,1
gallangad.[226,1
"charge,[224",1
glowworm,1
shamefast,1
whomso,1
astynoos,1
askalaphos,1
contrariwise,1
alegenor,1
famed,1
danae,1
yawn'd,1
norman,1
deferr'd,1
angus,1
duncan,1
arm'd,1
power.[282,1
bewick,1
kymindis,1
"near,—not",1
"pondered,—his",1
tarrieth,1
willeth,1
darksome,1
dale,1
259,1
claims--,1
"hill,--",1
trosachs,1
"--""peace",1
malise,1
alter'd,1
damosel[341,1
burned,1
wheresoever,1
spiritless,1
steadily,1
errant,1
needwood[339,1
"roar'd.--""i",1
chaser[329,1
switzer[326,1
lufra,1
mark'd,1
wrestler,1
viii,1
304,1
pedagogical,1
onwards,1
kalchas,1
laboureth,1
epikle,1
"wall,—and",1
inglorious,1
tillage,1
characteristics,1
roderick,1
"thee,--who",1
tatter'd,1
--'my,1
foe!'--,1
fled?--old,1
"i,--to",1
poynado,1
essex,1
"argives,—some",1
hecatomb,1
confusedly,1
jackal,1
y'ad,1
cu,1
invitement,1
"beggars.--""i",1
armorial,1
"arms""--show",1
chittizen,1
sfoot,1
arms;[10,1
winifred,1
sal,1
sublimate,1
gaper,1
furiously,1
"lion,—even",1
withe,1
akamas,1
gatherer,1
arsenic,1
cunningly,1
weel,1
i'faith,1
orgy,1
unthankful,1
tush,1
approved,1
iphianassa,1
gerenia,1
stablishe,1
straggler,1
phoinix,1
biddeth,1
eyewitness,1
lavender[103]--if,1
d'un,1
tirer,1
sloth,1
infortunate,1
virginia,1
deputy,1
law!--my,1
bearest,1
dishonouredst,1
unabashed,1
onslaught,1
fenceth,1
ounce.[156,1
tall'st,1
dromedary,1
harbour'd,1
adultery,1
gniaca,1
sindefy,1
twierpipe,1
this?--my,1
purgatory,1
possesseth,1
hideth,1
lykia,1
eïoneus,1
aiante,1
layeth,1
"""--ed",1
vertue,1
1613,1
plainer,1
instruments[173,1
unfeignedly,1
wrong'd[169,1
temp'rates,1
legerdemain,1
"centaur,--half",1
honoureth,1
keepest,1
kilikia,1
handmaiden,1
reproaching,1
shifteth,1
hekabe,1
awearie,1
horse.--,1
puich[220,1
maurano,1
woodcock,1
"anna,--fleet",1
hyman,1
lady----,1
disguisèd,1
death',1
"husbands.--""they'll",1
lasciviously,1
nourisher,1
deliciousness,1
man[258,1
condition's[257,1
dotage,1
unpeer'd,1
"virgins,[252",1
persever,1
pavy,1
hang'd,1
capon,1
geld,1
sestian,1
"fear,--yet",1
flowers[236,1
noddy,1
diseasèd,1
madest,1
sisyphos,1
craftiest,1
putteth,1
adrestos,1
howbeit,1
stirreth,1
kypris,1
quenchless[273,1
rarest--,1
countess,1
promoter,1
speare,1
vendible--,1
tydeides,1
reeling,1
backwards,1
shiftless,1
farmstead,1
eëriboia,1
tirèd,1
ingrateful,1
head's,1
vengeance.[309,1
incontinence--,1
visnomy,1
cozen,1
potent[280,1
femalist,1
run;--her,1
relent,1
tut,1
perfection--,1
"goodess,[338",1
invocate,1
"feature,[333",1
compassion--,1
promethean,1
"writes:--""i",1
browne,1
herod,1
ranter,1
"night,[329",1
darius,1
leopard;[321,1
beguilest,1
amorist,1
lisp'd,1
tennis,1
surquedry![358,1
stomach'd,1
limbo,1
crabfish,1
phoebe,1
damnèd,1
blear,1
mum,1
cameleon,1
habiliment,1
soldados[343,1
wishèd,1
pleasuring,1
lucian,1
underworld,1
haimon,1
stronghold,1
maionia,1
notch,1
dispenser,1
beholding,1
nitty[384,1
cyllenian?[376,1
regard'st,1
bruto,1
tubrio,1
paceth,1
advisedly,1
muto,1
prop,1
entereth,1
shapeth,1
pigmy,1
asio,1
athenians,1
birth;—and,1
roguy,1
epictetus,1
lave,1
grillus,1
sometimes[393,1
semains_[390,1
bartas,1
ducean,1
riseth,1
hephaisto,1
ladle,1
purposest,1
aigaion,1
undeservèd,1
maligns,1
that[445,1
firèd,1
trull,1
impiety,1
hylus,1
revelling,1
simp'ring,1
panchaia,1
mutius,1
aphrogenia,1
dreamèd,1
wrot,1
censor,1
itching,1
tubered,1
arse,1
term'd,1
smug,1
jovian,1
pawn,1
satiate[464,1
keep'st,1
frie,1
baiting,1
pretence,1
pelops,1
"commodities,[574",1
profoundness,1
busk,1
aigeus,1
rul,1
biddest,1
beotian,1
workmanship,1
watchword,1
curio,1
burièd,1
"'""--_grosart",1
"head""--evidently",1
"head,[527",1
garded[522,1
"genius,--yet",1
selah,1
raisèd,1
fair'st,1
stol'n,1
reckoning,1
dear'st,1
willingness,1
brutish,1
lesbia,1
employ'd,1
meanly,1
desist,1
tuscus,1
brothel,1
weak'ning,1
bacchanal,1
upside,1
threatener,1
timber--,1
unblemished,1
translators,1
profanation,1
broth,1
"fate,--",1
beliza,1
chaster,1
myrtillus,1
polybus,1
prilis,1
devotely,1
visard,1
sophrosyne,1
philosophic,1
353,1
dicing,1
323,1
camomile,1
barbary,1
strue,1
nichols.--collier,1
ms.--nichol,1
obscurity,1
swiss,1
18,1
3,1
sophiste,1
fight--,1
caring,1
oasis,1
outright,1
to--,1
grandsir,1
geese,1
viola,1
genealogy,1
rejudge,1
engross,1
dunce,1
heady,1
diffusing,1
mathematic,1
whirl'd,1
extacy,1
describ'd,1
pard'ne,1
mira,1
discompos'd,1
unhonored,1
plan'd,1
rougher,1
flow'ry,1
motly,1
prerogative,1
bleeding,1
intreate,1
strephon,1
all[6,1
farmers,1
wilton,1
blasphem'd,1
unshelter'd,1
torpid,1
thatch,1
unlit,1
aden,1
bloomin,1
be'avin,1
otway,1
budgell,1
revénue,1
fool'd,1
mankind.--eugenio,1
leak'd,1
deeds,1
grey.--,1
beautify'd,1
devoutly,1
adn't,1
ide,1
orf'cer,1
eart,1
teachin,1
ammered--'e,1
more--,1
cracker,1
discerning,1
republication,1
coxcomb,1
sooty,1
teased,1
me.--,1
nipp'd,1
florist,1
skittle,1
sing--,1
engaging,1
120,1
baneful,1
woodfall,1
again--,1
falt're,1
law:--,1
rip'ne,1
oppress'd,1
unheeded,1
loves--,1
jonas,1
explored,1
unportion'd,1
labourer,1
lad--,1
blushin,1
bowin,1
guns,1
comparin,1
banquit,1
dursn't,1
d'yer,1
walkin,1
ave,1
reef,1
frigate,1
woes?--from,1
suppress'd,1
orspital,1
jolly--'er,1
landin,1
o'-war,1
drill--,1
lovelace,1
loiter'd,1
laundry,1
trace--,1
beating,1
censorious,1
simpering,1
senicio,1
630,1
graft,1
fond--'oh,1
350,1
possess'd:--,1
chancel,1
stud,1
pervert,1
gorse,1
stray'd,1
wink'd,1
poacher,1
ploughman,1
uncontroll'd,1
stephen,1
plowman,1
unletter'd,1
dependent,1
prome,1
possessions,1
affix,1
rev'rence,1
urt,1
marchin,1
trailin,1
bleedin,1
neater,1
burma,1
cuff,1
frankford,1
nature;--never,1
pauper,1
call.--,1
isaac,1
misnamed,1
"crime,--",1
me;--,1
pilfer'd,1
eustace!--yet,1
greyling,1
watch!--for,1
weep!--he,1
knock!--he,1
friend's.--in,1
more;--the,1
reproof,1
supinely,1
pain'd,1
perish'd,1
compell'd,1
hatre,1
brevity,1
originate,1
disproportioned,1
grouse,1
whisperin,1
hogan,1
cept,1
roundshot,1
ousetop,1
bottled,1
bobbin,1
seceder,1
deficiency,1
detection,1
impediment,1
rest.--,1
unfixing,1
dutiful,1
wond'rous,1
sov'reign'st,1
230,1
"message--""thomas",1
alive.--,1
builder,1
prebendary,1
gunner,1
grating,1
untutor'd,1
unreprove,1
universities,1
infirmitie,1
confessedly,1
liberties,1
seal'd,1
button,1
concertina,1
afreedeeman,1
on'y,1
fuzzy,1
irriwaddy,1
burman,1
deist,1
"publish?""--those",1
answer'd,1
"opinion--""send",1
began;--he,1
"powers--""i'll",1
sectary,1
significant,1
morns,1
perfidy,1
chanst,1
acrost,1
rejoin,1
avow'd--,1
chican'ry,1
honour--'honourable,1
alacrity,1
lawfully,1
art:--,1
robb'd,1
mortgage,1
"friend.--""what",1
bur,1
these--,1
confuse,1
doubting,1
footlight,1
boggy,1
decamping,1
they've,1
cot,1
eyed[56,1
spindle,1
oxymel,1
tonic,1
complie,1
"not;""--""then",1
reckon'd,1
grieved--'twa,1
"james,""--the",1
timbrel,1
hindered,1
amethyst,1
annul,1
plush,1
surmise,1
cribbage,1
"determine,--will",1
furry,1
palsy,1
pillow'd,1
code,1
card----,1
incidental,1
listener,1
partook,1
entering,1
attache,1
boanerge,1
extant,1
himmaleh,1
uncurb'd,1
train'd,1
standing,1
grew;--,1
authorise,1
feeling?--feele,1
alphonso,1
tented,1
tartars,1
rant,1
grog,1
impressionist,1
"themes,--life",1
equitably,1
inflate,1
friend;--then,1
enjoy'd,1
griffin,1
afraid.--,1
dext'rous,1
"reputation?""--that",1
romeos,1
now?--the,1
jockey,1
secura,1
damni,1
jachin,1
stored--,1
shelf,1
epeus,1
seniority,1
below--,1
not;--with,1
tale;--now,1
erroneous,1
commands:--in,1
260,1
"wise?""--",1
lo!--the,1
moralize,1
heal'd,1
glass;'--he,1
lad's,1
beasts;--,1
eumelus,1
sworn,1
pheres,1
him;--when,1
concealment,1
hovel,1
class'd,1
undirected,1
orford,1
adieu--,1
frigid,1
shunn'd,1
time;--from,1
favour'd,1
summon'd,1
reason'd,1
unguent,1
wondrously,1
peeress,1
food?--what,1
apprentice,1
supineness,1
--'in,1
"listeth,--die",1
--do,1
spinster,1
afraid--,1
rank'd,1
check'd,1
accompte,1
polydamas,1
sally,1
bandying,1
stubbornly,1
possess'd--,1
seduction,1
impart:--,1
hand;--,1
relinquishe,1
loved--,1
home;--she,1
credulity,1
scoop'd,1
get--,1
father?--that,1
approach'd,1
peacefully,1
overpower,1
polymele,1
prophesying,1
repays,1
fester,1
gall'd,1
joyless,1
peers,1
spoom,1
diffus'd,1
immur'd,1
intemp'rance,1
826,1
seraglio,1
runaway,1
amphimachus,1
bounding,1
elude,1
charred,1
lasting,1
1224,1
insidiously,1
naso,1
1202,1
spelling,1
indolent,1
continuance,1
benin,1
fantee,1
presageful,1
dolops,1
shave,1
obsequiousness,1
sturgeon,1
wifehood,1
circumvent,1
acontius,1
tables.--ver,1
iphis,1
hermione,1
indescribably,1
accordance,1
separation,1
recur,1
ervx,1
podalirius,1
imbrius,1
artery,1
foolhardiness,1
augeas,1
pylus,1
elis,1
onion,1
circulate,1
brawler,1
satellite,1
formation,1
newton,1
cite,1
gunpowder,1
gracefully,1
gayety,1
lobster,1
instrumentally,1
adequately,1
slanderer,1
eddying,1
ferret,1
overrate,1
mistress—_unless,1
goodbye,1
undisguised,1
canterbury,1
sunburst,1
aspic,1
convulse,1
lambent,1
waking,1
byssus,1
pealing,1
cresset,1
sculpture,1
furbish,1
chrysalis,1
prediction,1
acquainted,1
gauls,1
dexterity,1
twirl,1
thebe,1
husbandry,1
said—“he,1
entail,1
esau,1
insignia,1
sixteen,1
commissioners,1
conveyance,1
clinging,1
continuous,1
conceited,1
bumper,1
ferula,1
selling,1
incredible,1
hurtful,1
trumpery,1
preëminent,1
loll,1
fruitage,1
naiad,1
arabbiato_—in,1
marseilles,1
aegae,1
gird,1
ides,1
hellas,1
eater,1
lamia,1
paroxysm,1
says:—‘in,1
reciprocal,1
jelly,1
drawer,1
anemic,1
signe,1
icarus,1
oeneus,1
proetus,1
areithous,1
braggart,1
havoc,1
newborn,1
guileless,1
castanet,1
crevice,1
rhenish,1
pewter,1
meerschaum,1
galen,1
archistratus,1
parasite,1
boa,1
accessible,1
irrevocable,1
imperceptible,1
overlook,1
systematic,1
deploy,1
incentive,1
islet,1
matrimonial,1
ionic,1
surmounting,1
emigrant,1
her—“but,1
rejection,1
turtledove,1
glaucus,1
cicale,1
carians,1
meonia,1
eurypylus,1
phegeus,1
capaneus,1
upsettingest,1
bloomer,1
everlasting,1
hare,1
paycock,1
authoresse,1
starling,1
creditable,1
expressly,1
wallace,1
ambuscade,1
cheep,1
meekly,1
lyrnessus,1
despoiled,1
epicurean,1
classically,1
freshened,1
doyle,1
laziness,1
screaming,1
regenerator,1
women_—by,1
farthing,1
blounet,1
unpractise,1
wronged,1
cargo,1
crowther,1
speer,1
218,1
tipple,1
library”—book,1
vertumnus,1
lemon,1
hae,1
tulwar,1
palmyra,1
simoom,1
bride’s,1
moorish,1
aegaeon,1
blanch'd,1
brethon,1
faerie,1
frore,1
broughton,1
prayer:--,1
dignified,1
kail,1
neglecting,1
cuckoos,1
fearsomely,1
mistook,1
nim,1
dingle,1
perhaps--,1
brassbound,1
middlemost,1
aerial,1
pitty,1
amis,1
chaldeans,1
purposely,1
crosby,1
hutchinson,1
togidder,1
beckermet,1
drigg,1
"ages,--the",1
borrodale,1
vikings,1
collectively,1
heartiness,1
cuthbert,1
grandmother,1
raillery,1
infantine,1
--'or,1
boding,1
allegiance,1
1153,1
"knight,--the",1
martindale,1
1628,1
harris,1
ulph,1
whitaker,1
junction,1
verbatim,1
ynstrux,1
relygyus,1
westmorland,1
calder,1
ettrick,1
brownie,1
menial,1
steward,1
site,1
lyson,1
effaced,1
superstitious,1
inglewood,1
musgrave,1
instil,1
annually,1
wardship,1
pitchy,1
wort,1
nill,1
left’st,1
fram’d,1
swearing,1
chelsay,1
pallace,1
shoote,1
devastation,1
fornside,1
tophet,1
reddish,1
philipson,1
sumwatt,1
refus’d,1
forswore,1
colour’d,1
cherubin,1
tempter,1
th’unexperient,1
recluse,1
"utterance--""woe",1
glenderamakin,1
southey,1
mortar,1
"express'd""--",1
ermengarde,1
valiantly,1
brougham,1
convenable,1
emir,1
avail'd,1
devotion?--,1
unreste,1
cumbria,1
1355,1
tarn,1
suidbert,1
brough'm,1
greystoke,1
constantine,1
dalton,1
rectory,1
golde,1
shortcoming,1
figur’d,1
unshorn,1
ruffle,1
usury,1
believ’d,1
bloodless,1
forbode,1
appertaining,1
howe,1
fells,1
paterdale,1
bann,1
decrepid,1
shrewdness,1
agility,1
millum,1
egremont,1
deface,1
plausibly,1
utt’re,1
lucretius,1
sear,1
surfs,1
penitence,1
vastness,1
relentless,1
embodied,1
159,1
anderson,1
etymological,1
kirke,1
cumbrian,1
habitude,1
ledge,1
harrison,1
unadvised,1
observance,1
steve,1
encamp,1
inning,1
innings,1
raspberry,1
familiarity,1
oxygen,1
s'pose,1
responsibility,1
vic,1
flabby,1
whispered,1
mumble,1
lifeless,1
collatine,1
heaviness,1
hild,1
inveigh,1
conduits,1
extinguished,1
ingrate,1
raucous,1
geographer,1
topple,1
flitter,1
whitney,1
panorama,1
wheelbarrow,1
artifice,1
luxuriate,1
ysaye,1
goriot,1
père,1
perceptive,1
intricate,1
villon,1
seriousness,1
overwhelming,1
jeanne,1
forgone,1
judy,1
grippt,1
darkness?--life,1
gille,1
bestial,1
vocabulary,1
mal,1
dump,1
unpractised,1
int’r,1
verona,1
serpentine,1
insanity,1
irony,1
s'oublie,1
qui,1
d'une,1
forcés,1
fakir,1
vividly,1
look’st,1
dar’st,1
stol’n,1
wormwood,1
thievish,1
convulsive,1
dictionary,1
jam,1
enigmatical,1
fatally,1
vers,1
tous,1
lenient,1
unforgettable,1
malign,1
delinquency,1
smell'st,1
borgia,1
sneape,1
unresisted,1
beseem,1
subtract,1
intoxicated,1
faustina,1
haschisch,1
glacis,1
evoked,1
disproportion,1
poe,1
comparable,1
arraign,1
supersubtie,1
constantin,1
partager,1
engirt,1
augment,1
securely,1
reck’ne,1
eternalize,1
adorable,1
irresolute,1
perpetuate,1
mesquine,1
soient,1
leur,1
gémir,1
ferocious,1
pas,1
knarle,1
ebook,1
franc,1
despaired,1
defac’d,1
priz’d,1
reviv’d,1
traitorous,1
catapult,1
bubbles,1
belonging,1
odorless,1
admissible,1
popularity,1
enchanter,1
1862,1
janus,1
rum,1
chatter,1
agape,1
rédemptory,1
acclamation,1
eris,1
politician,1
spondanus,1
worldling,1
beastly,1
dung,1
spher’d,1
awash,1
sot,1
"me""--o",1
lolling,1
roar'd,1
rather--,1
skater,1
light’ner,1
ægæon,1
briarëus,1
ills,1
caus’d,1
gav’st,1
convers’d,1
vig’rous,1
ægean,1
ag’d,1
spoken,1
frontless,1
chalcida,1
eubœa,1
pythonians,1
voluptuousness,1
precipitously,1
bantling,1
gluttonous,1
flow’d,1
nation’d,1
furnish’d,1
array’d,1
nakedness,1
greekish,1
incorrupte,1
seiz’d,1
dang’rous,1
batieia,1
marine,1
murmur'd,1
departest,1
arime,1
pleas’d,1
ramnusia,1
medon,1
unleft,1
user,1
alciden,1
merion,1
gnossus,1
cephale,1
echinaus,1
mycene,1
"hour,--",1
moonshine,1
rick,1
jenny,1
birdie,1
sham’d,1
endlessly,1
again[1,1
formally,1
receipt,1
goddesses,1
count’nance,1
wither’d,1
shadow’d,1
meïon,1
cyprides,1
ordeal,1
chidden,1
symbol'd,1
halter,1
ruiner,1
"fire,[1",1
deriv’d,1
echepolus,1
renownéd,1
embattelle,1
discomfit,1
ew’d,1
arbiter,1
conquer’d,1
discen’d,1
loiar,1
taunt,1
telamon,1
averill,1
arden,1
menesthe,1
anchisiades,1
stall,1
smear’d,1
lackey,1
pin’d,1
surpris’d,1
deserv’d,1
fitfully,1
smatteringly,1
grief--,1
us--,1
"aware,--",1
sadden'd,1
horse--,1
stoopt,1
levy,1
month--,1
leavy,1
impress’d,1
spar’st,1
elatus,1
continu’d,1
bray’d,1
wishéd,1
complain’d,1
bœotia,1
ventur’d,1
graduate,1
journalism,1
scrip,1
wattles,1
lyrics,1
unimpeachéd,1
puissant,1
hugely,1
beech,1
ev’nly,1
high’st,1
shrewish,1
sidonia,1
consórt,1
will'd,1
bashfulness,1
japan,1
1911,1
carlin,1
burt,1
ador’d,1
desp’rate,1
haunch,1
closure,1
"where,’twixt",1
fear’st,1
infolde,1
prease,1
shunn’st,1
gargarus,1
renew’d,1
architecture,1
admir’d,1
speak’st,1
unremorseful,1
soil’d,1
helle,1
burn’d,1
hopeth,1
prais’d,1
anthæa,1
quick’ne,1
opposéd,1
fail’d,1
pike,1
joy’d,1
intestine,1
senior,1
kill’d,1
strook,1
sesame,1
cincinnati,1
1901,1
lesser,1
aprils,1
interfere,1
pursu’d,1
mad’st,1
molus,1
judicial,1
assum’d,1
strengthen’d,1
straggling,1
palid,1
buprasius,1
sunburn,1
long.~,1
~but,1
wishly,1
inspersion,1
engag’d,1
archery,1
opheltes,1
amaz’d,1
outlook,1
football,1
antimachus,1
otherwhile,1
proportion’d,1
deedless,1
mastering,1
leveled,1
petalle,1
summertime,1
ceres,1
fi’ry,1
andremon,1
nourish’d,1
ceaseless,1
seaport,1
blanch,1
employ’d,1
suffer’d,1
immartial,1
towardness,1
menœtius,1
~are,1
deborah,1
gangrene,1
rockford,1
snatch’d,1
enticement,1
adorn’d,1
thicken’d,1
polypæt,1
harmful,1
satietie,1
gratifi,1
truncheon,1
stuck,1
ascalaphus,1
dissolv’d,1
entertain’d,1
weigh’d,1
fray’d,1
leafless,1
booted,1
brag,1
cytherans,1
meges,1
recover’d,1
repell,1
saturnia,1
cymmindis,1
od’rous,1
wond’rous,1
digressive,1
exquisitely,1
harbury,1
celtic,1
bestowing,1
confidant,1
timberline,1
eas’d,1
menesthius,1
ev’rv,1
order’d,1
eëtion,1
hous’d,1
ajourn,1
med’cine,1
liker,1
rul’d,1
strenuity,1
hurri,1
currier,1
foresaw,1
courier,1
exposure,1
sthenelaus,1
spoil’d,1
judg’d,1
authoriz’d,1
lycon,1
oïliades,1
chimæra,1
phylides,1
subdu’d,1
pray’rs,1
roadside,1
soothéd,1
disgraceth,1
unforeseen,1
appraise,1
callianassa,1
boist’rous,1
thrasymede,1
laodocus,1
plied,1
found’st,1
affirm,1
overlay,1
slaughterer,1
phænops,1
countervail’d,1
enterance,1
prick’d,1
harpy,1
"educatión,[1",1
curséd,1
advis’d,1
perjur’d,1
buriéd,1
terrifying,1
ταυ̑,1
shar’d,1
handfuls,1
jointly,1
excellent’st,1
arte,1
repercussive,1
repulséd,1
chorister,1
~young,1
enfolds,1
appeasive,1
austyn,1
unfurl,1
quickens,1
inblent,1
threaten’st,1
hycetaon,1
got,1
sprang,1
erichthonius,1
excitation,1
barb,1
aw’d,1
bleating,1
disarm’d,1
afflicted,1
terribly,1
assur’d,1
ent’ring,1
ilians,1
chas’d,1
partitions,1
immane,1
godheads,1
polydore,1
lelegi,1
æacide,1
sprite,1
pelides,1
match’d,1
rev’rend,1
fetch’d,1
crapsey,1
amontillado,1
motley,1
reprehend,1
idomenëus,1
manes,1
æthe,1
horsemanship,1
gen’rally,1
cómplete,1
edify,1
vaporous,1
diverted,1
distress’d,1
hurriedly,1
etexts,1
encroaching,1
saveth,1
revelry,1
discern’d,1
ratify,1
brat,1
accurséd,1
peleüs,1
uplandish,1
sidon,1
skill’d,1
solemniz’d,1
œdipus,1
cytheræan,1
unison,1
oaten,1
casque,1
bravely,1
ungodly,1
recital,1
reluctantly,1
halting,1
miserably,1
clos’d,1
nutritión,1
preservation,1
curs’d,1
driv’n,1
vouch,1
knife--,1
unlettere,1
waltz,1
unfledged,1
spool,1
rename,1
crav,1
star--,1
pollen,1
memories,1
lurid,1
sorceress,1
dual,1
pavilione,1
changeling,1
artemisium,1
nebuchadnezzar,1
pillage,1
"eyes,—these",1
"drugs,—alas",1
unexultant,1
boy’s,1
depose,1
indefatigably,1
vicar,1
bayes,1
isaiah,1
pales,1
realization,1
bather,1
where’er,1
outgrow,1
hezekiah,1
silhouette,1
veronesé,1
sordello,1
despoilèd,1
panegyric,1
indiscriminately,1
layman,1
esdras,1
ground.[29,1
grovle,1
astrologer,1
opposer,1
billingsgate,1
nauseously,1
charitably,1
purgative,1
oven,1
lickt,1
unsatisfie,1
unenjoyed,1
boreas,1
"manner,'the",1
acrimony,1
papist,1
below.[83,1
jester,1
parable,1
protestants,1
leav'st,1
eagre[49,1
hovering,1
patent,1
austerity,1
colonos,1
landward,1
dipping,1
compress,1
pestilential,1
blasphemer,1
bilanders[105,1
unuseful,1
director,1
impeach,1
gusto,1
extravagancy,1
reasonably,1
philistine,1
melilote,1
louder,1
virginity,1
unravished,1
athena,1
popish,1
fanatic,1
missioner,1
traditive,1
senate,1
utensil,1
unthankfully,1
zuinglius,1
pamphlet,1
fervour,1
hume,1
ungodde,1
chimnie,1
leaps,1
kingfisher,1
loomed,1
protract,1
those.[201,1
swilling,1
decrease,1
tormentor,1
hollanders,1
missionary,1
coriolanus,1
heretic,1
irrational,1
phantastical,1
latitudinarian,1
slighter,1
commons,1
ordinance,1
bess,1
accession,1
pretended,1
dionysius,1
villainy,1
goth,1
bran,1
harpies,1
corny,1
buzzard,1
below.--,1
espouse,1
pun,1
diffident,1
lieu,1
"""--_new",1
oppugn,1
pretension,1
ejecting,1
feversham,1
allusion,1
pulpit,1
eruption,1
205,1
those._--p.,1
plagiary,1
"""[268",1
headship,1
romanist,1
duncomb,1
alderman,1
moonstruck,1
mænad,1
questing,1
heliconian,1
faun,1
epilogue,1
unit,1
boldness,1
gude,1
pave,1
tattle,1
penning,1
tenet,1
calprenede,1
bluest,1
unappeased,1
peaceless,1
calypso,1
thereunto,1
thanks.[353,1
swissers,1
prate,1
bombast,1
warton,1
scornful,1
dr,1
abler,1
gawdry,1
tarnished,1
adon,1
fresher,1
olafson,1
troublous,1
hesperus,1
anatomy,1
it.[373,1
taxis,1
roger,1
ambient,1
harbinger,1
cox,1
do?--o,1
orders?--that,1
cibber,1
waterman,1
misguide,1
manlihood,1
strayed,1
kinglike,1
piedmont,1
comical,1
dribble,1
whoring,1
fools--'tis,1
partaker,1
salutes,1
"tasted,--",1
trimmers,1
"eusebius,--for",1
cam,1
serenade,1
florid,1
author[410,1
clipt,1
degrees;[408,1
padder,1
"haynes,[405",1
write?--we,1
propitious,1
bogland,1
allurer,1
them?--they,1
nemour,1
cæsar[399,1
sneak,1
bespatter,1
foreman,1
franticly,1
dumbly,1
asham’d,1
russian,1
o’erstraw’d,1
tooth’d,1
myst’ry,1
sublimely,1
seagull,1
italic,1
threescore,1
smoother,1
flecknoe,1
melchizedec,1
tautology,1
malone,1
lustral,1
angour,1
decease,1
stopp’d,1
relume,1
coldness,1
intangible,1
c.-in-,1
|they,1
honoured,1
piercingly,1
carrier,1
dewdrop,1
kissed,1
flow’rs,1
lurk’d,1
dine--,1
lucullus,1
pennsylvania,1
toothe,1
pickett,1
power--,1
taunt--,1
paleolithic,1
mystify,1
broaden,1
dummy,1
run--,1
rattan,1
disempassione,1
bewilderment,1
impregnant,1
knew--,1
distemp’re,1
776,1
892,1
numb,1
milch,1
848,1
836,1
dreg,1
sheltered--,1
flaccid,1
reverenced--,1
win--,1
unrolled--,1
smile--,1
spat,1
wittily,1
thriveth,1
compass’d,1
561,1
kentuckians,1
ashley,1
subscriber,1
westering,1
trope,1
suchlike,1
tuft,1
valhalla,1
umbrella,1
dyak,1
eyes--,1
seeing,1
452,1
breedeth,1
440,1
433,1
404,1
squaw,1
whimper,1
profundity,1
rubbly,1
tremor,1
veer,1
unrelinquished,1
unnumbered,1
crumpled,1
selfless,1
heaveth,1
laugh’d,1
forceless,1
208,1
tormenteth,1
rubble,1
northwest,1
taunting,1
enamor,1
mirrored,1
muzzle,1
creek,1
galling,1
lurking,1
dint,1
feather’d,1
scornfully,1
menace,1
freezing,1
bandage,1
sisters,1
inverse,1
blizzard,1
flume,1
sandy,1
obsession,1
wistful,1
rekindled,1
womanish,1
squad,1
soup,1
stew,1
bloodsmear,1
enumerate,1
32,1
inject,1
twitch,1
tug,1
cod,1
squid,1
10.=,1
6.=,1
galloper,1
1.=,1
9.=,1
blanket,1
rainy,1
graybeard,1
drowse,1
drawling,1
"440,000",1
flound're,1
hag,1
placidity,1
enlighten,1
debauchee,1
currently,1
1813,1
tasso,1
20.=,1
betrayal,1
myth,1
primarily,1
3.=,1
12.=,1
andaye,1
cadmean,1
partidas,1
cartridge,1
extrication,1
--these,1
blending,1
cantabrian,1
quince,1
archéd,1
besieger,1
suetonius,1
perilously,1
macrobius,1
bilbao,1
withouten,1
formidable,1
thermopylæ,1
200,1
pygmæan,1
zabaldíca,1
bastion,1
lackadaisy,1
compatriot,1
volscian,1
stigma,1
is’t,1
mina,1
partisan,1
situated,1
picturesquely,1
jaizquibél,1
41a,1
38a,1
slob,1
deepening,1
earthward,1
cratere,1
vallar,1
implement,1
dans,1
sauroren,1
sued--’twa,1
ailing,1
fatigue,1
adulterer,1
kindling.--through,1
wrested,1
genesis,1
geatland,1
barrow,1
forecast,1
heading,1
16a,1
greyhound,1
thickest,1
feluca,1
unwarne,1
canto,1
trooper,1
tirailleur,1
fuéro,1
biscay,1
circlet,1
undismaye,1
irene,1
opprobrium,1
hrethling,1
girding,1
weohstan,1
scutcheone,1
cumbrous,1
evergreen,1
storming,1
astride,1
unslack’d,1
snapt,1
strenuous,1
empedocles,1
rivalry,1
prodigy,1
unhelped,1
requital,1
cumber,1
unharmed,1
carlos,1
implored,1
hoarsely,1
clapt,1
gnash,1
shrive,1
solicitude,1
fed:--,1
all--,1
ismail,1
portuguese,1
tenderest,1
scoft,1
derisive,1
français,1
aux,1
1700,1
"50,000",1
"11,000",1
concession,1
godoy,1
velarde,1
thiers:--,1
stopt,1
700,1
calton,1
"6,000",1
barbe,1
geat,1
sovran,1
33b,1
hreosnabeorh,1
disabled,1
starter,1
stripling,1
tiniest,1
briskly,1
locric,1
rot,1
putrescent,1
o’erpowere,1
swept,1
nial,1
napoléon;--,1
outshone,1
27c,1
heathobard,1
hidalgo,1
palliate,1
kite,1
smother--,1
condemnéd,1
imminent,1
ta’en,1
more--“’ti,1
bidasoa,1
cybele,1
berecynthian,1
crag,1
andalucian,1
amble,1
uther,1
swayeth,1
cithara,1
themistocles,1
inflexible,1
bâton,1
salamanca,1
"2,000",1
unbridled,1
rodrigo,1
ciudad,1
artillery,1
ierne,1
legion,1
landscape,1
lordless,1
wyrd,1
bandy,1
heirloom,1
cutla,1
insignificance,1
modulation,1
unpretending,1
infuriate,1
navy,1
"reap,--",1
mayor,1
bruge,1
delarue,1
millionaire,1
dane,1
heft,1
henchman,1
outlaw,1
physics,1
twinkling,1
mademoiselle,1
penn,1
daintily,1
ecclesons,1
unpleasing,1
devotedness,1
pompous,1
antiquated,1
concordant,1
sank,1
communing,1
grenada,1
dwarfish,1
1d,1
heedlessness,1
omnipotent,1
corrode,1
jesting,1
florentine,1
portionless,1
allston,1
procuring,1
d’auvergne,1
latour,1
detachment,1
ozark,1
vere,1
trange,1
skilly,1
becomingly,1
recherché,1
abominable,1
undeniable,1
ungainly,1
antoinette,1
1785,1
proverbial,1
shackle,1
portugal,1
navigator,1
speculative,1
vivacity,1
surprising,1
sagacious,1
questionable,1
contemn’d,1
significance,1
griswold,1
honesty,1
rapidity,1
indignantly,1
life:—fierce,1
coyly,1
faery,1
heerd,1
lara,1
riggin,1
vouldn’t,1
breeder,1
ashes--,1
tattoo,1
crapulous,1
spoke,1
another's--,1
dwindle,1
gloomward,1
dense,1
glebe,1
worshipper,1
appreciation,1
accacia,1
catering,1
incautiously,1
toldyeso,1
regardless,1
denver,1
granny,1
lipans,1
ashton,1
flew,1
him-,1
demi,1
uncabine,1
phantasmic,1
"bounds,--",1
me.--no,1
impulsion,1
awèd,1
tears[5,1
home.--her,1
501,1
sigheth,1
urgeth,1
chin,1
gouge,1
faints,1
blab,1
unhearted,1
twofold,1
heron,1
forborne,1
otis,1
forman,1
durability,1
subscription,1
intersection,1
aito,1
ayah_—and,1
mimosa,1
dealer,1
vouchsaf’t,1
drave,1
jewel’d,1
misdeem,1
unknowing,1
feared,1
unaccorde,1
foreknown,1
1004,1
would’st,1
livest,1
610,1
mischance,1
grudgingly,1
comforting,1
famish,1
leaveth,1
kisst,1
unwittingly,1
concern’d,1
ventures,1
pythoness,1
perfecting,1
tail’d,1
loathli,1
corol,1
loathèd,1
crete,1
dim’d,1
"demeter,--but",1
founder’d,1
burrow,1
it.—“within,1
hiopa,1
heed!’--and,1
lean’d,1
murmur’d,1
euphrosynè,1
bitterer,1
pineth,1
so’er,1
reveal’d,1
cloke,1
secrecy,1
beach,1
námunu,1
dissever,1
declaim,1
25,1
lease--,1
buonarroti,1
looketh,1
diligence,1
peacock,1
upgrown,1
plan’d,1
wizen’d,1
doit,1
pyx,1
"desire,--and",1
fledgeling,1
awond’re,1
naturing,1
crowneth,1
untemper’d,1
setteth,1
arising,1
dishearten’d,1
illnature,1
thou’st,1
census,1
unsullie,1
shapen,1
launchèd,1
stir’d,1
honoura,1
hearting,1
prejudge,1
wonted,1
aubyn,1
altering,1
bodily,1
cold--,1
brahms,1
thysel,1
compact,1
cherish’d,1
upstay’d,1
rights,1
learn--,1
armour’d,1
salvos,1
grayson,1
fascinate,1
counteracting,1
demente,1
dormer,1
parity,1
idolatry,1
intuitive,1
fragility,1
love—_thy,1
that_—do,1
eagerness,1
dormant,1
unreproache,1
proverbially,1
tome,1
neutralize,1
daley,1
67,1
mayde,1
digne,1
feyne,1
nedeth,1
groweth,1
fyn,1
longe,1
nathele,1
wryte,1
professed,1
muffin,1
chambermaid,1
victimise,1
fields,1
suspension,1
unprecedented,1
exhaustless,1
"heaven,[4",1
stalwort,1
princeton,1
hessians,1
manitou,1
flow’ret,1
aliquippa,1
retrospection,1
desperation,1
belmont,1
grandparent,1
believer,1
invincibility,1
bayonet,1
deportment,1
philosophically,1
roast,1
turban,1
mank,1
scientifically,1
rhapsody,1
foreclose,1
counteract,1
unmixe,1
buffalo,1
document,1
paralyze,1
discount,1
weneth,1
unneth,1
wode,1
clene,1
seystow,1
maystow,1
eyen,1
slepe,1
seche,1
parfit,1
bedight,1
chicken,1
novelist,1
informed,1
prune,1
forster,1
sons,1
devotement,1
harm'd,1
drest,1
overcharge,1
marr'd,1
unbroke,1
transpicuous,1
sultan,1
interweave,1
furrowed,1
livid,1
compos'd,1
elements,1
azla,1
bigyle,1
pliableness,1
ascribe,1
throweth,1
incorruptible,1
believeth,1
soul:--,1
intrigue,1
hindoo,1
indissoluble,1
seat_.--i.,1
smother'd,1
groupe,1
vacant,1
canker,1
beseem'd,1
amaranth,1
possessor,1
scymitar,1
yuma,1
jumboodweepa,1
sugura,1
rama,1
bower._--ix,1
invigorate,1
halhed,1
hic,1
petendus,1
beasts.--mandelslo,1
rishice'sa,1
wilford,1
amazing,1
elastic,1
liza,1
whipt,1
choked,1
drizzling,1
nudity,1
cracking,1
platoon,1
cinder,1
libyan,1
--an,1
"cheaply,--but",1
ananga,1
dismember,1
touchwood,1
devetas,1
seeva,1
lik’d,1
obtaine,1
fayne,1
trueth,1
mobilize,1
derwentwater,1
limbless,1
plod,1
wingless,1
wizened,1
scheming,1
virginal,1
bleary,1
blousy,1
lissome,1
furtive,1
blacke,1
beamy,1
bittre,1
clepe,1
shul,1
wyn,1
strof,1
oute,1
blaman,1
wrecche,1
cor,1
yevinge,1
seyden,1
com,1
lat,1
straunge,1
rayne,1
unydle,1
farre,1
windlase,1
marde,1
thiefe,1
sorrowe,1
defende,1
bankerowt,1
wagge,1
poyson,1
learnd,1
wounde,1
witte,1
sunne,1
staide,1
voyce,1
lese,1
wenen,1
wysly,1
twinnen,1
liste,1
nas,1
wiste,1
yeve,1
possesse,1
deemde,1
feele,1
languisht,1
ulster,1
needfull,1
weake,1
tast,1
grone,1
arraide,1
pyes,1
comedie,1
chastne,1
ô,1
foode,1
ruine,1
breede,1
ymag’d,1
knowne,1
fraunce,1
enmie,1
obtaind,1
heavie,1
breakefast,1
horne,1
divell,1
speciall,1
darke,1
crye,1
heere,1
liverie,1
t’enjoy,1
feede,1
crav’d,1
deere,1
coyn’d,1
authoritie,1
shewe,1
witle,1
chiefest,1
lieuetenancie,1
weare,1
cheereful,1
musicke,1
aire,1
shafte,1
marke,1
joyes,1
chaunce,1
yeeld,1
scuse,1
spotle,1
lords,1
envie,1
peepe,1
droof,1
wanteth,1
chese,1
queynt,1
devysen,1
entrecomunen,1
moste,1
pee,1
purposen,1
ambrosian,1
ech,1
starre,1
eare,1
looke,1
losse,1
franklie,1
hastow,1
faren,1
soothfastnesse,1
nedefully,1
purveyth,1
reson,1
yond,1
necessitee,1
enqueren,1
beame,1
carrie,1
faine,1
coale,1
lambkins,1
expelling,1
soune,1
sorweful,1
amonges,1
acheve,1
tretis,1
drowth,1
dedly,1
laughtre,1
bere,1
lyeth,1
alla,1
unbinde,1
thourgh,1
nil,1
yvel,1
serveth,1
doute,1
anoon,1
grounde,1
hor,1
thoughte,1
heigh,1
vertu,1
lete,1
obeye,1
othere,1
encresse,1
laft,1
desyre,1
livede,1
niltow,1
chaceth,1
mislyve,1
weakness--,1
doin’,1
can’st,1
fer,1
booming,1
haymake,1
duffer,1
corp’rul,1
aero,1
pershing,1
gen’rul,1
jazz,1
cuddle,1
adored--,1
caulk+,1
+,1
livin,1
chum,1
rosalie,1
becket,1
klondike,1
cuba,1
ai,1
daddy,1
"avalanche,--",1
tidal,1
marquis,1
scout,1
ze,1
zoze,1
sauvage,1
mcgee,1
leadership,1
sowing,1
cactus,1
whispered--“go,1
roy,1
wilcox,1
blooded,1
sabot,1
come;--the,1
aviation,1
pantomime,1
finch,1
"you,--put",1
ace,1
overseas,1
blighty,1
empirical,1
frail--,1
starveling,1
himself--,1
62,1
sadie”--_a,1
91,1
146,1
outfit,1
snider,1
pop,1
war!--_there,1
nothin’,1
indiarubber,1
cellar,1
nottingham,1
upstart,1
his;--,1
frende,1
thonkinge,1
brede,1
dispyse,1
woodnesse,1
holt,1
blameth,1
syke,1
nyce,1
hoolly,1
grete,1
apprehend,1
poverty;--,1
"me,--eye",1
motor,1
tovey,1
shropshire,1
cleric,1
uncontrollably,1
unsavoury,1
satirical,1
super,1
piccadilly,1
translator,1
"long,--",1
"lacking,--one",1
unwaked,1
flurry,1
"heed,--",1
o’erbrood,1
lansdown,1
magee,1
octagon,1
diligent,1
max,1
cinema,1
arter,1
flapper,1
hogge,1
pringle,1
juvenal,1
postman,1
percys,1
whisker,1
leonid,1
solidest,1
foretelling,1
insensible,1
nepenthé,1
easel,1
fortunately,1
ellison,1
57,1
beeyah,1
billabong,1
slavonic,1
tennyson,1
ineptitude,1
laboured,1
mississippi,1
unvulgarize,1
team,1
esquire,1
docket,1
wagon,1
deacon,1
hamble,1
leaping,1
clustering,1
monterey—_learn,1
claude,1
norrice!—and,1
jeffrey,1
praying,1
inhumanly,1
hand—“who,1
evade,1
reposing,1
borealis,1
vane,1
prayerful,1
compacted,1
paradisiacal,1
porpoise,1
slap,1
state’s,1
soapdish,1
chirrup,1
ellsler,1
bobbed,1
iroquois,1
manual,1
abe,1
coger,1
excruciating,1
bound—_in,1
gateway,1
perceiving,1
heartlessness,1
agitate,1
constituted,1
arnold,1
december,1
carleton,1
investment,1
reinforcement,1
decisively,1
montgomery,1
annunciation,1
sahara,1
asked—‘do,1
armitages,1
showy,1
felten,1
semeth,1
drinken,1
1215,1
othe,1
habundaunce,1
lyker,1
greyn,1
ialousye,1
sholden,1
thanne,1
her!—impossible,1
loved,1
looking,1
parasol,1
fracas,1
entertaining,1
bevy,1
telling,1
resumed—“well,1
unsuccessful,1
albion,1
merited,1
augurs,1
books:)—lette,1
macaulay,1
statuarie,1
faggot,1
wakes,1
covetousness,1
emanation,1
endearing,1
bosom—“but,1
relaxation,1
heartedness,1
derwent,1
introduction,1
ephemeral,1
prattler,1
immutable,1
neatness,1
countrifie,1
father’s,1
kitty,1
ye’d,1
avaricious,1
flashy,1
remittance,1
designation,1
"jeremy,—i",1
mystically,1
fated,1
benight,1
succeed.[3,1
o’erflow,1
worldle,1
shadowing,1
deputed,1
redeemer,1
adoration,1
unfaile,1
worse[12,1
actress,1
lariat,1
harvard,1
radium,1
educational,1
constantinople,1
113,1
rock’d,1
tolerant,1
biographical,1
felicitous,1
powell,1
hackneye,1
clearness,1
looker,1
betsy,1
pistil,1
obstruction,1
spade,1
fireman,1
dreamily,1
tile,1
poetess,1
donkey,1
strapping,1
confused,1
anything--,1
eurydice,1
unship,1
dejectedly,1
bryan,1
laced,1
careen,1
dives,1
glinting,1
encore,1
pilate,1
courtship,1
minnow,1
turkish,1
winifre,1
buskin,1
hotter,1
devildom,1
thunderclaps,1
ostler,1
unrepentant,1
241,1
russia,1
crabbe,1
variant,1
supplement,1
maldor,1
ugliness,1
poisoner,1
blouse,1
picker,1
droll,1
xx,1
immaculate,1
staidly,1
flirting,1
slyly,1
owen,1
design’d,1
stant,1
alyve,1
dede,1
honde,1
myne,1
hous,1
hierse,1
cipris,1
swiche,1
heren,1
wond’ring,1
correction,1
insolent,1
desertion,1
sooth’d,1
mossy,1
this?—i,1
besiege,1
debating,1
smiled;—i,1
famish’d,1
recline,1
disputing,1
well!”—“and,1
have!”—“’tis,1
ellis?”—ellis,1
alicia,1
praise—“she,1
380,1
320,1
fayle,1
wayten,1
goost,1
cas,1
desyr,1
mede,1
dele,1
yelpe,1
smiled—“to,1
unsate,1
tamely,1
govern’d,1
debated?—you,1
affrighten’d,1
by—“my,1
bow’d,1
ductile,1
obstinate,1
me!—why,1
blinded,1
bargain’d,1
reflected—“you,1
belwood,1
greek?—what,1
guess’d,1
dimple,1
sancho,1
quixote,1
accustom’d,1
supprest,1
suggestion!—well,1
glorious!—while,1
sicken’d,1
varying,1
saying—‘you,1
420,1
guardedly,1
magnet,1
fulfill’d,1
harriet,1
grandam,1
infringement,1
hand!’—i,1
660,1
bliss?’—but,1
widowhood,1
current?—well,1
give?”—“he,1
mysterious:—themes,1
720,1
unbore,1
coman,1
yerne,1
erthe,1
outen,1
brid,1
rys,1
knewe,1
preyse,1
stray’d,1
cross’d,1
daughter?”—“she,1
exclaim’d,1
warm’d,1
tompkin,1
unmix’d,1
prevail’d,1
290,1
contain’d,1
thrifty,1
purposed,1
thrift,1
unpaid,1
fail——“can,1
favour’d,1
review’d,1
feign’d,1
answer’d—“how,1
expell’d,1
uncontested,1
flirtation,1
maria”—so,1
murder!—this,1
1010,1
unfee’d,1
dyson”——instant,1
clarissa,1
profess’d,1
himself—“a,1
180,1
unchain’d,1
abounding,1
amphibious,1
train’d,1
remain’d,1
hatto,1
ruin’d,1
thriving,1
seventh,1
fashion?—if,1
cleanliness,1
it.—here,1
teller,1
strephons,1
him.—he,1
360,1
bewilder’d,1
villars,1
what—‘acceptance,1
astonish’d,1
miss’d,1
imprison’d,1
course:—young,1
fathers—“let,1
massy.—i,1
friendships,1
zimri,1
relinquish,1
300,1
encumbrance,1
ethelinda,1
belinda,1
finish’d,1
runner,1
approach’d,1
wreck’d,1
t’wa,1
"hearts,—when",1
disturb’d,1
starr’d,1
therwith,1
deman,1
1520,1
tolde,1
lovede,1
cour,1
hakketh,1
seye,1
preye,1
thurgh,1
hazardous,1
shipping,1
riche,1
poach,1
indulg’d,1
remember’d,1
publish’d,1
sustenance,1
sounder,1
regain’d,1
exceeding,1
unprofitable,1
patty,1
alter’d,1
go!”—and,1
pertinacious,1
die.—there,1
œnone,1
miscall,1
unencouraged,1
bright’ne,1
gaily,1
turbid,1
240,1
dupe,1
whisper’d,1
fleshless,1
world!—i,1
her.—oh,1
awakes,1
griefs,1
phosphoric,1
frolicks,1
consumptive,1
wonderfull,1
dun,1
hear]—and,1
suspense,1
dead?”—“disable,1
provok’d,1
enforc’d,1
emulation,1
quarry,1
disdain’d,1
unask’d,1
bitters,1
550,1
guideless,1
fever’d,1
secrets,1
charmer,1
due,1
beth’lem,1
cordials,1
dalilah,1
harlot,1
sexton,1
penury,1
burgess,1
chearful,1
prayers,1
pensioned,1
harshly,1
them”—that,1
savoury,1
unforseen!—when,1
amusements,1
b[rother,1
liveried,1
disorder’d,1
monied,1
changeful,1
foreshorten’d,1
rector,1
arts,1
virtues,1
seasons,1
horatio,1
infection,1
ceas’d,1
honours,1
abandon’d,1
o’erpower,1
judgments,1
mowing,1
hired,1
unsaid--,1
you?--dream,1
sainthood,1
disaster,1
aftermath,1
parted,1
collation,1
imprint,1
capricious,1
works,1
actions,1
miranda,1
fancies,1
verdict,1
111,1
fight—-,1
them—-from,1
encree,1
yave,1
derk,1
unwist,1
dide,1
daunce,1
pandare,1
weyve,1
dreedful,1
terme,1
it—-that,1
education—-you,1
always—-for,1
deference,1
secondly,1
geographical,1
permanence,1
indubitable,1
conjectural,1
him—-you,1
democrat—-,1
faster—-those,1
i—-,1
seeing.—-,1
would.—-i,1
carry—-if,1
to—-,1
bristles—-,1
top—-a,1
uplifted,1
shields,1
hereunto,1
avowal,1
unhealed,1
riven,1
entreaty,1
"it--""none",1
unware,1
her!--i,1
portioning,1
untrammelle,1
wed:--,1
clave,1
untangle,1
recitative,1
railing,1
hugest,1
siegelind,1
kinsfolk,1
solemnity,1
commandest,1
loyallest,1
emprise,1
tush!--surely,1
--ere,1
thereinto,1
chivalrous,1
stone:--,1
quotha!--because,1
day!--,1
overpalle,1
me?--i,1
wifely,1
discordaunt,1
marte,1
smerte,1
manere,1
mosten,1
discryve,1
wer,1
defaman,1
vyce,1
findere,1
rente,1
best:--,1
wrangling,1
joust,1
bounteously:--,1
hereof,1
"past,--",1
pause--,1
"mighty,--let",1
winneth,1
rule--,1
seaward,1
accuseth,1
upbare,1
revenue,1
concourse,1
betide:--,1
tunic,1
woodcraft,1
baying,1
feignèd,1
armlet,1
greensward,1
agone,1
troneg,1
battleward,1
leant,1
gladsome,1
it:--if,1
rumold,1
trespass,1
blither,1
"commandment--""whosoever",1
dight,1
threshold,1
tulna,1
kinsmen!--ere,1
unflinche,1
abidingly,1
shieldless,1
unarmoure,1
blödel,1
fearfuller,1
vengeful,1
minion,1
daneland,1
hunfolk,1
it!--let,1
me?--no,1
sitteth,1
strode,1
niblungs,1
unslain,1
knightlier,1
slepeth,1
acheveth,1
iangle,1
cesseth,1
wommen,1
loven,1
mighten,1
despyse,1
dronkenesse,1
forbede,1
graunte,1
lie--,1
uplift,1
usward,1
everywhere--,1
ruling,1
shamrock,1
"heart,--for",1
plentitude,1
d'artagnan,1
radian,1
remold,1
gopher,1
legions,1
paladins,1
offers--,1
upsoar,1
taillefer,1
bodeth,1
weld,1
acteon,1
discomfort,1
culpable,1
chivalric,1
adream,1
unabated,1
ranging,1
losing,1
hushed,1
measurer,1
mcdowell,1
meed--,1
pollute,1
philter,1
circean,1
supplication,1
ne’re,1
scholler,1
doore,1
propogate,1
tackling,1
paunch,1
confesse,1
camelion,1
vowe,1
transform’d,1
babes,1
corp,1
seale,1
thither!—reading,1
arden”—o,1
falstaffe,1
unmov’d,1
bowe,1
sighte,1
gat,1
sodeyn,1
cryde,1
suspecioun,1
somwat,1
dul,1
dooth,1
constreyne,1
slee,1
deform,1
o’re,1
heare,1
danc’d,1
columbine,1
swound,1
gar,1
tript,1
popinjay,1
pratle,1
simpre,1
swanne,1
bosom’d,1
alwayes,1
rents,1
cald,1
chave,1
voor,1
chee,1
godfathers,1
theologic,1
blam’d,1
inveigling,1
unfeined,1
brawn,1
louse,1
physick,1
physitians,1
dayly,1
mines,1
adde,1
unlockt,1
reape,1
bedlam,1
chanticleere,1
scettuall,1
prety,1
scholars,1
spinola,1
leeks,1
dyn’d,1
belong’d,1
hunts,1
scots,1
snaile,1
retaile,1
whetstone,1
harmeles,1
pectorals,1
paracelsus,1
noisier,1
controversial,1
oyl,1
latch,1
dublin,1
hemisphere,1
reproduction,1
lifter,1
tradesman,1
purgation,1
dolly,1
frolick,1
juices,1
quencheth,1
rellis,1
taull,1
sall,1
hur,1
tantalus,1
t’other,1
mistris,1
lackt,1
deerly,1
shoulders,1
canniken,1
bulls,1
prophesie,1
ungovern’d,1
humours,1
vitious,1
inhumane,1
overcharg’d,1
roses,1
licens’d,1
engrave,1
stratiotes,1
alday,1
foryeteth,1
wondren,1
trewe,1
goode,1
mirour,1
delyte,1
nags,1
inne,1
spew,1
hearse,1
pittiful,1
widdows,1
womans,1
euripide,1
epistles,1
etherial,1
restoration,1
winstanley,1
langbaine,1
gerard,1
shreaking,1
begun,1
meer,1
pauls,1
another,1
wholsome,1
steep’d,1
fractions,1
whatsoe’r,1
neer,1
this:—“the,1
heywood,1
v.,1
~draiton~,1
ffame,1
tityrus~,1
~arcadian~,1
dekker,1
",—which",1
shirley,1
sermonize,1
sectarian,1
knowlege,1
polyolbion,1
translunary,1
camden,1
drayton,1
addition,1
aylesbury,1
collier,1
consummation,1
fashions:”—this,1
taciturnity,1
327,1
lawes,1
zwore,1
e’re,1
intreat,1
they’l,1
gowns,1
~jack,1
taxe,1
montrose,1
convincedly,1
petticoats,1
~william~,1
swans,1
~simon~,1
17th,1
cleare,1
bardolphian,1
neighbourly,1
chink,1
"hang’d,”—better",1
~britton~,1
bounce,1
trimm’d,1
1625,1
vultur,1
layser,1
axeth,1
freendlieste,1
tellen,1
dredelee,1
suster,1
preche,1
kene,1
briefer,1
unloveliness,1
burton,1
assertion,1
harbors,1
clarendon,1
i’le,1
scold,1
joyfull,1
shreek’d,1
scholarly,1
noe,1
wassael,1
frier,1
prynne,1
marten,1
quart,1
cleveland,1
~dort~,1
23,1
honester,1
discomposure,1
answereth,1
layette,1
195,1
physicians,1
virginibus,1
~walton~,1
~wales~,1
~oliver~,1
95,1
trent,1
laureat,1
amerc’d,1
1598,1
hight,1
wharton,1
committee,1
divergence,1
pearls,1
icebound,1
narrowest,1
"high,—all",1
lighting,1
chasteneth,1
footed,1
"advancement,—crave",1
buddha,1
"wisdom,—intelligent",1
"freedom,—the",1
aggravating,1
"force,—to",1
normal,1
enthrone,1
stevens,1
alick,1
jessie,1
"better,—vain",1
flannel,1
memberless,1
oats,1
bloodshot,1
tireless,1
misplace,1
masculine,1
it”—and,1
unsuccess,1
ahead,1
mapping,1
shyness,1
bromhydrosis,1
stationery,1
scholarship,1
kiln,1
adene,1
audible,1
vigorously,1
cocoanut,1
moore,1
ney,1
napier,1
regularly,1
thebes,1
it_—“under,1
busby,1
festing,1
crocodile,1
distort,1
glendower,1
subpœna,1
grease,1
clogg’d,1
"apes,--",1
marr’d,1
vendor,1
scrawl,1
guess--,1
brains--,1
"mock,--",1
starch,1
insufficiency,1
despondent.—yes,1
hydra,1
pelf,1
bribe:--,1
withering,1
deceptious,1
claim;--,1
"wind,--",1
"mix’d,--",1
hodge,1
"urg’d,--",1
thine?--,1
copley,1
grovel,1
mishap,1
biter,1
"shine,--",1
pantaloon,1
--a,1
ochre,1
pekinese,1
yaps,1
golconda,1
words--,1
blood--,1
--lunge,1
ogre,1
leach,1
juris,1
"cox,--a",1
testator,1
chancery,1
felling,1
vinegar,1
oversea,1
mortify,1
scaly,1
fungus,1
malicious,1
--thought,1
scatters,1
sindonitic,1
limelight,1
crowds--,1
luring,1
ground)--,1
mammoth,1
leaden,1
wings--,1
invidious,1
obtrusive,1
parole,1
urbane,1
searching,1
doff,1
sou,1
obliging,1
perim,1
bloater,1
cyrano,1
look--(for,1
galore,1
indubitably,1
bohemian,1
pew,1
founding,1
bergamot,1
lycian,1
shotte,1
seid,1
ferde,1
purchace,1
sondry,1
unfelingly,1
calende,1
beseche,1
samos,1
doren,1
solecism,1
accusative,1
propaganda,1
thorugh,1
hete,1
suffren,1
bigete,1
everichone,1
fayr,1
nervousness,1
fuss,1
tarred,1
hand--(i,1
ploughland,1
achaemenides,1
these:--‘take,1
polydorus,1
dardan,1
androgeos,1
fescennium,1
aventine,1
ausonia,1
galaesus,1
hallway,1
lovesick,1
faunus,1
romulus,1
detailed,1
deadliness,1
assurance:--“it,1
unspeakable,1
mourned,1
pholoe,1
header,1
wex,1
equip,1
answer:--,1
survivor,1
myself)--i,1
assignments,1
galatea,1
nereus,1
cato,1
sabine,1
udder,1
sadist,1
daunus,1
sacranians,1
raid,1
volturnus,1
vineyard,1
prayer:--“let,1
orodes,1
lucagus,1
endanger,1
cries:--“arcadians,1
kindly:--“every,1
sthenius,1
hisbo,1
clytius,1
cydon,1
manto,1
phaethon,1
overturn,1
latins,1
saffron!--,1
sulmo,1
murranus,1
eumedes,1
sthenelus,1
plunging,1
"them,--",1
agylla,1
unwed,1
fight:--“what,1
ligurians,1
amazon,1
groaned,1
soldiery,1
drance,1
throne:--“i,1
report:--“o,1
venulus,1
jubbulpore,1
boomerang,1
boreen,1
unburden,1
bridget,1
cosey,1
imprudent,1
grit,1
status,1
woode,1
"that,--i",1
blessèd,1
metiscus,1
defense,1
orders:--,1
cretheus,1
phineas,1
perforate,1
derelict,1
ivan,1
attorney,1
topsy,1
ryan,1
secretary,1
master--,1
bountiful,1
kansas,1
lame,1
undertaker,1
scarify,1
electrify,1
scoundrel,1
shakin,1
wind--,1
whin,1
dorste,1
torne,1
ryden,1
lyte,1
coude,1
recche,1
hunte,1
sowl,1
holding,1
mohill,1
chip,1
promiscuously,1
crawley,1
cell”--and,1
wexford,1
charger,1
quinch,1
reduction,1
fellah,1
surgical,1
available,1
traysonable,1
you’ll,1
atomy,1
shrivelled,1
traneen,1
elaborate,1
outburst,1
mornin,1
tuesday.--a,1
ahem,1
thanks--,1
cherished--,1
jenkinson,1
custody,1
tramcar,1
climes?--we’ll,1
sunnier,1
contumely,1
disquisition,1
detective,1
sydenham,1
phenomenal,1
undimmed,1
recorder,1
constabulary,1
thraneen,1
journalistic,1
peasantry,1
squelch,1
bear--,1
pratie,1
plaze,1
treasonable,1
galway,1
network,1
chop,1
cameron,1
trichinosis,1
destitution,1
interview,1
assemblage,1
poker,1
camping,1
stooping,1
handcuff,1
click,1
canine,1
beautifying,1
depilatory,1
barber,1
leonora,1
dora,1
madhouse,1
shorthand,1
headed,1
altered,1
dude,1
geographic,1
harmonic,1
weepingly,1
benedict,1
starvation,1
throwel,1
sneaking,1
noah,1
porcupine,1
thrue,1
faraday,1
atmospheric,1
screech,1
tenor,1
disturber,1
"saying,—’ye",1
viçravā,1
bharadwāja,1
oughte,1
strenge,1
pardee,1
harde,1
pleyne,1
winnen,1
til,1
thogh,1
siker,1
fyne,1
"follows,—""have",1
joined,1
roughspun,1
kāla,1
acwins,1
"them,—""i",1
sukeça,1
europeans,1
whom;—vajramusthi,1
gandharvi,1
"vinntras,—dreadful",1
calmness,1
indigent,1
devavati,1
mahādeva,1
pārvati,1
sandhyā,1
sandhyā¹²,1
vidyutkeça,1
corresponding,1
³⁵,1
herbe,1
bitternesse,1
gyde,1
nother,1
gretter,1
na,1
moveless,1
govinda,1
embosome,1
³⁰,1
māli,1
sumāli,1
pot,1
¹⁹,1
ryme,1
folye,1
towarde,1
febly,1
leest,1
iapedest,1
diti,1
stupifaction,1
"righteousness,—so",1
"one,—thou",1
vaiçravana,1
"raksha,—having",1
kaikasi,1
viçrava,1
brahmarshi,1
agnihotra,1
finisher,1
vaitaraini,1
ordaineth,1
"one,—’who",1
tak,1
clarify,1
extinguish,1
anaranya,1
daçagriva,1
nārāyana,1
sankara,1
yakshas,1
"raksha,—and",1
⁴²,1
him.⁴²,1
"said,—ten",1
dryen,1
collateral,1
brende,1
refte,1
wente,1
whyl,1
bicome,1
wole,1
brenne,1
soughte,1
rākshaha,1
kailāça,1
denizen,1
vaivaswata,1
nārada,1
extinguishing,1
"enemies,—and",1
said—’that,1
clapping,1
said—’give,1
respected,1
ganga,1
demon—’if,1
him—’do,1
purusha,1
lion.⁷⁰,1
saying—’dost,1
said—’what,1
bimba,1
wyde,1
asketh,1
unwar,1
car—’do,1
rakshas,1
vasu,1
leten,1
binde,1
scornen,1
fole,1
loken,1
hindu,1
rambhā,1
filament,1
apsarās,1
indrajit,1
akshauhini,1
said—’get,1
replied—’you,1
softely,1
calculinge,1
servaunt,1
founden,1
thonour,1
seme,1
deden,1
adityā,1
rishi,1
mahishmati,1
dreadfully,1
emitted,1
sumeru,1
sarvabhauma,1
ganges,1
blameable,1
collyrium,1
gratulate,1
loaden,1
turbulency,1
turbulent,1
460,1
guhyakas,1
aswin,1
kakutstha,1
myrobalam,1
brahmaloka,1
said:—’hear,1
asuras,1
summit,1
kartikeya,1
kishkindhā,1
yadu,1
reject’st,1
wisest,1
gentiles,1
propound,1
"replied:—""having",1
brahman,1
durbasa,1
saying:—’thou,1
uselessly,1
sumantra,1
anxiety,1
"said:—""the",1
"lakshmana:—""the",1
unpleasant,1
variegate,1
profuse,1
motherless,1
councillor,1
remembering,1
ayodhyā,1
yamunā,1
saudāsa,1
"foes,—and",1
skanda,1
kākutstha,1
padmā,1
himalaya,1
riches,1
parcel,1
"replied—""i",1
yayāti,1
vānaras,1
cumbrance,1
deliverers,1
reception,1
rowle,1
aswamedha,1
rāghava,1
said:—’ye,1
madhu,1
cooked,1
sukra,1
mahendra,1
instrumental,1
savoured,1
sudeva,1
coursing,1
engine,1
rapier,1
drill,1
restorative,1
supposition,1
vedas,1
agni,1
emissary,1
procreate,1
ambassador,1
rishis,1
lakshmi,1
maithili,1
mercifully,1
sruti,1
vālmiki,1
zat,1
baronial,1
aforesaid,1
deligate,1
ole,1
partickl,1
"it,--begins",1
yelp,1
doggie,1
potterer,1
ourang,1
foretopmaststay,1
seahorse,1
xii.--the,1
bright--,1
upwinge,1
damp,1
splay,1
dreamed,1
sway--,1
"""--_detroit",1
"""--lord",1
shérif,1
druriolane,1
"sir,--you",1
unpopularity,1
unsatisfactory,1
baggage,1
fossil,1
unthinke,1
dodo,1
pigs,1
clanged,1
grander,1
cupica,1
370,1
destitute,1
sterne,1
esmeralda,1
townsman,1
decking,1
corbie,1
shopping,1
unrooted,1
cordilleras,1
caulk,1
swayed,1
marline,1
pep'mint,1
lecher,1
bawdy,1
fawning,1
rutter,1
entice,1
muck,1
ragged,1
polignac,1
spindrift,1
whetted,1
mint,1
unavailingly,1
brim,1
milking,1
loathing,1
basset,1
accuser,1
courageously,1
calliver[125,1
night--,1
pride--,1
"""--mr",1
coloured,1
blowing,1
cowman,1
clack,1
glowed,1
pennyworth,1
wand'ring,1
brewer,1
canal,1
inconstancie,1
certaine,1
pence,1
tipt,1
sheepe,1
happie,1
devoyd,1
foreswaring,1
despisde,1
conge,1
disdaine,1
malitious,1
howard,1
ninescore,1
tanner,1
gramercy,1
