,0
man,2556
love,2532
thy,2454
thee,2287
old,2110
thou,1879
like,1586
good,1586
shall,1570
come,1519
life,1505
little,1400
heart,1374
god,1372
know,1359
young,1259
woman,1173
o,1142
great,1101
eye,939
leave,929
true,899
look,857
sweet,853
let,839
hand,815
thing,801
well,787
see,777
live,770
say,770
away,731
ye,705
way,690
child,684
place,663
face,655
find,640
hath,638
dead,619
long,619
think,606
word,604
go,604
die,600
soul,597
day,577
light,577
fair,577
poor,557
voice,551
time,548
hear,535
world,530
dear,520
bear,510
hold,507
new,507
joy,503
stand,498
lie,495
give,490
king,456
flower,436
work,426
earth,420
song,420
till,417
fear,415
speak,411
mother,411
doth,410
thought,407
tell,406
feel,406
heaven,402
grow,401
care,400
friend,399
white,392
dream,388
lady,387
fall,386
death,383
bring,373
wild,361
rest,360
father,356
star,355
hope,352
wise,345
bird,341
unto,339
truth,339
mind,338
beauty,336
strong,333
sleep,333
spirit,326
home,322
make,320
lose,319
wife,317
arm,316
pain,311
thousand,308
night,305
lord,304
pass,303
fire,302
rise,301
tis,301
wind,299
seek,298
human,298
high,294
art,293
answer,292
strange,291
kiss,291
smile,289
want,287
right,287
boy,287
save,285
power,284
bad,283
nature,283
music,279
peace,278
spring,277
meet,277
far,276
turn,275
sound,275
deep,275
thine,273
kind,273
round,271
rich,270
need,269
mean,268
air,268
half,264
honest,262
grace,259
take,258
pleasure,256
shine,255
sing,253
mortal,253
sun,253
sick,249
youth,248
sea,247
cry,245
hour,242
oh,240
kill,239
happy,239
son,236
head,235
water,233
people,233
sit,230
lip,229
year,226
break,226
desire,224
heed,224
talk,222
win,222
land,220
set,218
girl,218
ask,215
wish,213
sorrow,213
form,213
brother,212
brave,211
play,210
change,210
noble,209
gift,206
flame,205
tear,205
order,203
holy,201
lover,201
gold,201
fly,200
hast,200
horse,200
breath,200
dost,200
secret,199
tender,197
learn,196
cause,195
faith,195
blood,195
gentle,194
get,193
stone,193
bright,193
rose,193
queen,192
help,191
fight,190
lay,189
hide,189
ill,189
body,188
soft,188
war,187
wing,186
delight,186
small,186
run,186
soon,185
master,185
call,185
low,185
worth,184
hate,184
real,183
end,182
note,182
beautiful,182
maid,178
sir,178
mighty,176
wine,175
send,175
cloud,174
summer,174
self,172
lead,172
house,172
free,171
touch,170
forth,170
bid,169
common,169
birth,169
begin,167
blind,167
mai,167
honour,167
evil,166
draw,165
sense,165
forget,165
shadow,165
weep,164
golden,163
pity,163
foot,163
near,162
perfect,162
sad,161
red,160
strength,160
wait,159
ere,158
lovely,158
fine,158
laugh,157
show,156
follow,155
o'er,155
breast,155
shape,155
ear,155
marry,154
praise,154
big,154
burn,154
warm,154
walk,152
thank,152
watch,151
angel,151
divine,151
mad,149
law,149
morning,149
appear,149
dare,147
letter,146
return,146
ghost,145
pure,145
wave,145
money,144
fellow,142
daughter,141
maiden,141
drink,140
flight,140
try,139
sort,138
glory,138
pretty,136
shalt,135
remain,135
sister,135
past,134
sake,134
wear,134
pride,134
memory,133
simple,133
use,133
ride,133
step,132
dark,132
book,132
false,131
hard,131
reason,131
read,130
ah,130
earthly,129
promise,128
keep,128
country,128
trust,127
blow,127
happen,127
command,127
serve,126
forward,125
bind,125
wound,125
drop,124
hire,124
clear,124
ship,124
fortune,124
vain,124
cold,123
present,123
chance,123
tongue,123
fill,122
course,120
green,120
fond,120
pay,120
weary,119
passion,119
grief,119
bitter,119
silver,119
suddenly,118
courage,118
beast,118
comfort,118
prove,117
fresh,117
fool,117
bold,116
move,116
stream,116
pray,115
gunther,115
moment,114
cheek,114
counsel,114
sure,114
teach,114
moon,114
flee,113
have,113
proud,112
tree,112
tale,111
fancy,111
wrong,111
glow,110
dog,110
sigh,110
hair,110
sight,110
seat,110
silence,109
ancient,109
view,109
dew,108
age,108
fate,108
wonder,108
ne'er,108
sign,108
believe,107
poet,107
remember,107
bed,107
virtue,106
snow,106
ought,106
ring,106
large,106
offer,106
carry,106
river,106
glad,106
black,106
husband,106
crown,105
eternal,105
lot,104
stay,104
knight,104
rain,104
england,104
smell,104
food,104
wilt,103
mountain,102
sword,102
worthy,102
understand,102
prince,102
rare,102
story,101
flow,101
grave,100
force,100
matter,100
naught,99
drive,99
pale,99
sky,99
prayer,99
early,99
al,98
eat,98
bot,98
wake,98
hang,98
shake,98
certain,98
beat,98
truly,98
business,98
choose,98
manner,98
alle,97
gain,97
bee,97
notice,97
act,96
valiant,96
colour,96
baby,96
bell,95
mark,95
breathe,95
dearly,94
foolish,94
mouth,94
silent,94
sudden,94
shame,94
english,94
share,93
lily,93
open,93
weak,92
fit,92
surely,92
write,92
lightning,91
scarcely,91
steal,91
field,91
welcome,90
aught,90
o’er,90
line,90
mist,90
vow,89
behold,89
thyself,89
will,89
friendship,89
stir,88
twa,88
deed,88
yield,88
charge,87
room,87
one,87
taste,87
swear,87
duty,87
service,87
finger,87
mr.,86
gentleman,86
scarce,86
wretched,85
devil,85
sin,85
fade,85
merry,85
suffer,85
bosom,85
single,85
fame,85
catch,84
natural,84
rule,83
dance,83
close,83
court,83
folk,83
wander,82
sacred,82
cease,82
count,82
buy,82
faithful,81
town,81
bless,80
honey,80
chief,80
slay,80
speech,80
quiet,80
scorn,80
charm,79
dwell,79
trouble,79
beneath,79
feed,79
fail,79
woe,79
gather,79
happiness,78
toil,78
wisdom,78
race,78
ocean,78
strain,78
faint,78
cup,77
whisper,77
storm,77
state,77
name,77
wit,77
indian,76
freely,76
spread,76
bow,76
swift,76
living,76
hill,76
soldier,76
aged,76
freedom,76
kindly,75
equal,75
lack,75
city,75
doubt,75
calm,75
hardly,75
labour,74
garden,74
clothe,74
start,74
e'er,74
hir,74
mere,74
mrs.,74
rock,74
ther,74
slave,74
breed,74
john,73
blossom,73
point,73
wealth,73
reply,73
saint,73
bloom,73
winter,73
ground,73
goodly,72
creature,72
concern,72
flesh,72
reach,72
noght,72
path,72
strike,72
march,72
flash,71
treasure,71
feeling,71
didst,71
tone,71
interest,71
fruit,71
despair,71
pleasant,71
dove,71
wonderful,71
lift,71
kriemhild,71
babe,71
mercy,71
tremble,70
possess,70
warrior,70
door,70
throw,70
claim,70
quick,70
siegfried,69
shoulder,69
alive,69
cast,69
hurt,69
jewel,69
stately,69
justice,69
farewell,69
lamp,69
hero,69
canst,69
build,69
heavenly,69
receive,69
ease,68
royal,68
bury,68
cruel,68
animal,68
worship,68
content,68
wel,68
possession,68
waste,67
schal,67
t,67
fierce,67
etzel,67
heavy,67
liberty,67
oft,67
nought,67
part,67
road,67
late,67
judge,66
short,66
wood,66
wondrous,66
bread,66
christ,66
perfume,66
immortal,66
measure,66
laughter,66
fain,66
gaze,66
brain,66
raise,65
grant,65
ne’er,65
action,65
singing,65
fault,65
tall,65
wicked,64
france,64
spend,64
company,64
gleam,64
advantage,64
prize,64
miss,64
easy,64
precious,64
second,64
gladly,63
glance,63
picture,63
pierre,63
doctor,63
christian,63
wee,62
shield,62
game,62
thunder,62
fashion,62
float,62
straight,62
paper,62
dawn,62
vision,62
cross,61
hue,61
enter,61
create,61
plain,61
proper,61
health,61
wherefore,60
shade,60
haunt,60
feast,60
th,60
scene,60
question,60
beam,60
smoke,60
thrill,59
stop,59
stranger,59
jean,59
idle,59
add,59
grass,59
store,59
sway,59
kindness,59
poem,59
lonely,58
meaning,58
de,58
dress,58
sweep,58
slight,58
evening,58
milk,58
fairy,58
listen,58
innocent,58
blue,58
mistress,58
april,58
token,57
purpose,57
pardon,57
hagen,57
murmur,57
bud,57
chain,57
nay,57
bliss,57
aid,57
cool,57
passionate,57
thei,57
gay,57
battle,57
scholde,57
deny,56
eny,56
account,56
lad,56
ready,56
darkness,56
neck,56
rush,56
shepherd,56
bond,56
number,56
fish,56
dust,56
wouldst,55
bent,55
tide,55
lean,55
brow,55
image,55
bare,55
depart,55
general,55
wall,55
root,55
advice,55
evidence,55
plenty,55
cheer,55
favour,54
different,54
echo,54
keen,54
wolde,54
rage,54
honor,54
refuge,54
married,54
pipe,53
hot,53
flood,53
slowly,53
broken,53
presently,53
treat,53
rhyme,53
knowledge,53
ben,53
tune,53
alas,53
lest,53
melody,53
woo,53
lion,53
bride,52
slow,52
them,52
brown,52
press,52
join,52
prisoner,52
lend,52
majesty,52
effect,52
glorious,52
eyed,52
linger,52
eager,52
guard,52
marriage,51
humble,51
message,51
guest,51
oath,51
unknown,51
repose,51
rapture,51
fulfil,50
mi,50
fat,50
sell,50
wither,50
terrible,50
refuse,50
swell,50
nice,50
iron,50
figure,50
longing,50
presence,50
strife,50
wide,50
cut,50
shed,49
handsome,49
affection,49
harp,49
suppose,49
curse,49
silly,49
belong,49
express,49
poetry,49
speed,49
vast,49
boat,49
leap,49
danger,48
instinct,48
drift,48
ruin,48
reward,48
unhappy,48
sail,48
servant,48
greeting,48
steed,48
surprise,48
twas,48
thief,48
hell,48
clever,48
david,48
deem,48
burst,48
dreadful,48
savage,48
sailor,48
pearl,47
creep,47
genius,47
harmony,47
solemn,47
person,47
table,47
consent,47
embrace,47
frail,47
whan,47
guide,47
mary,47
gem,47
yellow,47
case,47
native,47
base,47
inspire,47
enemy,47
dumb,47
deserve,47
endure,47
struggle,47
respect,47
mood,46
able,46
ardent,46
warning,46
snake,46
blessing,46
study,46
glass,46
proof,46
captain,46
dim,46
triumph,46
autumn,46
tie,46
guess,46
vanish,46
spot,46
melt,46
peasant,46
phantom,45
verse,45
arise,45
doom,45
loss,45
mirth,45
angry,45
giant,45
strive,45
gallant,45
forever,45
weed,45
thi,45
banished,44
forto,44
shoot,44
mock,44
arrow,44
cherish,44
shelter,44
apple,44
tower,44
pursue,44
armed,44
sunshine,44
burden,44
curious,44
whereof,44
whilst,44
drown,44
motion,44
greet,44
sweetest,44
fold,44
crime,44
cure,44
future,44
pull,43
hint,43
thirty,43
value,43
wolf,43
shelley,43
constant,43
rejoice,43
bend,43
duke,43
tho,43
public,43
wol,43
french,43
season,43
forlorn,43
enjoy,43
chase,43
fast,43
minute,43
distant,43
roll,43
church,42
luck,42
fare,42
victory,42
youthful,42
ray,42
travel,42
personal,42
guida,42
spare,42
ne,42
spell,42
fountain,42
desert,42
honourable,42
owe,42
wholly,42
lamb,42
sein,42
awake,41
priest,41
double,41
breeze,41
pour,41
escape,41
rough,41
language,41
grieve,41
everybody,41
position,41
approach,41
expect,41
stoop,41
philip,41
robe,41
blame,41
patience,41
hearted,41
infant,41
occasion,41
task,41
bade,41
emotion,40
limb,40
spark,40
foe,40
skill,40
piece,40
foam,40
radiant,40
dozen,40
medicine,40
yea,40
wherof,40
dancing,40
loose,40
egypt,40
inside,40
vein,40
sche,40
alike,40
leaf,40
daily,40
guilty,40
ball,40
signal,40
paint,40
awe,40
history,40
vengeance,40
skin,40
quickly,40
carnac,39
lock,39
forest,39
brood,39
fiend,39
excellent,39
yonder,39
alarm,39
lute,39
tired,39
shower,39
kindle,39
morn,39
instant,39
degree,39
lass,39
yes,39
murder,39
abide,39
pine,39
revenge,39
magic,39
deceive,39
eagle,39
jacques,39
firm,39
plead,39
soothe,39
nurse,39
infinite,39
safe,39
utter,39
wail,38
control,38
shore,38
sink,38
moan,38
foul,38
thin,38
dull,38
fact,38
seize,38
stern,38
merely,38
friendly,38
crowd,38
exactly,38
patient,38
admire,38
sacrifice,38
torch,38
pause,38
slumber,38
mingle,38
throat,38
witness,38
incense,38
flock,38
darling,38
thereto,38
roar,38
sharp,38
yon,38
lust,38
haste,38
possible,38
later,38
wheel,37
beloved,37
seldom,37
fearful,37
society,37
willing,37
regard,37
key,37
awful,37
rome,37
month,37
host,37
apart,37
horn,37
beggar,37
pair,37
forbid,37
spoil,37
aside,37
bone,37
character,37
special,36
lofty,36
rogero,36
hunt,36
delicate,36
som,36
dry,36
meeting,36
poison,36
plan,36
hound,36
caesar,36
subject,36
swallow,36
west,36
nae,36
plant,36
flush,36
success,36
valley,36
bore,36
fondly,36
grey,36
subtle,35
officer,35
space,35
weight,35
sympathy,35
color,35
alter,35
remembrance,35
shrink,35
lone,35
divide,35
dread,35
nation,35
hurry,35
choice,35
cunning,35
meat,35
news,35
yit,35
childhood,35
dicky,35
comrade,35
beg,35
complete,35
mild,35
flutter,35
sheep,35
aim,35
seal,35
bound,35
labor,35
increase,35
earnest,35
knife,35
string,35
clasp,34
familiar,34
desperate,34
reverence,34
likewise,34
hopeless,34
rite,34
bubble,34
shout,34
blessed,34
blush,34
mutual,34
goddess,34
seven,34
finde,34
temper,34
link,34
monarch,34
weigh,34
thirst,34
groan,34
object,34
conquer,34
meadow,34
band,34
sae,34
hem,34
train,34
folly,34
destroy,34
window,34
parent,34
lost,34
lightly,34
deeply,34
pierce,34
impossible,33
yesterday,33
rosy,33
gate,33
seed,33
last,33
restless,33
se,33
sparkle,33
hungry,33
twilight,33
family,33
singe,33
sunlight,33
wert,33
gracious,33
sour,33
conscience,33
influence,33
scent,33
tooth,33
gently,33
secure,33
mount,33
demand,33
risk,33
village,33
bit,33
paradise,33
messenger,33
ensample,33
instead,32
loud,32
dearest,32
virgin,32
confidence,32
highness,32
sport,32
perish,32
sovereign,32
accept,32
monsieur,32
starve,32
slain,32
length,32
heap,32
jasmine,32
stricken,32
wed,32
coat,32
fully,32
weave,32
sweetness,32
private,32
harm,32
betray,32
ay,32
quality,32
joyous,32
depth,32
softly,32
veil,32
descend,32
throng,32
cover,31
irish,31
wi,31
material,31
purple,31
attend,31
twere,31
require,31
title,31
certainly,31
simply,31
instruction,31
reign,31
hiede,31
dangerous,31
feather,31
mayst,31
tiny,31
iberville,31
goodness,31
list,31
school,31
gladness,31
supply,31
don,31
lark,31
gray,31
obtain,31
lesson,31
preserve,31
non,31
er,31
grim,31
hasten,31
affair,31
south,31
hou,31
lore,31
splendour,31
drunken,31
marble,31
balm,31
issue,30
minister,30
mihte,30
height,30
wan,30
suit,30
palace,30
paris,30
mystery,30
othre,30
swan,30
coward,30
stray,30
conceal,30
leve,30
tailor,30
sore,30
pang,30
anguish,30
grasp,30
twice,30
stretch,30
vile,30
glide,30
prepare,30
million,30
mankind,30
naked,30
nigh,30
thereof,30
ago,30
important,30
noise,30
frank,30
muse,30
dame,30
grand,30
pluck,30
weapon,30
richard,30
fro,30
sob,30
wher,30
page,30
idea,30
accord,30
rob,30
satisfaction,30
asleep,29
princess,29
hall,29
succeed,29
charity,29
widow,29
steel,29
compare,29
allow,29
weather,29
loyal,29
unworthy,29
kingdom,29
wax,29
render,29
scatter,29
spake,29
odour,29
countenance,29
busy,29
universal,29
amid,29
violet,29
merit,29
sand,29
ice,29
hunger,29
misery,29
street,29
hat,29
borrow,29
fix,29
garment,29
terror,29
continue,29
mid,29
governor,29
restore,29
cling,29
helen,29
unusual,29
bull,29
religion,28
blast,28
journey,28
knot,28
mate,28
feature,28
vote,28
credit,28
shy,28
’em,28
class,28
e’er,28
brief,28
score,28
crozier,28
delay,28
chair,28
beauteous,28
fleet,28
pledge,28
fiery,28
aye,28
melancholy,28
modest,28
ingolby,28
judgment,28
greatly,28
station,28
sire,28
anon,28
hail,28
toss,28
social,28
opportunity,28
anybody,28
leisure,28
haughty,28
helpless,28
declare,28
anger,28
frame,28
scheme,28
innocence,28
unseen,28
spear,28
beseech,27
toy,27
perceive,27
damsel,27
post,27
profound,27
anxious,27
twixt,27
humanity,27
club,27
theirs,27
dainty,27
attempt,27
wage,27
twin,27
cake,27
sunset,27
board,27
dart,27
trace,27
obey,27
pen,27
nymph,27
accent,27
confess,27
chamber,27
glitter,27
withal,27
bower,27
statue,27
horrible,27
uncle,27
evere,27
substance,27
rudeger,27
invite,27
generally,27
suck,27
awhile,27
lyre,27
burgundy,27
heat,27
experience,27
shone,27
kneel,27
vital,27
pious,26
captive,26
nerve,26
avail,26
armour,26
sting,26
y,26
relief,26
splendid,26
london,26
crave,26
twist,26
evermore,26
christmas,26
office,26
moonlight,26
pulse,26
slip,26
climb,26
safety,26
leg,26
example,26
knee,26
hidden,26
put,26
monster,26
modern,26
passage,26
lake,26
wanton,26
college,26
sensible,26
untrue,26
stick,26
gaston,26
frost,26
religious,26
nevere,26
rightly,26
outward,26
sublime,26
understanding,26
morrow,26
lure,26
literary,26
flag,26
soar,26
leader,26
bloody,26
grier,26
devotion,26
wight,26
mystic,26
party,26
corpse,26
expression,26
stare,26
exist,26
agony,25
defeat,25
droop,25
virtuous,25
twain,25
crystal,25
endless,25
agree,25
tea,25
suffrage,25
serpent,25
ayein,25
destiny,25
careless,25
wholesome,25
condition,25
rainbow,25
dietrich,25
temple,25
wherewith,25
roam,25
undo,25
british,25
faced,25
box,25
herald,25
breathing,25
rank,25
timid,25
meteor,25
villain,25
pinch,25
wot,25
jest,25
ireland,25
bag,25
shrill,25
henry,25
byng,25
ambition,25
adore,25
camp,25
advance,25
please,25
magazine,25
group,25
roof,25
disgrace,25
decay,25
torture,25
rat,25
celestial,25
hollow,25
hapless,25
bl,25
fling,25
side,25
banner,25
tent,24
lodge,24
direction,24
spray,24
selfish,24
intend,24
gods,24
wrath,24
thrust,24
primitive,24
dyck,24
eve,24
e,24
army,24
stroke,24
easily,24
trail,24
hadde,24
kindre,24
bidasari,24
purse,24
auld,24
trick,24
europe,24
discover,24
settle,24
tempt,24
probably,24
vice,24
nod,24
flake,24
brunhild,24
instrument,24
household,24
peculiar,24
crawl,24
slender,24
brook,24
harmless,24
sphere,24
beatrice,24
hither,24
hadst,24
throb,24
less,24
neglect,24
unite,24
madame,24
duly,24
powerful,24
george,24
impression,24
disdain,24
distance,24
hover,24
herd,24
monstrous,24
forgive,24
corn,24
nest,24
term,24
worm,24
afraid,24
alice,24
madness,24
yearn,24
huge,24
observe,24
gin,24
forsake,24
laden,24
sole,24
deadly,24
habit,23
lowly,23
estate,23
admit,23
tenderly,23
tame,23
vanity,23
cousin,23
5,23
disease,23
outside,23
jesus,23
spin,23
butterfly,23
range,23
quarrel,23
tend,23
deal,23
frae,23
push,23
trembling,23
willingly,23
cow,23
mar,23
henceforth,23
urge,23
traitor,23
envy,23
fatal,23
load,23
childish,23
popular,23
protect,23
castle,23
roscoe,23
caress,23
contain,23
nose,23
direct,23
troy,23
vapour,23
author,23
match,23
ideal,23
broad,23
deathless,23
fury,23
diamond,23
summon,23
orlando,23
kinde,23
err,23
conceive,23
prevent,23
prison,23
warrant,22
ruth,22
jealous,22
ev'ry,22
i.,22
challenge,22
valmond,22
withdraw,22
invisible,22
deck,22
regret,22
warmth,22
fraught,22
drunk,22
boundless,22
freight,22
myhte,22
outcast,22
william,22
comely,22
doughty,22
offence,22
ivory,22
aright,22
odd,22
thread,22
wandering,22
flute,22
convey,22
discourse,22
garland,22
exchange,22
surge,22
record,22
wounded,22
charley,22
particular,22
shrine,22
singer,22
reed,22
thogh,22
hoard,22
lucky,22
fervent,22
bestow,22
e’en,22
bleat,22
prevail,22
troop,22
prophet,22
relation,22
adieu,22
nobler,22
scarlet,22
shouldst,22
punishment,22
commit,22
companion,22
sow,22
island,22
intense,22
perpetual,22
sadly,22
meal,22
somewhat,22
stormy,22
vessel,22
admiration,22
eld,22
courtesy,22
joyful,22
madam,22
scope,22
bark,21
parting,21
tread,21
vague,21
chord,21
affect,21
prithee,21
slaughter,21
mix,21
flit,21
commend,21
hum,21
stain,21
gret,21
foreign,21
godde,21
thanne,21
satisfy,21
speke,21
whate'er,21
useless,21
thilke,21
unfold,21
weie,21
abode,21
chaste,21
trade,21
minded,21
humour,21
snatch,21
feeble,21
naturally,21
toll,21
maker,21
singular,21
kinsman,21
wreck,21
comet,21
hateful,21
visit,21
witch,21
teacher,21
whip,21
tomb,21
fright,21
moth,21
tenderness,21
salt,21
miserable,21
entrance,21
exquisite,21
vent,21
dig,21
coal,21
palm,21
krool,21
kepe,21
assurance,21
deer,21
bill,21
drag,21
resolve,21
eagerly,21
condemn,21
apollo,21
necessary,21
relate,21
stalk,21
nightingale,21
kitty,21
smite,21
opinion,21
plague,21
cat,20
sum,20
torrent,20
decent,20
`,20
reveal,20
especially,20
ample,20
pick,20
achieve,20
yore,20
fairest,20
la,20
abroad,20
edward,20
rouse,20
moral,20
gun,20
capable,20
clearly,20
homely,20
physical,20
average,20
clean,20
pretend,20
north,20
ape,20
dinner,20
kate,20
defer,20
protest,20
remarkable,20
billow,20
cloak,20
worldly,20
whirlwind,20
godlike,20
speechless,20
bar,20
cook,20
attention,20
fighting,20
wreath,20
abandon,20
yer,20
stout,20
simplicity,20
subdue,20
rudyard,20
roman,20
adventure,20
grain,20
consider,20
gloom,20
venus,20
reader,20
filial,20
clay,20
scented,20
superior,20
sentinel,20
movement,20
seriously,20
herb,20
provide,20
arthur,20
converse,20
sunbeam,20
sex,20
blend,20
mask,20
gainst,20
semblance,20
ripe,20
charming,20
draught,20
price,20
exile,20
earn,20
bead,20
afar,20
fragrance,20
array,20
methink,20
date,20
physic,19
secretly,19
fort,19
dat,19
curl,19
lap,19
airy,19
miracle,19
vainly,19
sweetheart,19
pensive,19
adorn,19
science,19
lancelot,19
hearty,19
haired,19
york,19
troubled,19
peaceful,19
own,19
bank,19
minstrel,19
velvet,19
lordship,19
needful,19
fawn,19
thou'rt,19
ken,19
sentence,19
repent,19
hammer,19
decide,19
hawk,19
petal,19
mould,19
consume,19
ghostly,19
ian,19
utterance,19
today,19
sober,19
thrice,19
impulse,19
favor,19
lawe,19
personally,19
excuse,19
befall,19
boon,19
heal,19
daring,19
compassion,19
mourn,19
brute,19
albeit,19
manly,19
ony,19
venture,19
solitude,19
chime,19
truer,19
valour,19
dwelt,19
mirror,19
lawless,19
sorry,19
funeral,19
citizen,19
mute,19
blest,19
neighbor,19
support,19
forehead,19
bowl,19
cattle,19
shut,19
weeping,19
renew,19
rein,19
stock,19
greek,19
altogether,18
sip,18
onward,18
straw,18
beer,18
st.,18
disguise,18
perfectly,18
ignorant,18
>,18
juice,18
wildly,18
couch,18
spy,18
prompt,18
painful,18
merchant,18
trojan,18
differ,18
information,18
couldst,18
altar,18
hiere,18
american,18
complain,18
bounty,18
wiste,18
staff,18
fer,18
madman,18
growth,18
debt,18
boast,18
anew,18
jo,18
blissful,18
sic,18
impious,18
disturb,18
rod,18
separate,18
fabian,18
loth,18
quiver,18
dearer,18
cradle,18
luxury,18
nameless,18
remove,18
glare,18
dignity,18
track,18
fearless,18
stafford,18
event,18
aunt,18
pasha,18
imagine,18
throne,18
shell,18
pall,18
cometh,18
main,18
tiding,18
swine,18
audience,18
tarboe,18
10,18
raven,18
solid,18
midnight,18
wha,18
ordinary,18
wrap,18
swarm,18
sue,18
occur,18
ugly,18
craft,18
furnace,18
female,18
thurgh,18
surround,18
ulysses,18
romance,18
lawful,18
heav’n,18
queer,18
jim,18
attitude,18
pile,18
vine,18
giselher,18
handful,17
banish,17
quit,17
wilful,17
profit,17
sinful,17
costly,17
upward,17
await,17
blaze,17
meek,17
edition,17
interesting,17
sentiment,17
ambitious,17
reject,17
usual,17
tyrant,17
hush,17
design,17
hit,17
seigneur,17
countless,17
dirge,17
belief,17
error,17
unconscious,17
wet,17
prey,17
theme,17
writ,17
shal,17
legend,17
dislike,17
m'sieu,17
bough,17
practical,17
marvel,17
warwick,17
evidently,17
cordial,17
steady,17
thet,17
pound,17
chorus,17
beacon,17
traveller,17
quietly,17
making,17
waken,17
absolute,17
element,17
kin,17
bard,17
whereon,17
imagination,17
worthless,17
difficult,17
supreme,17
sadness,17
awaken,17
ford,17
hatred,17
difference,17
seem'd,17
despise,17
describe,17
visible,17
conduct,17
circle,17
immortality,17
gratitude,17
triumphant,17
martial,17
italy,17
nun,17
tempest,17
attain,17
useful,17
bitterness,17
willow,17
shun,17
wrinkle,17
barren,17
proclaim,17
rude,17
shot,17
greatness,17
combine,17
whatsoever,17
wane,17
creation,17
nearly,17
oar,17
inward,17
partly,17
fur,17
isle,17
perchance,17
produce,17
final,17
grip,17
disappear,17
sunny,17
mournful,17
pan,17
importance,17
eternity,17
quest,17
unmarried,17
primal,17
planet,17
kaid,17
glove,17
frown,17
apparel,17
swich,17
security,17
cave,17
manuscript,16
vale,16
jove,16
d,16
lyric,16
cottage,16
poetic,16
beckon,16
heel,16
chaff,16
govern,16
diver,16
not,16
active,16
absent,16
swing,16
inner,16
newe,16
shallow,16
dar,16
blade,16
smooth,16
unrest,16
utmost,16
sorrowful,16
sufficient,16
stuff,16
na,16
hector,16
report,16
vulgar,16
famous,16
sooth,16
mill,16
cane,16
thither,16
limit,16
truce,16
gipsy,16
ae,16
saviour,16
quarter,16
genuine,16
spouse,16
guilt,16
be,16
check,16
literature,16
humbly,16
blight,16
branch,16
troilus,16
ter,16
suffice,16
repeat,16
abuse,16
appeal,16
bridge,16
metal,16
stag,16
column,16
resemble,16
arouse,16
ha,16
artist,16
individual,16
void,16
heathen,16
gossip,16
look'd,16
ditty,16
plume,16
generous,16
fee,16
lance,16
device,16
mistake,16
shift,16
proceed,16
pink,16
helm,16
candle,16
mantle,16
idol,16
stake,16
multitude,16
nahoum,16
square,16
naughty,16
wring,16
maybe,16
trumpet,16
brutus,16
hundred,16
rosalind,16
louis,16
faithless,16
peril,16
devise,16
dragon,16
reckless,16
inflame,16
eloquence,16
warn,16
conclude,16
greedy,16
inherit,16
whiche,16
pilgrim,15
elizabeth,15
til,15
mighte,15
israel,15
sheila,15
winne,15
shriek,15
doltaire,15
glimmer,15
chant,15
nail,15
style,15
berry,15
beard,15
hazard,15
exceed,15
strangely,15
card,15
grateful,15
requite,15
horrid,15
starry,15
ripple,15
smart,15
rustic,15
lo,15
sinner,15
rider,15
bleed,15
equally,15
tribe,15
maintain,15
homer,15
east,15
fleeting,15
fun,15
breakfast,15
yoke,15
afterward,15
e'en,15
port,15
rash,15
thick,15
pleased,15
loveliness,15
jack,15
mony,15
betwixt,15
creed,15
stamp,15
stubborn,15
bay,15
clock,15
mouse,15
search,15
crimson,15
cost,15
suffering,15
christine,15
silk,15
pea,15
pant,15
flatter,15
sen,15
makth,15
floor,15
eglington,15
appetite,15
hung,15
handle,15
oak,15
working,15
loathe,15
extreme,15
enchant,15
ashe,15
twine,15
league,15
swoon,15
tail,15
grape,15
reserve,15
gesture,15
intent,15
acknowledge,15
rope,15
lament,15
esteem,15
fever,15
arch,15
market,15
detricand,15
liege,15
dreamy,15
chill,15
tomorrow,15
miser,15
finish,15
type,15
forgiveness,15
rarely,15
idly,15
afford,15
hymn,15
warlike,15
jealousy,15
flourish,15
taper,15
chastity,15
rustle,15
scott,15
robin,15
clerk,15
phrase,15
prime,15
dower,15
blanket,15
frantic,15
fox,15
boot,15
footstep,15
rear,15
amiss,15
quebec,15
wistful,15
heroic,15
writer,15
whereat,15
zeus,15
linnet,15
achilles,15
distress,15
matron,15
dewy,15
shroud,15
marvellous,15
knowe,15
confound,15
noon,15
hunter,15
whistle,15
bathe,15
rove,15
chiefly,15
couple,15
cheerful,15
realm,15
accuse,15
peter,15
quench,15
ofte,15
purchase,15
meed,14
hay,14
swiftly,14
solace,14
source,14
beheld,14
plum,14
girdle,14
penny,14
undertake,14
quicken,14
pastime,14
beguile,14
resign,14
determine,14
generation,14
straightway,14
permission,14
progress,14
represent,14
hunting,14
fellowship,14
aweie,14
fetter,14
pet,14
bearded,14
liquid,14
wench,14
weird,14
log,14
hearken,14
daisy,14
dimly,14
fog,14
contempt,14
offering,14
ache,14
me--,14
prick,14
inn,14
beget,14
heavily,14
herte,14
stonde,14
arme,14
conscious,14
madly,14
impart,14
ruby,14
entertain,14
untold,14
englishman,14
musical,14
government,14
edge,14
entreat,14
15,14
june,14
trample,14
absence,14
courteous,14
advise,14
refreshment,14
compel,14
universe,14
weakness,14
cavalier,14
sensation,14
release,14
custom,14
prefer,14
abound,14
organ,14
nevermore,14
tiger,14
mass,14
therof,14
everlaste,14
crush,14
portrait,14
harvest,14
brand,14
fan,14
beginning,14
rebel,14
survey,14
shameful,14
snowy,14
fairly,14
fragrant,14
violent,14
intelligence,14
shop,14
thrive,14
spectre,14
feign,14
liberal,14
jersey,14
homeward,14
drum,14
forbear,14
ceremony,14
avoid,14
particularly,14
vulture,14
ferrol,14
princely,14
delightful,14
purely,14
coin,14
touchende,14
chin,14
shiver,14
union,14
gabrielle,14
engine,14
whoso,14
deity,14
mature,14
moss,14
frozen,14
wad,14
charles,14
lodging,14
compose,14
stalwart,14
unfortunate,14
rate,14
m.,14
avenge,14
offend,14
guile,14
eden,14
it--,14
harmonious,14
pronounce,14
falle,14
belove,14
diantha,14
men,14
suggest,14
claridge,14
description,14
domestic,14
emperor,14
gaunt,14
recall,14
alight,14
delicious,13
niece,13
martyr,13
reflect,13
knoweth,13
woodland,13
dazzle,13
jump,13
zeal,13
backward,13
aspect,13
crow,13
hede,13
sordid,13
faithfully,13
tramp,13
perrot,13
frightened,13
wheat,13
robert,13
horizon,13
determined,13
mair,13
ho,13
refrain,13
tremulous,13
philosophy,13
oppose,13
connaught,13
fitful,13
falchion,13
repentance,13
neighbour,13
dominion,13
defend,13
attire,13
sate,13
gernot,13
hermia,13
fragile,13
intimate,13
lively,13
display,13
nobly,13
scale,13
alien,13
panther,13
moor,13
coffee,13
dwelling,13
gete,13
aboute,13
permit,13
fantastic,13
myriad,13
supper,13
righteous,13
burial,13
forsooth,13
empress,13
confine,13
ignorance,13
prosperity,13
weel,13
carve,13
saddle,13
troth,13
basket,13
skip,13
homeless,13
needle,13
victim,13
rinaldo,13
chest,13
deliver,13
soften,13
baffle,13
ivy,13
twinkle,13
exact,13
harry,13
hamlet,13
al'mah,13
apparently,13
follower,13
novel,13
hylda,13
lebanon,13
guise,13
lullaby,13
address,13
drunkard,13
guerdon,13
foster,13
asunder,13
sugar,13
miht,13
explain,13
mallow,13
vivid,13
halt,13
elf,13
exception,13
retain,13
womb,13
bolt,13
gild,13
crack,13
alm,13
despite,13
louise,13
thro,13
maun,13
row,13
pace,13
allure,13
pasture,13
essay,13
exalt,13
anne,13
antony,13
stant,13
distinguish,13
anny,13
portion,13
knock,13
tom,13
clung,13
dirty,13
excess,13
emerald,13
mysterious,13
develop,13
oxen,13
douglas,13
balance,13
injury,13
erris,13
winsome,13
tak,13
cherry,13
copy,13
affectionate,13
rede,13
celebrate,13
cell,13
remorse,13
excited,13
woeful,13
lump,13
strove,13
imperial,13
approve,13
careful,13
vicious,13
futile,13
treacherous,13
devoted,13
middle,13
original,13
petty,13
alixe,13
rattle,13
fortunate,13
print,13
soil,13
maidens,13
yell,13
stark,13
emblem,13
twould,13
full,13
vernal,13
remark,13
hume,12
tempestuous,12
snap,12
perform,12
claw,12
loathsome,12
han,12
barouche,12
denzil,12
existence,12
liquor,12
relieve,12
enfold,12
borne,12
indians,12
doubtful,12
junia,12
bereft,12
montreal,12
empire,12
obvious,12
hairy,12
carefully,12
prophesy,12
shoe,12
reality,12
ebb,12
project,12
foeman,12
seti,12
glisten,12
net,12
sally,12
twill,12
trod,12
visage,12
deign,12
egg,12
whirl,12
rival,12
dwarf,12
fount,12
employ,12
mahomme,12
muses,12
daphnis,12
decline,12
engage,12
injure,12
falter,12
romany,12
trove,12
voyage,12
conceit,12
radiance,12
grove,12
peacock,12
piping,12
ewe,12
knit,12
meself,12
satan,12
timon,12
atmosphere,12
aucassin,12
depend,12
sever,12
satisfied,12
eastern,12
sweetly,12
german,12
blindly,12
courser,12
spiritual,12
curve,12
century,12
shudder,12
directly,12
obedience,12
cheap,12
instantly,12
effort,12
peer,12
sith,12
northern,12
insult,12
uncertain,12
delia,12
aback,12
hearing,12
dole,12
endeavour,12
wisely,12
arab,12
doubtless,12
4,12
dye,12
censure,12
steadfast,12
yawn,12
pansy,12
response,12
rail,12
turk,12
prairie,12
revolve,12
southern,12
poverty,12
funny,12
highland,12
trow,12
fret,12
strengthe,12
ek,12
blushing,12
hospital,12
ecstasy,12
julia,12
seraph,12
seyn,12
bridegroom,12
eh,12
likely,12
bigot,12
gross,12
falstaff,12
burning,12
slightly,12
pillow,12
tendril,12
student,12
retreat,12
overcome,12
communion,12
apply,12
aeneas,12
hae,12
silken,12
haply,12
faintly,12
lawn,12
romantic,12
dispose,12
spite,12
valentine,12
wealthy,12
scream,12
rack,12
upright,12
symbol,12
clown,12
manhood,12
silently,12
waft,12
parpon,12
medallion,12
responsibility,12
lane,12
reflection,12
hardy,12
damn,12
reel,12
endear,12
macavoy,12
loyalty,12
amber,12
absolutely,12
violence,12
honde,12
eke,12
maner,12
bianca,12
perfection,12
demon,12
entire,12
slim,12
criminal,12
centre,12
reverend,12
unrequited,12
gush,12
psalm,12
calhoun,12
chalice,12
careth,12
capture,12
revel,12
dissolve,12
sincere,12
current,12
spice,12
odor,12
saul,12
brandy,12
billy,12
impatient,12
treason,12
bottle,12
curtain,12
discontent,12
freeze,12
schoolboy,12
car,11
plainly,11
snail,11
changeless,11
breathless,11
impress,11
whim,11
essential,11
wedding,11
sicken,11
unbroken,11
practise,11
pool,11
rapid,11
duchess,11
tint,11
local,11
siegmund,11
crumble,11
kingly,11
calle,11
collar,11
america,11
nestle,11
horror,11
ripen,11
withstand,11
establish,11
shadowy,11
drede,11
axe,11
cas,11
medical,11
argument,11
vaguely,11
pigeon,11
cigar,11
yearning,11
eyelid,11
latin,11
tarry,11
glowing,11
ambush,11
where'er,11
mare,11
suspect,11
coast,11
thoughtful,11
awa,11
license,11
joseph,11
cluster,11
aboard,11
dollar,11
proteus,11
fugitive,11
comb,11
clash,11
enow,11
hoary,11
withoute,11
carol,11
gulf,11
thrall,11
ballad,11
prosperous,11
serene,11
authority,11
marie,11
raiment,11
bite,11
scholden,11
trance,11
crazy,11
elate,11
crafty,11
circumstance,11
bothe,11
loneliness,11
grown,11
unaware,11
fraech,11
highly,11
revolt,11
potato,11
ranulph,11
you--,11
ply,11
proportion,11
trivial,11
dauntless,11
manne,11
stupid,11
widely,11
victor,11
jolly,11
tranquil,11
mazarine,11
dagger,11
bronze,11
demetrius,11
bonny,11
expand,11
shameless,11
healthy,11
endow,11
cur,11
being,11
spotless,11
weariness,11
show’d,11
bugle,11
whate’er,11
dusk,11
mention,11
test,11
vouchsafe,11
politic,11
text,11
everlasting,11
giddy,11
mess,11
fabled,11
ominous,11
outer,11
prowess,11
mov’d,11
recompense,11
timorous,11
knave,11
attract,11
insensible,11
canada,11
stripling,11
brass,11
brotherhood,11
brake,11
web,11
prose,11
resolution,11
ascend,11
offspring,11
jar,11
assure,11
splendor,11
chatter,11
skull,11
fellowes,11
instinctively,11
sergeant,11
carterette,11
heir,11
dante,11
week,11
vex,11
threaten,11
lorn,11
pocket,11
harsh,11
languid,11
withhold,11
recognize,11
bat,11
goal,11
waiting,11
inanimate,11
parrot,11
agent,11
valor,11
marmion,11
wield,11
crane,11
benedick,11
1824,11
bridle,11
certificate,11
seem’d,11
courtly,11
dish,11
spanish,11
moses,11
distinguished,11
announce,11
practice,11
lovingly,11
civil,11
pimlico,11
flat,11
tribute,11
harbour,11
career,11
honesty,11
enclose,11
rolling,11
owl,11
epigram,11
strengthen,11
rabbit,11
gang,11
shakespeare,11
hercules,11
savour,11
education,11
countryman,11
lawyer,11
orphan,11
durst,11
almighty,11
braver,11
shipwreck,11
bridal,11
energy,11
renounce,11
external,11
1,11
wiv,11
earl,11
thirsty,11
pistol,11
would'st,11
manage,11
duck,11
deaf,11
discord,11
christians,11
astolpho,11
notable,11
shady,11
flowery,11
aloud,11
chaos,11
ruediger,11
ass,11
trouthe,11
yow,11
elle,11
decision,11
readily,11
romeo,10
thorn,10
brighten,10
baron,10
50,10
juno,10
womman,10
momentary,10
harlan,10
cough,10
flattering,10
springtime,10
profane,10
counter,10
resist,10
prone,10
oriental,10
furious,10
departure,10
remedy,10
maple,10
priceless,10
flattery,10
largely,10
top,10
greed,10
steam,10
stiff,10
seemly,10
cash,10
brush,10
snare,10
mile,10
induce,10
divinest,10
western,10
envious,10
enjoyment,10
divinely,10
rosalie,10
repay,10
justify,10
varied,10
quaker,10
brim,10
20,10
rapt,10
regain,10
unkind,10
relish,10
donovan,10
cock,10
thrush,10
trial,10
therefrom,10
fragment,10
overflow,10
champion,10
leech,10
pattern,10
trifle,10
shew,10
temp,10
denmark,10
jist,10
building,10
brightness,10
brilliant,10
absorb,10
respond,10
mathilde,10
blot,10
midst,10
muffle,10
worlde,10
result,10
sinister,10
darken,10
dispute,10
puff,10
transient,10
crew,10
failure,10
ponder,10
fetch,10
lecture,10
opal,10
mingled,10
enforce,10
compass,10
bradamant,10
conqueror,10
unchanging,10
espy,10
lurk,10
iago,10
aspire,10
witnesse,10
fickle,10
sette,10
occupy,10
unjust,10
purer,10
dooni,10
argue,10
exclamation,10
turn'd,10
seein,10
reap,10
trip,10
tonight,10
rover,10
galley,10
prate,10
majestic,10
punish,10
boyish,10
stride,10
wolt,10
concord,10
potent,10
accomplish,10
neath,10
steep,10
ember,10
johnny,10
hark,10
male,10
immediately,10
mickle,10
sultan,10
jonathan,10
hid,10
assent,10
apt,10
steer,10
murderer,10
justine,10
ornament,10
grandsire,10
burns,10
gering,10
drowsy,10
thou'lt,10
forthi,10
beste,10
squire,10
incident,10
herde,10
knell,10
coil,10
lovelier,10
translate,10
seide,10
unborn,10
lali,10
exclaim,10
shatter,10
dome,10
livery,10
sprite,10
shon,10
glee,10
wrist,10
adder,10
relic,10
wast,10
military,10
article,10
uncommon,10
ruddy,10
riht,10
companionship,10
necessity,10
es,10
wretch,10
blithe,10
lusti,10
worthi,10
melodious,10
huntsman,10
surrender,10
camel,10
deceit,10
sende,10
mot,10
constrain,10
solomon,10
lordly,10
regular,10
cap,10
beware,10
left,10
hee,10
graceful,10
modesty,10
talent,10
afton,10
margaret,10
conspiracy,10
redeem,10
cheat,10
advertiser,10
signify,10
caste,10
marion,10
salvation,10
standard,10
fitting,10
temperament,10
oil,10
corner,10
earnestly,10
alexander,10
fulness,10
lower,10
gasp,10
nearer,10
mend,10
belward,10
strongly,10
willie,10
ardour,10
sapphire,10
stage,10
lucy,10
loving,10
heartily,10
plight,10
cruelty,10
sage,10
encounter,9
merciful,9
reputation,9
interchange,9
essence,9
s,9
wys,9
belloc,9
eighteen,9
piteous,9
brew,9
nathele,9
grete,9
holde,9
dede,9
hatim,9
honestly,9
childlike,9
sleepless,9
level,9
kisses,9
idleness,9
poppy,9
chide,9
dial,9
manitou,9
nap,9
thrilling,9
dash,9
contrary,9
$,9
portia,9
bush,9
insect,9
incongruous,9
talented,9
examine,9
sunday,9
replete,9
stod,9
druse,9
berowne,9
wanderer,9
lace,9
snuff,9
finally,9
ful,9
rue,9
gourd,9
heave,9
stair,9
fiddle,9
sneer,9
tragic,9
edith,9
lash,9
problem,9
fulofte,9
understonde,9
provision,9
pinion,9
povere,9
hise,9
oghne,9
cliff,9
maze,9
perverse,9
majority,9
elderly,9
womanhood,9
measureless,9
recover,9
cheerfully,9
wizard,9
riche,9
ladi,9
proudly,9
whanne,9
monkey,9
prosper,9
afresh,9
notion,9
scar,9
presume,9
vantage,9
status,9
pass'd,9
introduce,9
vie,9
squat,9
constancy,9
bible,9
spurn,9
call’d,9
blunt,9
drunke,9
erst,9
cid,9
behinde,9
speedy,9
bribe,9
petition,9
political,9
watchful,9
kingsley,9
macnamara,9
clue,9
d'ye,9
narrow,9
dick,9
transform,9
rootless,9
consolation,9
bonie,9
distinction,9
fence,9
luxurious,9
realize,9
khedive,9
mourner,9
chivalry,9
scroll,9
gloomy,9
council,9
vigour,9
flora,9
bane,9
wire,9
fore,9
ain,9
whit,9
cupid,9
formal,9
haze,9
rend,9
yeh,9
mongst,9
proffer,9
impotent,9
leicester,9
chinese,9
physician,9
safely,9
grunt,9
youngster,9
dire,9
sullen,9
sustain,9
ail,9
foil,9
escort,9
purity,9
exercise,9
expire,9
cage,9
festival,9
hive,9
hinder,9
dam,9
random,9
rout,9
enkindle,9
preacher,9
normal,9
translation,9
abhor,9
excite,9
ally,9
monument,9
variety,9
railway,9
scotland,9
hearth,9
machine,9
lasting,9
property,9
startled,9
mellow,9
dell,9
hoof,9
permanent,9
mars,9
gale,9
austere,9
orb,9
newspaper,9
pitch,9
disorder,9
rugged,9
grievous,9
glimpse,9
gown,9
lately,9
contentment,9
prophecy,9
james,9
chap,9
ulster,9
windisch,9
propose,9
anxiety,9
rosebud,9
languish,9
sickly,9
illustrious,9
musket,9
elephant,9
fruitful,9
ii,9
commonly,9
plunge,9
holier,9
angels,9
instance,9
choke,9
that--,9
doorway,9
scan,9
eternally,9
learning,9
utterly,9
gallop,9
plighted,9
ev’ry,9
waver,9
watcher,9
genial,9
surer,9
sacrament,9
victorious,9
boil,9
prejudice,9
diet,9
verdict,9
crest,9
'cause,9
assemble,9
warp,9
rogue,9
version,9
eminent,9
usually,9
infinitely,9
rhythm,9
pervade,9
reproach,9
gust,9
possibly,9
sardonic,9
ceaseless,9
athenian,9
pig,9
spire,9
remote,9
fulfilment,9
rascal,9
curb,9
enchantment,9
cloudy,9
adventurous,9
dispraise,9
favourite,9
resound,9
penance,9
withered,9
gall,9
earthquake,9
lunch,9
tourney,9
vary,9
sweat,9
passionately,9
whin,9
arrest,9
covet,9
audacious,9
avow,9
seduce,9
nervous,9
successful,9
mete,9
revive,9
consideration,9
charlemagne,9
fruitless,9
assail,9
dip,9
keeper,9
linen,9
tire,9
roast,9
spill,9
matchless,9
mischief,9
sap,9
devour,9
behave,9
sod,9
chariot,9
compliment,9
completely,9
unloose,9
myn,9
teaching,9
saxon,9
vapor,9
elect,9
consequence,9
inspiration,8
vial,8
capacity,8
closely,8
loath,8
sone,8
erthe,8
motive,8
goode,8
tolde,8
substantial,8
professor,8
armor,8
handwriting,8
refine,8
ding,8
kathleen,8
mocking,8
furnish,8
animate,8
perilous,8
dishonour,8
sixpence,8
intercourse,8
excellence,8
devout,8
unheard,8
possest,8
diana,8
knightly,8
lifeless,8
provoke,8
theatre,8
foregone,8
pin,8
michael,8
gear,8
accident,8
falcon,8
bait,8
saintly,8
chasm,8
sympathize,8
kid,8
avocat,8
suffolk,8
reasonable,8
pontiac,8
implore,8
unbounded,8
pilot,8
acquaint,8
accurse,8
opposite,8
bohemia,8
wasp,8
oracle,8
anthem,8
transport,8
sanguine,8
sack,8
ensue,8
desolate,8
situation,8
hood,8
confer,8
attack,8
cloth,8
ineffable,8
luke,8
paltry,8
renunciation,8
entwine,8
howl,8
eclipse,8
horseman,8
clover,8
appoint,8
butcher,8
tassel,8
rescue,8
dungeon,8
divorce,8
pot,8
lovelace,8
contend,8
veteran,8
hopeful,8
gloucester,8
drawer,8
bucklaw,8
overtake,8
turtle,8
yeoman,8
rifle,8
barber,8
correct,8
sweeter,8
disclose,8
selection,8
ned,8
hermit,8
bishop,8
forbidden,8
fallen,8
trooper,8
goat,8
enable,8
folker,8
rhine,8
trusty,8
monk,8
sculpture,8
combat,8
alpine,8
fleece,8
mechanically,8
alliance,8
park,8
extinguish,8
clothing,8
grecian,8
conquest,8
tangle,8
certainty,8
excitement,8
frenchman,8
and--,8
adrian,8
farmer,8
amorous,8
prospect,8
stem,8
ahead,8
confide,8
job,8
peak,8
invention,8
weasel,8
official,8
indulge,8
hook,8
dreamer,8
patriot,8
captivity,8
forgetfulness,8
owner,8
corrupt,8
maine,8
wooing,8
nell,8
chimney,8
ghastly,8
helpful,8
highway,8
collect,8
admirable,8
loudly,8
mo,8
orchard,8
truthful,8
gordon,8
entertainment,8
cream,8
olden,8
drowned,8
especial,8
ox,8
gabord,8
defence,8
tumble,8
ant,8
improve,8
wean,8
mockery,8
mole,8
mourning,8
benefit,8
gape,8
badly,8
hurl,8
sovereignty,8
ween,8
sappho,8
flynn,8
spur,8
befit,8
met,8
bulk,8
amidst,8
consist,8
writing,8
adam,8
fourth,8
relinquish,8
plate,8
cord,8
pomp,8
gentleness,8
tenant,8
fielding,8
fellah,8
misfortune,8
maternal,8
forgotten,8
valuable,8
extract,8
25,8
dine,8
angelic,8
cleopatra,8
caution,8
blank,8
greece,8
sall,8
bonnie,8
overweene,8
bern,8
pleasing,8
coffin,8
vilest,8
fridthjof,8
sensitive,8
fowl,8
jews,8
gat,8
considerable,8
award,8
partner,8
preach,8
plough,8
rave,8
luminous,8
lucifer,8
belly,8
friendless,8
timely,8
lusty,8
madden,8
marrow,8
helmet,8
35,8
severe,8
sheet,8
hesperus,8
opening,8
ane,8
shock,8
dimsdale,8
compound,8
dive,8
senseless,8
archer,8
size,8
wonte,8
wiser,8
rotten,8
prudent,8
unnatural,8
vassal,8
gie,8
expose,8
found,8
blent,8
peine,8
tew,8
outlive,8
commission,8
universally,8
painting,8
rural,8
2,8
lilac,8
luve,8
rebuke,8
privilege,8
amazing,8
gon,8
entirely,8
reste,8
betide,8
edgar,8
obeie,8
mochel,8
phoebus,8
fates,8
conception,8
zealous,8
exciting,8
deem'd,8
bundle,8
inquire,8
sketch,8
myht,8
towardes,8
policy,8
salutation,8
soule,8
ravish,8
ode,8
railroad,8
globe,8
lightne,8
ankle,8
strip,8
afternoon,8
whispering,8
superb,8
seith,8
sane,8
blanche,8
rot,8
stede,8
holiday,8
fleda,8
blazon,8
spit,8
artillery,8
helpeth,8
napkin,8
ransom,8
gaily,8
goodwill,8
swim,8
murray,8
inland,8
robber,8
pal,8
coloured,8
maketh,8
laud,8
burlingame,8
canopy,8
iniquity,8
paul,8
hole,8
neat,8
unloved,8
porphyria,8
irresponsible,8
elbow,8
culture,8
blessedness,8
enfranchisement,8
ward,8
wash,8
respite,8
graciously,8
juliet,8
sensual,8
trim,8
newly,8
oblivion,8
include,8
wayward,8
antonio,8
extend,8
comedy,8
burgundian,8
may'st,8
loaf,8
eliza,8
civilized,8
drama,8
telle,8
isabel,8
forfeit,8
fasten,8
undying,8
--and,8
womanly,8
system,8
orange,8
frightful,7
likeness,7
undivided,7
walking,7
jeer,7
mansion,7
nicolete,7
trewe,7
axeth,7
tellen,7
bet,7
injurious,7
toucheth,7
judgement,7
dankwart,7
gregory,7
nibelung,7
claudio,7
friar,7
detect,7
wole,7
jessica,7
incarnate,7
scathe,7
lese,7
reson,7
enderby,7
jamaica,7
patsy,7
askatoon,7
tynan,7
ilke,7
feat,7
relative,7
ambassador,7
nobleness,7
merriment,7
swinge,7
lantern,7
armado,7
repel,7
coral,7
characteristic,7
courtier,7
chevalier,7
voban,7
windlehurst,7
roe,7
saadat,7
surety,7
ismail,7
writhe,7
maria,7
osier,7
schalt,7
sturdy,7
suche,7
maist,7
mademoiselle,7
cynical,7
buonespoir,7
obedient,7
grimly,7
mor,7
tok,7
armes,7
noman,7
helpe,7
asterte,7
spede,7
o'ryan,7
clint,7
biscuit,7
bravely,7
countess,7
moray,7
habitant,7
in’t,7
availeth,7
unkindness,7
nou,7
unkinde,7
travail,7
stable,7
170,7
befell,7
lear,7
vampire,7
enterprise,7
lattice,7
dishonourable,7
happily,7
visitor,7
pango,7
fascinating,7
admiral,7
nightly,7
buckingham,7
definite,7
seventy,7
deliverance,7
famine,7
do,7
dreaming,7
moonbeam,7
florence,7
ailill,7
is’t,7
canadian,7
butter,7
malachi,7
av,7
grah,7
doubly,7
lonesome,7
glamour,7
incline,7
dreary,7
7,7
45,7
possibility,7
remorseful,7
occasionally,7
coming,7
regiment,7
malice,7
garb,7
fix’d,7
beset,7
afflict,7
sat,7
tragedy,7
spider,7
li,7
transitory,7
tenfold,7
streaming,7
brace,7
selfsame,7
execute,7
cigarette,7
violently,7
champagne,7
haggard,7
groom,7
anxiously,7
conflict,7
humility,7
hiding,7
hasty,7
impudent,7
contact,7
sickness,7
ware,7
pointed,7
sirrah,7
briar,7
passive,7
injured,7
emerge,7
pitcher,7
meantime,7
wus,7
sufficiently,7
convict,7
fell,7
contract,7
heather,7
pallid,7
slake,7
so--,7
humbler,7
reform,7
motherhood,7
illusive,7
crouch,7
lid,7
outstretche,7
spangle,7
childless,7
dispatch,7
cherished,7
adonis,7
mamma,7
trap,7
remarkably,7
dirt,7
hedge,7
droll,7
contest,7
wreathe,7
taint,7
hop,7
encouragement,7
raw,7
grandma,7
hastily,7
charger,7
kitchen,7
errand,7
whine,7
banquet,7
alloy,7
process,7
etc,7
windy,7
teem,7
scourge,7
mutiny,7
tact,7
mental,7
lank,7
slander,7
puzzle,7
tighten,7
factory,7
critic,7
vigor,7
ruffian,7
zoe,7
envoy,7
prophetess,7
hare,7
fiercely,7
wrathful,7
homage,7
crag,7
pavilion,7
shattered,7
patiently,7
distinctly,7
apace,7
colt,7
cataract,7
discipline,7
distraught,7
othello,7
cassio,7
wedlock,7
moody,7
hospitality,7
o'erthrown,7
extremely,7
penalty,7
vest,7
sheaf,7
manifold,7
dying,7
throbbing,7
ribbon,7
extraordinary,7
tradition,7
confident,7
marshal,7
frequently,7
hostage,7
keeping,7
openly,7
sup,7
scanty,7
antiquity,7
rely,7
pebble,7
quell,7
monarchs,7
nasty,7
cork,7
co,7
ariadne,7
mayest,7
gospel,7
obscure,7
underneath,7
embody,7
inly,7
laura,7
leo,7
thunderbolt,7
mutton,7
stall,7
colonel,7
heav'n,7
imply,7
separately,7
compensation,7
stroll,7
choir,7
sceptre,7
hind,7
therewith,7
jade,7
invade,7
appear'd,7
stomach,7
afore,7
pack,7
defy,7
immense,7
china,7
complexion,7
wipe,7
grandfather,7
wilderness,7
cadence,7
conkling,7
ye’re,7
painter,7
thorough,7
professional,7
bath,7
scant,7
muscle,7
pageant,7
sabbath,7
sheer,7
dryad,7
hap,7
ban,7
onion,7
gravely,7
squirm,7
do--,7
toby,7
waxen,7
hallowed,7
ecstatic,7
poesy,7
indicate,7
lavinia,7
promis’d,7
alluring,7
complaint,7
delirious,7
lustre,7
driver,7
assume,7
familiarly,7
emily,7
nightmare,7
border,7
seeking,7
crown'd,7
invitation,7
mally,7
disposition,7
inherent,7
perforce,7
athletic,7
resort,7
outrage,7
pave,7
collapse,7
somebody,7
arrange,7
adoration,7
yard,7
fashioned,7
unselfish,7
voiceless,7
croak,7
guardian,7
endurance,7
him--,7
loiter,7
fondness,7
wrack,7
follow'd,7
thankful,7
giving,7
falsehood,7
bask,7
stillness,7
glen,7
parallel,7
unpleasant,7
changeful,7
nobility,7
commingle,7
noontide,7
floweret,7
cursed,7
opera,7
ilka,7
masculine,7
lull,7
pursuit,7
grin,7
may’st,7
hebrew,7
paternal,7
heifer,7
publish,7
percy,7
independent,7
jaw,7
hostile,7
request,7
incredible,7
manifest,7
select,7
august,7
benediction,7
pitiless,7
greeks,7
ta’en,7
lee,7
max,7
coldly,7
venerable,7
shred,7
crept,7
gutenberg,7
penetrate,7
publisher,7
winnow,7
garner,7
lynx,7
abstract,7
actual,7
mak,7
warden,7
forthwith,7
sale,7
logic,7
delude,7
elude,7
shaft,7
myrtle,7
sigurd,7
absalom,7
björnson,7
nibelungenlied,7
amend,7
plunder,6
her.--_mexican,6
smother,6
worry,6
melteth,6
flammonde,6
volker,6
stol’n,6
trony,6
sweden,6
danish,6
convert,6
mong,6
dedicate,6
canker,6
dennis,6
gorgio,6
olive,6
fille,6
deceased,6
bechelaren,6
wormwood,6
replenish,6
graces,6
lascivious,6
40,6
untaught,6
renown,6
longe,6
on’t,6
squeeze,6
pandarus,6
observance,6
gratify,6
unison,6
laggard,6
flare,6
siren,6
mab,6
robust,6
manna,6
proserpine,6
spectral,6
righteousness,6
similar,6
pencil,6
principle,6
intellect,6
arid,6
boldness,6
wag,6
dusty,6
gnat,6
insane,6
milton,6
smoking,6
reading,6
scorpion,6
drug,6
crude,6
barefoot,6
litany,6
corruption,6
sanctify,6
vouchsaf’d,6
complex,6
illume,6
succour,6
abundant,6
unreal,6
imitate,6
braw,6
snaw,6
ale,6
daphne,6
clamour,6
firmly,6
legion,6
displeasure,6
britain,6
zephyr,6
silvery,6
consign,6
thereon,6
warble,6
morsel,6
burrow,6
cannie,6
jamie,6
wand,6
mote,6
pope,6
unspeakable,6
witless,6
memorial,6
sang,6
gude,6
keenly,6
tether,6
titus,6
songster,6
calmly,6
idiot,6
pallas,6
concerned,6
is't,6
hesper,6
hellish,6
toast,6
parchment,6
skilled,6
wintry,6
gurgle,6
clutch,6
flax,6
toe,6
whereto,6
fill’d,6
shutter,6
publication,6
consciousness,6
aspen,6
exhalation,6
precept,6
surpass,6
picturesque,6
blindness,6
ore,6
diadem,6
assistance,6
sheen,6
handy,6
crash,6
reprove,6
constellation,6
expense,6
cue,6
craving,6
rag,6
jane,6
rum,6
fevere,6
playing,6
bearing,6
frederick,6
quantity,6
deuce,6
whale,6
hermann,6
ask'd,6
carriage,6
prometheus,6
imbue,6
jailer,6
don't,6
editor,6
weaken,6
fading,6
nancy,6
knitting,6
parson,6
javelin,6
birch,6
arrogant,6
transfigure,6
continent,6
wink,6
collection,6
limp,6
placid,6
stint,6
mail,6
slavery,6
matilda,6
falls,6
psyche,6
girlhood,6
pearly,6
fle,6
model,6
kick,6
payment,6
liar,6
wisp,6
heav'nly,6
skeleton,6
feller,6
warn't,6
acquaintance,6
chicken,6
lucasta,6
startle,6
pathos,6
viol,6
rind,6
aboriginal,6
shirt,6
"me,--",6
primrose,6
player,6
doe,6
selfishness,6
intently,6
mirage,6
packet,6
deserving,6
pitiable,6
devoid,6
beetle,6
poignant,6
assist,6
thaw,6
thurio,6
chameleon,6
handkerchief,6
acquire,6
procession,6
bide,6
tush,6
symphony,6
women,6
barrier,6
shorn,6
palamon,6
lineage,6
mode,6
peep,6
stress,6
pisidicê,6
barque,6
vanquish,6
toad,6
delectable,6
confusion,6
aware,6
attractive,6
3,6
oliver,6
distorted,6
fork,6
daylight,6
should'st,6
glutton,6
strained,6
smash,6
craze,6
liking,6
purvey,6
paynim,6
brittle,6
india,6
eloquent,6
cull,6
ungrateful,6
inflict,6
curiosity,6
crop,6
bowel,6
eddying,6
discern,6
gryphon,6
offensive,6
worshipful,6
constantly,6
activity,6
yond,6
cultivate,6
coz,6
mightily,6
subtlety,6
wrought,6
shyly,6
dolphin,6
tattere,6
exeter,6
icicle,6
mow,6
siege,6
gorgeous,6
amity,6
parcel,6
explore,6
united,6
countersign,6
talon,6
comprehend,6
enlarge,6
eighty,6
bravery,6
sleek,6
rang,6
portal,6
anear,6
balen,6
crook,6
minstrelsy,6
justly,6
trickle,6
nowadays,6
weakly,6
split,6
lille,6
delicately,6
plaintive,6
wordless,6
bidding,6
solitary,6
cobweb,6
laverock,6
studious,6
electric,6
uphold,6
dismiss,6
atom,6
wid,6
salute,6
distil,6
tiller,6
ran,6
medal,6
gull,6
tryst,6
saith,6
maud,6
delighted,6
thwart,6
eater,6
actually,6
plot,6
equality,6
diversion,6
taunt,6
oss,6
straighten,6
barley,6
bondage,6
nibble,6
conjure,6
blameless,6
paw,6
scandal,6
elder,6
bodied,6
regal,6
donald,6
cart,6
hale,6
rebellious,6
husk,6
mud,6
wooden,6
dancer,6
chart,6
alway,6
accomplished,6
skirt,6
cloy,6
burnish,6
suggestion,6
pupil,6
enwrap,6
seeker,6
grind,6
theocritus,6
epic,6
prettiest,6
slew,6
headstrong,6
aphrodite,6
tween,6
hoop,6
imp,6
absurd,6
tumultuous,6
unruly,6
woodsman,6
egyptian,6
subtly,6
ruler,6
beseem,6
cannon,6
disperse,6
saga,6
associate,6
gone,6
artistic,6
tin,6
heartless,6
aw,6
clergyman,6
farm,6
antique,6
ruthless,6
drew,6
spoke,6
confirm,6
eminence,6
applause,6
lotus,6
fastidious,6
refined,6
intensity,6
sweetmeat,6
period,6
immoral,6
tyranny,6
babble,6
infidel,6
stumble,6
imprisonment,6
calf,6
ruffle,6
garrulous,6
canoe,6
boston,6
fergus,6
gravity,6
ma,6
stifle,6
aglow,6
recede,6
amis,6
limitation,6
inclined,6
successor,6
hoar,6
famish,6
consecration,6
probe,6
ignoble,6
dote,6
proceeding,6
vaunt,6
barter,6
one--,6
patriotic,6
superstitious,6
55,6
connect,6
uniform,6
inconsequent,6
dubois,6
harem,6
armament,6
eyes,6
fraud,6
piety,6
sorely,6
allay,6
frog,6
hesitate,6
polish,6
insist,6
--that,6
confession,6
missionary,6
allah,6
tonic,6
sphinx,6
der,6
'bout,6
fray,6
howe'er,6
asp,6
hurriedly,6
marked,6
temptation,6
wallstein,6
county,6
naval,6
criticism,6
ridiculous,6
knelt,6
repast,6
blake,6
besiege,6
baptism,6
therinne,6
wonne,6
pe,6
seke,6
withinne,6
olde,6
handed,6
accompany,6
nimble,6
violate,6
saide,6
wille,6
preie,6
purr,6
unutterably,6
coy,6
lacke,6
ferst,6
laste,6
yifth,6
betwen,6
ferste,6
1870,6
atteigne,6
wedge,6
fingall,6
extra,6
quake,6
pitiful,6
wreak,6
lavilette,6
abbe,6
diverse,6
comth,6
forbere,6
beginne,6
supernatural,6
amusement,6
protestant,6
barre,6
angele,6
chaudiere,6
brutish,6
hastings,6
virginity,6
cheese,6
mcgilveray,6
sene,6
samson,6
whiteness,6
lifetime,6
sombre,6
luc,6
p'tite,6
soolsby,6
perjure,6
slack,6
abdalla,6
cairo,6
exhale,6
bitterly,6
darkly,6
wroth,6
grudge,6
gentil,6
syllable,6
faire,6
ese,6
undye,6
emptiness,6
numb,6
strew,6
intellectual,6
sympathetic,6
thane,6
aloft,6
stab,6
molten,6
keener,6
welcoming,6
meagre,6
clepe,6
paramour,6
doute,6
testy,6
beni,6
swearing,6
birthright,6
michel,6
60,6
brahma,6
voter,6
needy,6
luzanne,6
boarder,6
litel,6
tedious,6
notwithstanding,6
forsook,6
region,6
alternate,6
turnus,6
patron,6
degenerate,6
ado,6
overestimate,6
bastard,6
riot,6
cuckoo,6
wist,6
wolden,6
temporal,6
distinct,6
gae,6
nursery,6
gane,6
repair,6
befal,6
sprightly,6
oppress,6
bounteous,6
bequest,6
margravine,6
jew,6
moderate,6
pyramus,6
literally,6
unlike,6
properly,5
sparkling,5
largess,5
beignet,5
giver,5
practically,5
divinity,5
halo,5
tombstone,5
roaring,5
seaman,5
fathom,5
immaculate,5
unarmed,5
victual,5
eel,5
schoolmaster,5
satiety,5
poisonous,5
olivia,5
wayside,5
lieth,5
drain,5
gruel,5
dripping,5
pathetic,5
fresher,5
daniel,5
credulous,5
rice,5
emma,5
suppliant,5
resting,5
cushion,5
moaning,5
polite,5
grassette,5
marcile,5
jansen,5
suicide,5
receiv’d,5
industrious,5
dispossess,5
hog,5
nan,5
barabbas,5
tempting,5
catholic,5
beguiling,5
autumnal,5
crab,5
yive,5
berne,5
dusky,5
responsible,5
jerk,5
conversation,5
arcite,5
spain,5
planning,5
rapier,5
defiance,5
contemplate,5
fuck,5
acid,5
mat,5
copper,5
dishonest,5
discreet,5
fervour,5
hoarse,5
hug,5
vegetable,5
cavern,5
angelica,5
lucid,5
unawares,5
recognise,5
petticoat,5
nook,5
whore,5
reckon,5
richly,5
robinson,5
o'-war,5
carbourd,5
flog,5
mixed,5
surgeon,5
unlawful,5
recreation,5
inhabit,5
treatment,5
murderous,5
ninety,5
learn'd,5
frenchmen,5
covenant,5
declaration,5
furl,5
know'st,5
menelaus,5
quoth,5
vanquish’d,5
crippled,5
rodney,5
bacchus,5
bake,5
conserve,5
specially,5
actor,5
excellency,5
tarquin,5
buzz,5
covoitise,5
madelinette,5
waistcoat,5
arrive,5
deceitful,5
foremost,5
hilt,5
forerunner,5
prepar’d,5
imperfect,5
hearte,5
glean,5
unheede,5
betime,5
charlotte,5
swam,5
deepen,5
gulp,5
prologue,5
receipt,5
crisis,5
clepen,5
distrust,5
gain'd,5
immediate,5
haven,5
rodomont,5
shod,5
rake,5
chuckle,5
thumb,5
ladye,5
dalliance,5
ranchman,5
flour,5
castine,5
gossamer,5
substitute,5
cloister,5
strict,5
helplessly,5
pilgrimage,5
nile,5
thoroughly,5
devoutly,5
windsor,5
chuck,5
generate,5
nee,5
benign,5
sophie,5
vanne,5
contemplation,5
martyrdom,5
moose,5
injin,5
diversely,5
heedless,5
tumult,5
freeman,5
rashly,5
gallantry,5
fruition,5
detachment,5
nic,5
prophetic,5
mortality,5
patriarch,5
back,5
hypocrite,5
steadily,5
lavish,5
seethe,5
brutal,5
prisone,5
refresh,5
thar,5
decree,5
pirate,5
prattle,5
swoop,5
broncho,5
pat,5
leather,5
unmove,5
vigil,5
contemplative,5
stainless,5
landscape,5
conform,5
multiply,5
gaudy,5
graver,5
elfin,5
dewdrop,5
fairer,5
reconcile,5
matin,5
guileless,5
sjambok,5
magnet,5
reverie,5
hun,5
resistless,5
trunk,5
unthrift,5
nibelungen,5
quenchless,5
volume,5
squad,5
rote,5
hih,5
powder,5
witty,5
ez,5
aspiration,5
tropic,5
stole,5
ability,5
tynemouth,5
fulfill,5
afoot,5
cleave,5
potion,5
bloomin,5
coriolanus,5
boss,5
dismount,5
thebes,5
impulsive,5
heartfelt,5
fullness,5
interrupt,5
recite,5
sovran,5
vaudreuil,5
unsaid,5
fraternal,5
soever,5
limitless,5
baas,5
unwittingly,5
session,5
exceeding,5
swarthy,5
denial,5
230,5
preide,5
essentially,5
leetla,5
strait,5
serviceable,5
astray,5
mermaid,5
rent,5
flaw,5
console,5
festive,5
architecture,5
casque,5
tulip,5
affliction,5
lieutenant,5
veld,5
unlearned,5
stork,5
wite,5
retire,5
enid,5
humane,5
dismay,5
carven,5
heavens,5
windmill,5
picnic,5
conventional,5
envelope,5
kruger,5
fouche,5
viper,5
dough,5
untrod,5
arose,5
tortured,5
disgust,5
agin,5
churl,5
leafy,5
mien,5
bereaved,5
persistent,5
vanquished,5
liveth,5
davy,5
lastly,5
conseil,5
goddesse,5
poursuie,5
yonge,5
digest,5
chidden,5
hansom,5
m,5
rivalry,5
omar,5
colour’d,5
awry,5
disregard,5
servile,5
goth,5
frankly,5
tofore,5
upbraid,5
eagerness,5
fifth,5
tense,5
athens,5
orbit,5
unsought,5
descent,5
unuttered,5
indistinct,5
disappointed,5
footfall,5
honorable,5
well--,5
rivulet,5
nectar,5
illusion,5
imagining,5
lyk,5
betray'd,5
dorian,5
voices,5
trophy,5
stealing,5
monseigneur,5
reverent,5
smith,5
pussy,5
dizziness,5
access,5
dahin,5
carrion,5
heritage,5
niver,5
28,5
bloedel,5
tress,5
crisp,5
fortress,5
intention,5
squaw,5
motionless,5
changeling,5
130,5
tardif,5
oghte,5
cordelia,5
petruchio,5
angiers,5
rapidly,5
joyfully,5
minor,5
scythe,5
crust,5
consort,5
outlaw,5
cruelly,5
doon,5
wende,5
streak,5
ladder,5
icy,5
tattered,5
anvil,5
route,5
attribute,5
oure,5
pike,5
cross’d,5
farth,5
apprehend,5
oon,5
ancestor,5
descry,5
deceiver,5
horribly,5
suckle,5
fated,5
untrewe,5
cam,5
trudel,5
conservative,5
interpret,5
dun,5
buttercup,5
killing,5
dowry,5
gotelind,5
joyance,5
snowflake,5
glorify,5
center,5
erewhile,5
forgiving,5
doomed,5
suitor,5
norman,5
rocket,5
ed,5
intelligent,5
arrowy,5
certe,5
dere,5
locked,5
worthiness,5
offender,5
sholde,5
pore,5
muster,5
vestal,5
detain,5
uplift,5
duteous,5
incomparable,5
responsive,5
legacy,5
philosopher,5
embassy,5
azure,5
cle,5
peddler,5
violin,5
commandment,5
tong,5
dis,5
strand,5
unholy,5
lilt,5
filmy,5
scoff,5
vigorous,5
soghte,5
girlish,5
flicker,5
nuptial,5
securely,5
bewitch,5
worse,5
shimmer,5
ave,5
nat,5
eek,5
fatigue,5
sensibility,5
115,5
shrewd,5
holden,5
expensive,5
respectable,5
rive,5
gladsome,5
origin,5
encircle,5
inferior,5
palate,5
annette,5
mast,5
votary,5
90,5
bey,5
inmost,5
bashful,5
procure,5
moisture,5
proclamation,5
ope,5
lemon,5
desirable,5
glossy,5
hearts,5
clod,5
smote,5
rigid,5
softness,5
variation,5
meddicle,5
hotspur,5
sideways,5
clouded,5
play’d,5
graduate,5
beef,5
din,5
defect,5
founde,5
sih,5
yifte,5
gleams,5
rhetoric,5
commonplace,5
ida,5
erin,5
bullet,5
lips,5
upraise,5
plump,5
harness,5
aff,5
deme,5
thoughtless,5
creator,5
intuition,5
snore,5
roebuck,5
spectacle,5
uv,5
sendeth,5
barrack,5
announcement,5
leinster,5
rid,5
kimber,5
speedily,5
un,5
lasse,5
pastoral,5
breach,5
fainting,5
maniac,5
enthusiasm,5
desireth,5
mane,5
tyrannous,5
peal,5
deth,5
except,5
lacey,5
effendina,5
preside,5
sma,5
galleon,5
pathway,5
unsung,5
allegiance,5
surfeit,5
inheritance,5
forge,5
thoghte,5
impediment,5
lame,5
phoenix,5
hugh,5
trojans,5
weaver,5
knewe,5
fall’n,5
comma,5
overwhelming,5
jenny,5
peradventure,5
stiffen,5
levy,5
superstition,5
meditation,5
quietness,5
unfeigned,5
sandal,5
85,5
employment,5
exclude,5
submit,5
accustomed,5
touching,5
appease,5
cognizance,5
augur,5
revelation,5
1839,5
lindsay,5
napoleon,5
sinewy,5
liv’d,5
while,5
pierrot,5
bloodhound,5
testimony,5
carmen,5
surface,5
dismal,5
unchanged,5
omit,5
annie,5
persuasive,5
acclaim,5
roderick,5
mead,5
befalle,5
imprint,5
wighty,5
weir,5
settler,5
werre,5
semeth,5
insistent,5
blighted,5
truant,5
persuade,5
ste,5
mutter,5
boldly,5
imaginary,5
amang,5
sebastian,5
tuo,5
pillar,5
fuel,5
vagrant,5
lick,5
clot,5
capital,5
dally,5
courier,5
godly,5
lasteth,5
sothe,5
erthly,5
secheth,5
unco,5
lyrical,5
tekewani,5
rockwell,5
experienced,5
jock,5
virginie,5
motley,5
vacant,5
lithe,5
guid,5
exceedingly,5
association,5
lamentation,5
100,5
joan,5
parish,5
timber,5
coolness,5
slide,5
blasted,5
jail,5
parliament,5
felix,5
liken,5
affright,5
poise,5
damned,5
kine,5
snort,5
maurine,5
ultimate,5
reaper,5
jowett,5
mission,5
unfulfilled,5
marchand,5
dey,5
sighing,5
deprive,5
tendency,5
imaginative,5
nursing,5
wraith,5
sparrow,5
comfortable,5
cressid,5
bless'd,5
jethro,5
repute,5
lunatic,5
pelican,5
crooked,5
national,5
invocation,5
painfully,5
comradeship,5
alabaster,5
carnal,5
vagabond,5
surf,5
famished,5
ajax,5
tut,5
redress,5
ordain,5
mexico,5
pelf,5
com,5
lov’d,5
convent,5
bang,5
precisely,5
falleth,5
tax,5
elemental,5
entitle,5
insolent,5
consult,5
heated,5
cedar,5
innumerable,5
scorch,5
profession,5
gum,5
breaking,5
channel,5
ruinous,5
sumptuous,5
survive,5
blanch,5
rune,5
then--,5
attach,5
gifted,5
pit,5
insatiate,5
remnant,5
penelope,5
penitence,5
sonnet,5
moist,5
whene'er,5
seche,5
daffodil,5
narcissus,5
enormous,5
inform,5
sabean,5
laurel,5
san,5
ingratitude,5
tralee,5
howe,5
wheer,5
infinity,5
outrun,5
1832,5
aureole,5
supremely,5
wool,5
sweeten,5
furtive,5
bully,5
graze,5
boyne,5
quota,5
unspoken,5
indifference,5
unwise,5
slug,5
lime,5
noah,5
seventeen,5
penitent,5
sanctuary,5
suspicion,5
all--,5
appreciate,5
twofold,5
leapt,5
murmurous,5
traditional,5
titan,5
belt,5
orpheus,5
seest,5
celebrated,5
macbeth,5
tip,5
thatch,5
whatso,5
elegant,5
solely,5
lov’st,5
applaud,5
grope,5
profess,5
pole,5
silvia,5
resemblance,5
despoil,5
"thee,--",5
healing,5
mistaken,5
annoy,5
rebellion,5
rubber,5
zerbino,5
summit,4
refusal,4
limited,4
unbound,4
can'st,4
portray,4
isolated,4
mandricardo,4
plenteous,4
ballot,4
warfare,4
baker,4
ether,4
kernel,4
clamber,4
desolation,4
sexton,4
myrrh,4
pernicious,4
poloniu,4
lassie,4
partial,4
promote,4
balmy,4
stretch'd,4
breath'd,4
function,4
phillis,4
overhead,4
barge,4
love--,4
orient,4
carew,4
fillip,4
duncan,4
uncontrolle,4
australians,4
do’t,4
desdemona,4
import,4
chastened,4
gigantic,4
hull,4
herrick,4
maltete,4
annual,4
liver,4
slope,4
vibrant,4
en,4
adept,4
journal,4
saucy,4
sear,4
shar’d,4
looke,4
loved,4
mocks,4
thistledown,4
button,4
garish,4
curiously,4
eyesight,4
splendidly,4
harrow,4
lent,4
aforetime,4
clip,4
skipper,4
loveless,4
tweed,4
tincture,4
entomb,4
latch,4
paulina,4
hoot,4
nowt,4
stones,4
plac'd,4
apparition,4
xi,4
rill,4
cobbler,4
labyrinth,4
comforteth,4
penury,4
unlettered,4
releasing,4
shilling,4
misrule,4
groweth,4
nedeth,4
buds,4
glint,4
persian,4
malignant,4
ariel,4
fable,4
insolence,4
gabble,4
halter,4
logical,4
feminine,4
eyeless,4
immutable,4
memories,4
unburied,4
preparation,4
bellowing,4
rushing,4
75,4
jesse,4
pard,4
forswear,4
previous,4
puir,4
repine,4
blasphemy,4
calculate,4
unloving,4
croon,4
advertise,4
ither,4
thrifty,4
torment,4
enshrine,4
ilian,4
excessive,4
coquetry,4
gather'd,4
heaves,4
kent,4
coronet,4
following,4
proposition,4
hilda,4
musk,4
pent,4
artificial,4
singly,4
evolve,4
debar,4
brazen,4
sentient,4
reluctant,4
opiate,4
murmuring,4
saturn,4
mona,4
scholar,4
amaranthine,4
byron,4
classical,4
uncounted,4
hobby,4
scornful,4
lucile,4
unquiet,4
block,4
involve,4
ferry,4
quaint,4
unbidden,4
womankind,4
motored,4
equity,4
foresee,4
grovel,4
workman,4
theft,4
resentment,4
liste,4
leper,4
shuffle,4
crying,4
wasteful,4
courtship,4
canterbury,4
froth,4
firefly,4
gliding,4
dolly,4
restrain,4
iv,4
heron,4
italian,4
chemist,4
eyebrow,4
inevitable,4
rampart,4
diviner,4
provokes,4
frequent,4
choo,4
passionless,4
harebell,4
nurture,4
spirited,4
clifford,4
unwearied,4
jupiter,4
englishmen,4
fay,4
restraint,4
republic,4
unwillingly,4
woodbine,4
crosse,4
upset,4
continuance,4
akin,4
iii,4
midsummer,4
skim,4
foretell,4
tycho,4
cynthia,4
roasted,4
mettle,4
contrive,4
gash,4
possesseth,4
doit,4
purge,4
sportive,4
interpretation,4
coveted,4
fanatic,4
cromwell,4
lincoln,4
rightful,4
lands--,4
chirp,4
witching,4
fearfully,4
crescent,4
fawe,4
fewe,4
drawe,4
felon,4
screffe,4
impute,4
scurvy,4
easter,4
montgomery,4
buchan,4
unutterable,4
vesper,4
undertone,4
spacious,4
sauce,4
mushroom,4
beholde,4
seie,4
loke,4
auspex,4
heretofore,4
canon,4
brine,4
ink,4
tenth,4
recitation,4
giddiest,4
vivian,4
lisp,4
kinship,4
dar’st,4
interval,4
definitely,4
taking,4
merciless,4
astonished,4
armèd,4
canary,4
shorten,4
fourscore,4
perfumed,4
pericles,4
destruction,4
faut,4
milky,4
clench,4
compact,4
conspire,4
pastry,4
benignant,4
forsaken,4
furry,4
chang,4
singularly,4
hotly,4
overal,4
wene,4
polished,4
shiel,4
masson,4
carcasson,4
ashore,4
pear,4
milder,4
fleshly,4
strung,4
veiled,4
usher,4
delirium,4
6,4
begot,4
humiliating,4
dastard,4
hourly,4
verdure,4
greater,4
thraw,4
accommodate,4
aptly,4
lerne,4
mowe,4
oght,4
potential,4
tempter,4
recital,4
tremendous,4
wampum,4
indifferent,4
flea,4
sought,4
sepulchre,4
buffalo,4
racer,4
closet,4
exiled,4
dieth,4
passing,4
thinking,4
mede,4
ethical,4
lading,4
dolores,4
impatience,4
manacle,4
mither,4
cackle,4
vaiau,4
fertile,4
illustration,4
moe,4
nobleman,4
outstretched,4
misty,4
340,4
angus,4
broadsword,4
quaver,4
more--,4
cowslip,4
250,4
schewe,4
<,4
medici,4
see--,4
nut,4
fu,4
adown,4
abundance,4
weyve,4
expert,4
daft,4
wile,4
lave,4
455,4
unexpected,4
unique,4
tutor,4
pagan,4
montague,4
recoil,4
steamer,4
invent,4
expectation,4
suppress,4
convulse,4
harrik,4
seiden,4
forgo,4
hamley,4
bountiful,4
foolishly,4
acre,4
lang,4
vulcan,4
allowance,4
interim,4
swete,4
phoebe,4
wakeful,4
debate,4
prepared,4
didn't,4
disloyal,4
metre,4
pie,4
fiddler,4
beck,4
undue,4
adamant,4
cricket,4
slice,4
105,4
150,4
hermes,4
surmise,4
chalk,4
guitar,4
perennial,4
perjury,4
times,4
lassitude,4
fre,4
gave,4
magnify,4
swung,4
pleaseth,4
spartan,4
strictly,4
comparison,4
amazed,4
trill,4
p.,4
tour,4
neibor,4
stripe,4
skilful,4
nostril,4
tidal,4
drowse,4
vigilant,4
gorge,4
ibrahim,4
ms,4
y.b.l.,4
speck,4
doting,4
baal,4
quote,4
drouth,4
hassan,4
mahommed,4
wylde,4
therfore,4
knowen,4
running,4
crutch,4
stature,4
contention,4
egerton,4
faculty,4
amain,4
parade,4
certein,4
200,4
urn,4
fife,4
mouthed,4
tavern,4
occupation,4
member,4
conne,4
breath’d,4
lit,4
philomel,4
frolic,4
insidious,4
souled,4
discrowne,4
accurately,4
booted,4
ome,4
bye,4
163,4
doctrine,4
frosty,4
deaden,4
olga,4
composure,4
reception,4
furrow,4
kerry,4
fortitude,4
molly,4
ragged,4
fantasy,4
conference,4
refus’d,4
lumber,4
langer,4
cardinal,4
potter,4
marshalled,4
repulse,4
unnecessary,4
ganymede,4
selamlik,4
lincolnshire,4
travaile,4
devilish,4
mislead,4
gnaw,4
polly,4
girt,4
aching,4
promptly,4
accidental,4
sleeping,4
scruple,4
sickle,4
hie,4
wrestle,4
trinket,4
lempriere,4
drone,4
ordeigne,4
fode,4
flamingo,4
treasured,4
unlock,4
overmuch,4
plese,4
beseche,4
fafnir,4
gunnar,4
gudrun,4
perplex,4
suggestive,4
dependent,4
shrive,4
reverently,4
rapturous,4
tap,4
lightness,4
suffuse,4
reptile,4
gratis,4
pony,4
attainment,4
partridge,4
gainsay,4
coverlet,4
paulette,4
lacasse,4
forgetting,4
buoyant,4
umbrage,4
precedent,4
offer’d,4
feather’d,4
mangle,4
fairies,4
135,4
strenuous,4
massive,4
forgave,4
huguenot,4
instruct,4
walter,4
november,4
motherly,4
cythna,4
perch,4
runaway,4
dorste,4
thyme,4
turning,4
galatea,4
production,4
undefile,4
vadrome,4
intervene,4
concert,4
ringing,4
encompass,4
wagon,4
interfere,4
flap,4
faste,4
lain,4
attendant,4
offense,4
meekness,4
brooch,4
portugais,4
execution,4
vaporous,4
sounder,4
grizzle,4
tight,4
min,4
confessor,4
provost,4
sublimely,4
clarinda,4
eaglet,4
valhal,4
angelo,4
persuasion,4
engraft,4
injustice,4
blisse,4
margrave,4
neatly,4
nane,4
che,4
heliotrope,4
repentant,4
harden,4
flout,4
necessarily,4
mirthful,4
plumage,4
victorine,4
stinging,4
it--'twa,4
suzon,4
us?--food,4
morris,4
retirement,4
hawthorn,4
tube,4
vehemence,4
instinctive,4
steele,4
soth,4
enthusiastic,4
dauphin,4
grievance,4
unwind,4
musician,4
zone,4
crusoe,4
be--,4
done--,4
miller,4
dispel,4
pouting,4
14,4
fanciful,4
beatitude,4
guiltless,4
needles,4
thrash,4
fierceness,4
holiness,4
stimulus,4
rejoin,4
ire,4
fader,4
pourchace,4
honeste,4
smithy,4
ting,4
outline,4
lucentio,4
tearful,4
grandam,4
afterglow,4
mischance,4
landlord,4
came,4
enslave,4
tibbie,4
dunbar,4
hunnish,4
pond,4
collectively,4
wrung,4
enrich,4
l,4
frankness,4
welfare,4
hubert,4
wolfish,4
humid,4
ashen,4
criseyde,4
purpos,4
puppy,4
een,4
clan,4
dow,4
shrank,4
jasper,4
gebir,4
voluntary,4
wif,4
watchman,4
navy,4
footsteps,4
nourishment,4
goatherd,4
tardy,4
overthrowe,4
behoveth,4
gimlet,4
poster,4
fern,4
brotherly,4
domination,4
shrivel,4
perfidy,4
spaniel,4
enoch,4
heedful,4
pact,4
flask,4
mariner,4
sunder,4
nede,4
hele,4
calleth,4
neighbourly,4
maitresse,4
spedde,4
interposition,4
pawn,4
parted,4
dramatic,4
whig,4
willy,4
bechlaren,4
knead,4
hawart,4
frailty,4
fitness,4
marvelous,4
pretence,4
gloomily,4
dr.,4
financial,4
brutu,4
emilia,4
nothing,4
mainly,4
merlin,4
ingrate,4
joint,4
vaughan,4
whiff,4
centaur,4
syracuse,4
despairing,4
cot,4
vibrate,4
spilt,4
alternately,4
vermin,4
cormorant,4
saw,4
yer'd,4
29,4
d'avranche,4
git,4
kinder,4
assuredly,4
july,4
ourself,4
intended,4
usurer,4
barry,4
critical,4
y'r,4
maitre,4
filch,4
sondri,4
scarf,4
enraptured,4
le,4
diffuse,4
solve,4
dromio,4
advis’d,4
nursling,4
sicilian,4
lorenzo,4
lackey,4
beareth,4
hateth,4
unconsciously,4
rooted,4
marjoram,4
ladyship,4
cab,4
porcelain,4
spinning,4
ceiling,4
curved,4
russet,4
padua,4
reconciliation,4
delusion,4
closed,4
primeval,4
suspend,4
tuneful,4
mightst,4
eschuie,4
bailly,4
fig,4
invalid,4
province,4
doing,4
lacketh,4
gripe,4
solemnity,4
drunkenness,4
organization,4
superfluous,4
statement,4
variously,4
noblest,4
alteration,4
ignore,4
laughing,4
possess’d,4
loveth,4
worn,4
siri,4
bicker,4
intenser,4
inwoven,4
ennoble,4
flint,4
revolver,4
medieval,4
clarion,4
shelf,4
jigger,4
manager,4
thou’rt,4
herbage,4
envelop,4
serenely,4
satin,4
reverse,4
sincerity,4
thai,4
thereat,4
dissolution,4
fibre,4
recognition,4
masse,4
gentlewoman,4
witness’d,4
fulfill’d,4
fiction,4
juste,4
duvarney,4
duel,4
coo,4
exhaustless,4
bended,4
meddle,4
goeth,4
frock,4
tease,4
sown,4
nourish,4
breeding,4
bearer,4
tynie,4
overmaster,4
pendulum,4
began,4
assay,4
untimely,4
difficulty,4
signior,4
shrew,4
odorous,4
confuse,4
chestnut,4
firmness,4
agramant,4
rabble,4
maintenance,4
feelin,4
oftener,4
outstretch’d,4
wond’rous,4
piccarda,4
impell’d,4
embalm,4
precedence,4
vault,4
orion,4
oo,4
wilton,4
clare,4
enchanted,4
frontino,4
cleft,4
whimsical,4
backwards,4
jessie,4
appearance,4
divil,4
couthe,4
sentimental,4
anchise,4
rumford,4
tongueless,4
sorter,4
b,4
uplifted,4
swagger,4
rook,4
semele,4
clearness,4
insinuate,4
babylon,4
startling,4
blur,4
goethe,4
bodice,4
sheddeth,4
sexless,4
indissoluble,4
par,4
greyhound,4
brooks,4
exult,4
indignation,4
hotel,4
baleful,4
astonishment,4
515,4
luscious,4
stony,4
extravagant,4
blooded,4
mountaineer,4
egotism,4
notary,4
puny,4
stocking,4
we,4
infamous,4
riddle,4
means,4
dogwood,4
uncouth,4
vineyard,4
generosity,4
wish’d,4
venison,4
burn'd,4
theory,4
exaggerated,4
conge,4
oman,4
said--,4
fill'd,4
frighten,4
tow'rd,4
cub,4
immortals,4
gladden,4
horace,4
hut,4
hitherto,4
cabman,4
aloe,4
liars,4
jangle,4
constraint,4
integrity,4
sluice,4
parch,4
armours,4
townley,4
phips,4
dale,4
vidall,4
erthli,4
satire,4
bonaventure,4
pitying,4
pioneer,4
indication,4
northward,4
rife,4
development,4
goad,4
brink,4
compelling,4
magician,4
terrestrial,4
pane,4
carbuncle,4
hack,4
carouse,4
humblest,4
thirteen,4
sew,4
arm’d,4
monopolize,4
be't,4
maternity,4
radisson,4
therto,4
longeth,4
pite,4
thomas,4
lissome,4
scoop,4
ellen,4
backsheesh,4
luciu,4
rib,4
orderly,4
quail,4
enhance,4
persist,4
cheerfulness,4
norice,4
taketh,4
reclaim,4
idealize,4
defenceless,4
rust,4
argos,4
baggage,4
sibyl,4
reliance,4
deliberately,4
neptune,4
hallow,4
bardolph,4
quicksilver,4
fervid,4
hurrying,4
crucify,4
passeth,4
boatswain,4
whoop,4
luik,4
tennyson,4
stale,4
lounge,4
thistle,4
supernal,4
appear’d,4
bourne,4
o'-war's,4
wroghte,4
lessen,4
tinkle,4
home--,4
dwindle,4
australia,4
helena,4
stead,4
judith,4
growl,4
tim,4
brawl,4
define,4
marphisa,4
progressive,4
transcript,4
destine,4
fitter,4
guidance,4
daemon,4
archangel,4
inimitable,4
tereus,4
jubilant,4
norway,4
barbara,4
cumner,4
gawdor,4
factor,4
slang,4
discard,4
briefly,4
parlor,4
wished,4
testament,4
papa,4
cleverest,4
undisciplined,4
awkward,4
sirens,4
320,4
malvolio,4
notorious,4
dizzy,4
conceal'd,4
wither'd,4
militia,4
waist,4
discuss,4
excursion,4
ooze,4
fisher,4
astonish,4
frugal,4
resplendent,4
plato,4
abe,4
pr,4
sinnet,4
stun,4
plane,4
tackle,4
kept,4
gleam'd,4
tool,4
jovial,4
martha,4
quivering,4
intrude,4
timidly,4
amaze,4
katherina,4
devlin,4
telleth,4
casual,4
core,4
bleak,4
phil,4
cotton,4
suffragist,4
mirabella,4
bristle,4
magazines,4
squirrel,4
bode,4
hyde,4
smitten,4
loosen,4
agreeable,4
stelthe,4
restful,4
sacripant,4
staggering,4
continual,4
glut,4
takth,4
sacrilege,4
madras,4
credence,4
hungerford,4
criticise,4
boyd,4
swerve,4
--if,4
fumble,4
glade,4
institution,4
lois,4
bireno,4
oberto,4
craven,4
terrace,4
threefold,4
disastrous,4
lysander,4
relent,4
thoughtfully,4
outraged,4
sprang,4
ferrau,4
roland,4
profitless,4
irresistible,4
self-,4
europa,4
omnipotent,4
uneasy,3
ombre,3
ascanius,3
revenue,3
playfellow,3
caldron,3
worthily,3
flatter’d,3
visionary,3
dispense,3
leda,3
immensely,3
team,3
reproof,3
unasked,3
mew,3
treachery,3
tart,3
sepulture,3
structure,3
proffered,3
amply,3
faction,3
drearily,3
wayfarer,3
illyria,3
arion,3
shadowless,3
navvy,3
busby,3
rawley,3
involuntarily,3
feeding,3
crocus,3
vind,3
jet,3
anson,3
yong,3
mexican,3
--she,3
delicat,3
assuage,3
curd,3
honeycomb,3
orestes,3
widen,3
vanishing,3
confidant,3
mem'rie,3
wildere,3
leopard,3
viking,3
malicious,3
jopp,3
significance,3
thre,3
ate,3
clovelly,3
wherinne,3
resurrection,3
upwards,3
highborn,3
seth,3
unlucky,3
conclusion,3
careworn,3
hillock,3
kendall,3
noo,3
lovesome,3
gambling,3
beholden,3
sorcerie,3
nero,3
emotional,3
van,3
elixir,3
lorraine,3
euterpe,3
morass,3
ravine,3
hev,3
admiralty,3
expectancy,3
seemest,3
falsely,3
purty,3
ba'tiste,3
dingan,3
immaterial,3
amazement,3
headed,3
welter,3
uncomely,3
ould,3
bazaar,3
canal,3
disappointment,3
to’t,3
humorous,3
fere,3
infirmity,3
cassy,3
fixedly,3
sung,3
chore,3
magnificent,3
brighter,3
ghaist,3
dee,3
domain,3
marine,3
sorrel,3
mitiahwe,3
manette,3
bindon,3
whipcord,3
thelogonus,3
forwards,3
blew,3
throttle,3
planete,3
thenke,3
hostess,3
gaspard,3
p'r'ap,3
crone,3
sheriff,3
madonna,3
hoe,3
beautify,3
feverish,3
blackfoot,3
liere,3
casket,3
clamp,3
bookish,3
hillsman,3
mandakan,3
bertram,3
governance,3
usure,3
lene,3
weyhte,3
boght,3
avantage,3
planter,3
orter,3
niobe,3
peevish,3
cynthie,3
dominant,3
jes,3
tryon,3
redy,3
gonzales,3
rudely,3
look’st,3
coarseness,3
fist,3
elusive,3
fleecy,3
makes,3
unbodied,3
hunder,3
singeth,3
immovably,3
katie,3
beams,3
cathedral,3
seraphim,3
yaf,3
henri,3
alencon,3
angers,3
campaign,3
manor,3
waterfall,3
marcey,3
bluntly,3
sherburne,3
cherub,3
clamor,3
josephine,3
charcoal,3
hurricane,3
assur’d,3
lending,3
bared,3
werther,3
lief,3
softer,3
gothic,3
pail,3
gardens,3
helmsman,3
thankfulness,3
finished,3
reproduce,3
racing,3
coyote,3
hawley,3
enthral,3
inconsiderable,3
polar,3
banish’d,3
volcano,3
smiling,3
intrusion,3
aster,3
shrub,3
preferred,3
elise,3
absorbing,3
lajeunesse,3
her--,3
sixteen,3
decorate,3
feebly,3
francis,3
moisten,3
int’r,3
mutineer,3
bein,3
mcgann,3
y're,3
deceiv’d,3
susan,3
inexplicable,3
pork,3
"liquor,--",3
tresse,3
sharpen,3
debtor,3
accustom,3
giveth,3
glaucus,3
yew,3
damp,3
well-,3
trafford,3
sory,3
bachelor,3
belike,3
buttermilk,3
diary,3
basil,3
foretaste,3
dulcet,3
iceland,3
delite,3
patriotism,3
independence,3
vitality,3
malbrouck,3
--a,3
embellish,3
rusty,3
calamity,3
bolingbroke,3
natured,3
contingent,3
righteously,3
masquerade,3
enlightening,3
transmute,3
clew,3
merthe,3
mynde,3
apartment,3
ironical,3
satyr,3
pooty,3
ungentle,3
epistle,3
oppression,3
val,3
jen,3
nicolas,3
unimportant,3
andree,3
weene,3
zoug,3
temper’d,3
dot,3
glower,3
european,3
residence,3
solicitude,3
irony,3
badger,3
isolation,3
aleck,3
tyr,3
halfbreed,3
heav’nly,3
diaphenia,3
glassy,3
thetis,3
samela,3
britons,3
saying,3
cassandra,3
raphael,3
why--,3
apprehension,3
decidedly,3
villa,3
sharpness,3
gleaner,3
prance,3
jeff,3
ye'll,3
brightening,3
refreshing,3
triune,3
richness,3
preposterous,3
irretrievable,3
clinch,3
vastly,3
diplomacy,3
resource,3
inquiry,3
i've,3
superficial,3
patroclus,3
skillful,3
modulation,3
return’d,3
gathering,3
hoarsely,3
steadfastly,3
negligence,3
purgatory,3
transfix,3
usurp,3
leash,3
holdst,3
grapple,3
recorden,3
georgette,3
fighter,3
chastise,3
unreason,3
belongeth,3
intendant,3
sophist,3
flow’r,3
inweave,3
phaeton,3
whisper’d,3
whilom,3
cournal,3
momentous,3
lancy,3
headless,3
snooze,3
hectic,3
mentally,3
irishman,3
hunderd,3
discolour,3
fram’d,3
rumour,3
silky,3
bohea,3
haunted,3
richesse,3
nanette,3
juggler,3
margin,3
listening,3
aquite,3
sich,3
castor,3
bulky,3
sle,3
foreshadow,3
royally,3
scroop,3
prude,3
attentively,3
lioness,3
fail’d,3
comte,3
appourtenant,3
drinke,3
lobster,3
labourer,3
cheerily,3
46,3
sienna,3
arrant,3
swain,3
yo,3
pad,3
savin,3
incessantly,3
mornin,3
cassius,3
scrap,3
thievish,3
rullecour,3
"joy,--",3
grocery,3
ile,3
palimpsest,3
areanum,3
schape,3
aimable,3
gradde,3
pethe,3
aristocrat,3
wednesday,3
pedigree,3
goblin,3
diff'rent,3
conjecture,3
whalen,3
flatterer,3
standin,3
skeere,3
accolade,3
simile,3
carolyn,3
coolbrith,3
invincible,3
apprentice,3
smil’d,3
fastness,3
hand!--there,3
undergird,3
distract,3
estimation,3
elastic,3
bunch,3
defiant,3
unbearable,3
o'shaughnessy,3
christopher,3
shortcomings,3
ardently,3
accost,3
courteously,3
algate,3
fitly,3
originally,3
sacre,3
glister,3
lucrece,3
breadth,3
amethyst,3
annul,3
completeness,3
albert,3
corporal,3
throe,3
us’d,3
conceal’d,3
wedgewood,3
heinous,3
sinless,3
redundancy,3
pisgah,3
cayuse,3
lancehead,3
maverick,3
offshore,3
buzzard,3
gremio,3
hunchback,3
ous,3
cowthe,3
francois,3
gal,3
benevolence,3
corps,3
shortly,3
scripture,3
cameo,3
estimate,3
beldam,3
promontory,3
sophia,3
laniska,3
mon,3
tasso,3
perishable,3
holyday,3
propriety,3
judas,3
32,3
germany,3
ark,3
redeemer,3
laden--,3
ambuscade,3
hatch,3
hospitable,3
austria,3
ruder,3
hortensio,3
upflame,3
brick,3
auto,3
boyhood,3
statesman,3
chisel,3
curdle,3
washing,3
frill,3
crinkle,3
pisa,3
evils,3
trilling,3
licking,3
better,3
paleness,3
commander,3
gait,3
tangled,3
rihte,3
benoit,3
hands--,3
inscrutable,3
sever--,3
rally,3
recent,3
attorney,3
entente,3
spak,3
token--,3
came--,3
pyre,3
bauble,3
syria,3
habitation,3
arbitrary,3
supplant,3
dai,3
educate,3
eave,3
undoing,3
an’t,3
rosleen,3
lucretius,3
fanchon,3
pretext,3
jury,3
wildfire,3
triple,3
sleeps,3
part--,3
sunless,3
tailor-,3
infold,3
fa,3
crumb,3
madcap,3
fishing,3
lavender,3
mechanical,3
patroness,3
garnish,3
foote,3
composer,3
ravening,3
annythe,3
me?--,3
arline,3
repress,3
detail,3
dresden,3
ritual,3
theodore,3
heinrich,3
gan,3
turret,3
economic,3
dealing,3
splinter,3
achievement,3
hallucination,3
cheerless,3
serf,3
kneeling,3
foret,3
nora,3
worker,3
idler,3
tendance,3
dressed,3
drily,3
evangelist,3
filion,3
wilder,3
bawd,3
adversity,3
bok,3
faddo,3
japanese,3
"pain,--",3
order’d,3
fear’d,3
dupe,3
altered,3
loneliest,3
cellar,3
damascus,3
tracery,3
altgelt,3
unthinke,3
vengance,3
helle,3
harass,3
amulet,3
coquette,3
bargain,3
kindling,3
gloaming,3
spotted,3
enchanting,3
sirs,3
banter,3
prank,3
jobbin,3
comun,3
fen,3
stagger,3
faace,3
hom,3
nuncle,3
enlighten,3
unworthiness,3
trapping,3
unafraid,3
æschylos,3
sop,3
deirdre,3
celtic,3
cower,3
wardrobe,3
worships,3
ghosts,3
wolsey,3
distemp’re,3
hueless,3
higher,3
pathless,3
favorite,3
evangeline,3
grisly,3
marching,3
eventful,3
bluster,3
magnetic,3
morose,3
cuchulain,3
wassef,3
oaten,3
transparent,3
effendi,3
connor,3
achaians,3
pow’r,3
thankfully,3
parthian,3
x.,3
separation,3
milliner,3
exceptional,3
loyally,3
powerless,3
blurred,3
flushed,3
tu,3
arabic,3
preserver,3
khalifa,3
omnipotence,3
abate,3
having,3
mace,3
nyht,3
suitable,3
merrily,3
hiss,3
sanctity,3
solicit,3
pleasantly,3
aisle,3
mutinous,3
tao,3
nyh,3
goose,3
withstonde,3
ingrateful,3
fie,3
foorgat,3
seller,3
ham,3
werry,3
radical,3
melissa,3
contrast,3
hearer,3
resident,3
rarity,3
commence,3
fulfille,3
sleyhte,3
440,3
unscrupulous,3
undeveloped,3
forceless,3
64,3
clarence,3
islands,3
allan,3
tine,3
sylvan,3
thersite,3
barbarian,3
ton,3
tomahawk,3
excel,3
advocate,3
dwelleth,3
incomprehensible,3
foryete,3
moche,3
indefinable,3
broom,3
lowland,3
outlawed,3
unfit,3
sable,3
smilingly,3
matiere,3
decerte,3
woldest,3
530,3
mingling,3
liberally,3
blythe,3
hame,3
disentangle,3
queene,3
30,3
habitude,3
=,3
brandish,3
alexas,3
coax,3
windless,3
maia,3
slaw,3
basest,3
fisherman,3
cherubin,3
coolly,3
contour,3
bankrupt,3
cover’d,3
apparent,3
carrier,3
ruminate,3
forgetful,3
8,3
foray,3
believ’d,3
bloodless,3
protection,3
cortez,3
seafaring,3
herring,3
hurried,3
fin,3
wonderfully,3
initiative,3
ilk,3
lere,3
querele,3
memorable,3
play'd,3
distribute,3
enlist,3
huddle,3
toiling,3
rahéro,3
meikle,3
unwilling,3
grew,3
londe,3
i'd,3
rational,3
diligent,3
impossibility,3
honours,3
beach,3
frightening,3
foliage,3
archaic,3
intoxication,3
butt,3
formless,3
cymbal,3
rheum,3
worshipp'd,3
dyer,3
blenche,3
chaucer,3
lif,3
complement,3
healer,3
ungainly,3
breeder,3
gambler,3
ritter,3
insurance,3
hym,3
mery,3
underground,3
cain,3
porter,3
troublous,3
daybreak,3
russian,3
160,3
compass’d,3
embracing,3
hanging,3
mold,3
remind,3
delicacy,3
elation,3
ry,3
romanys,3
disown,3
maids,3
heaveth,3
thriveth,3
shooting,3
whiles,3
faun,3
ravishment,3
fretful,3
tyrian,3
climate,3
fealty,3
ostrich,3
commodity,3
futurity,3
deplore,3
shipman,3
assert,3
redolent,3
resolutely,3
tobacco,3
lilly,3
kingfisher,3
not--,3
dreams,3
ounce,3
hereaway,3
motherless,3
sonnets,3
belle,3
charmian,3
learns,3
swimming,3
epithet,3
misprision,3
forswore,3
twitter,3
assumption,3
physically,3
misunderstood,3
connoisseur,3
stupendous,3
committed,3
avarice,3
honied,3
"there,--",3
salmon,3
toilsome,3
narcissu,3
faulty,3
remembering,3
covington,3
alley,3
infuse,3
idalian,3
bringeth,3
peleus,3
merge,3
dacent,3
mebbe,3
afric,3
decency,3
thee--,3
bathing,3
chivalrous,3
casement,3
belov’d,3
magnificence,3
unshaken,3
wish'd,3
carpet,3
honester,3
graceless,3
classic,3
presumptuous,3
beak,3
shear,3
sneeze,3
commerce,3
fulfill'd,3
kernaghan,3
imitation,3
strut,3
solemnly,3
damask,3
marte,3
himsel,3
neil,3
atlantic,3
yorkshire,3
sparta,3
rab,3
poke,3
wearily,3
seeing,3
inconstancy,3
curtsy,3
recount,3
turn’d,3
jonas,3
horsewhip,3
adjunct,3
dropp’d,3
comment,3
slayer,3
usury,3
amiable,3
arithmetic,3
colour'd,3
livin,3
infancy,3
covert,3
pennyworth,3
narrative,3
firmament,3
perjured,3
ferens,3
gamble,3
vertue,3
clammy,3
fleck,3
bale,3
95,3
crowded,3
rift,3
61,3
unshorn,3
swifter,3
uprising,3
abnormal,3
dublin,3
noiseless,3
fancied,3
drip,3
darius,3
gorgeously,3
weathercock,3
christianity,3
enamour,3
abolition,3
connection,3
fiercer,3
roan,3
clap,3
lustrous,3
tinge,3
destroyer,3
joys,3
jingling,3
discretion,3
royalty,3
jude,3
daunt,3
ow’d,3
resembleth,3
lucetta,3
"about,--",3
adventurer,3
munster,3
pompey,3
precipitate,3
110,3
sisterhood,3
pinnacle,3
impiety,3
cutlass,3
brightly,3
shallop,3
footed,3
kye,3
plastic,3
supine,3
downcast,3
inevitably,3
uncease,3
mine,3
ans,3
infanta,3
sprig,3
privy,3
weighty,3
french-,3
unsubstantial,3
seemeth,3
hunted,3
unfailing,3
sunken,3
song--,3
forc’d,3
agitated,3
palæolithic,3
tadpole,3
dreamless,3
jam,3
roudin,3
look’d,3
consecrate,3
mercutio,3
prospero,3
correction,3
inebriate,3
imagery,3
wallow,3
bench,3
husbandry,3
way--,3
stealth,3
215,3
signy,3
hildebrand,3
hemlock,3
caterpillar,3
slepe,3
18,3
industrially,3
whelm,3
unravished,3
portly,3
wales,3
compulsion,3
threat,3
unconquered,3
mesh,3
shuttle,3
puppet,3
numberless,3
peers,3
vibration,3
squalid,3
dumbly,3
decease,3
em,3
tragical,3
cancel,3
boscombe,3
sings,3
carelessness,3
ravel,3
harried,3
sculptor,3
bandage,3
fringe,3
multitudinous,3
whir,3
hideous,3
oute,3
wenen,3
clepeth,3
sâhab,3
sunrise,3
sprinkle,3
blossoming,3
wildwood,3
gulnaar,3
goldilock,3
aloof,3
corse,3
"bright,--",3
leaves,3
sightless,3
medium,3
severn,3
sulphur,3
plank,3
boke,3
moste,3
kepler,3
fledged,3
joe,3
smothered,3
architectural,3
licence,3
dour,3
artery,3
carcase,3
still,3
irregular,3
lesbia,3
overthrow,3
prescience,3
thames,3
thicket,3
discharge,3
protector,3
incarnation,3
290,3
anchor,3
behove,3
headlong,3
perturb,3
freshness,3
unsex,3
hor,3
awakening,3
outwear,3
loom,3
tinted,3
pharaoh,3
samuel,3
suffer’d,3
rougher,3
successive,3
alwey,3
unclouded,3
bailiff,3
kille,3
whirlpool,3
shaw,3
vertu,3
frende,3
enjoy’d,3
stain’d,3
blacken,3
bending,3
thel,3
280,3
slop,3
downy,3
dreaded,3
pompous,3
clinging,3
giacomo,3
poplar,3
builder,3
proffer’d,3
transcendent,3
queenly,3
xii,3
flux,3
syrup,3
pre,3
eldon,3
effeminate,3
brings,3
bringing,3
norwegian,3
resignation,3
lyrics,3
statistic,3
swedish,3
sleeve,3
drank,3
ev’n,3
rhymer,3
lesse,3
alyve,3
naoise,3
sledge,3
ferret,3
intolerable,3
revile,3
olimpio,3
"it,--",3
satisfactory,3
boar,3
ende,3
outspread,3
sot,3
socrates,3
sark,3
unwelcome,3
chastisement,3
surprised,3
bursts,3
variant,3
undulate,3
denote,3
blindfold,3
wing'd,3
ov,3
rys,3
redden,3
unmixed,3
56,3
sainted,3
unextinguished,3
maenad,3
65,3
thanksgiving,3
finny,3
holland,3
arduous,3
sheba,3
pantomime,3
hitherward,3
charitable,3
waking,3
spectator,3
1820,3
cosmic,3
cowper,3
garret,3
prolong,3
scrip,3
limerick,3
bairn,3
bitwixen,3
roo,3
lettre,3
natur,3
disappoint,3
devote,3
barrel,3
youthfu,3
drake,3
forester,3
subsist,3
resolute,3
entice,3
heroine,3
tyme,3
aërial,3
conceivable,3
precaution,3
arrangement,3
photograph,3
harden'd,3
balloon,3
berth,3
blink,3
o’t,3
bequeath,3
bluidy,3
providence,3
traverse,3
morgan,3
abyss,3
prow,3
major,3
drawing,3
umpire,3
cowardice,3
unblest,3
known,3
magnanimity,3
pressure,3
odious,3
unreste,3
shapeless,3
forego,3
candy,3
genuinely,3
lionel,3
bursting,3
190,3
derision,3
wommen,3
loven,3
afloat,3
isabella,3
ivanhoe,3
simmer,3
busk,3
observation,3
constantine,3
competence,3
lethean,3
salisbury,3
tawny,3
ridge,3
president,3
nestor,3
12,3
longfellow,3
gradually,3
prodigious,3
throstle,3
fledgling,3
retribution,3
fireside,3
grimhild,3
patent,3
afield,3
springtide,3
efface,3
explode,3
blackberry,3
jaunty,3
twining,3
reveller,3
haul,3
400,3
tribune,3
tay,3
purposely,3
breezy,3
anguish’d,3
troneg,3
liudeger,3
easement,3
unrespecte,3
moving,3
cyclops,3
something,3
mule,3
pyramid,3
series,3
know’st,3
eckewart,3
rhineland,3
harde,3
siker,3
siegfrie,3
us,3
receivest,3
unfair,3
aymon,3
are--,3
slimy,3
dram,3
inch,3
assault,3
instil,3
inclination,3
meg,3
peggy,3
mystical,3
lava,3
wyse,3
incest,3
furniture,3
ingeborg,3
minerva,3
hudson,3
mart,3
gilpin,3
precede,3
viny,3
statute,3
informal,3
courtesie,3
kinsfolk,3
decrepit,3
liegeman,3
determination,3
wente,3
seyde,3
owene,3
wept,3
pudding,3
unlovely,3
impel,3
vase,3
cronos,3
strawberry,3
thuringia,3
tam,3
vail,3
softe,3
nerissa,3
rub,3
aratus,3
onset,3
dudon,3
pitfall,3
seaweed,3
shrieking,3
christen,3
bigan,3
peyne,3
refinement,3
wive,3
renowned,3
anthology,3
positive,3
respectful,3
playmate,3
standing,3
servyse,3
cyprian,3
dilate,3
trait,3
brandimart,3
doom'd,3
was--,3
bewail,3
incestuous,3
julian,3
cipher,3
sleepy,3
hecla,3
maunna,3
hasting,3
vengeful,3
hemp,3
renew'd,3
overwhelm,3
bygone,3
"snow,--",3
merchandise,3
chronicle,3
discourteous,3
puck,3
malt,3
brewing,3
betrothed,3
brak,3
svend,3
poems,3
embroider,3
ludgast,3
ludger,3
lo’e,3
hermione,3
sample,3
cent,3
consistency,3
whatsoe'er,3
few,3
abel,3
tempe,3
communicate,3
hopes,3
sampo,3
bearest,3
treaty,3
torn,3
wessex,3
subtler,3
sustenance,3
maidenhead,3
obviously,3
unable,3
theseus,3
pedant,3
punish’d,3
wreck’d,3
discovery,3
melodie,3
stown,3
precision,3
composite,3
plaint,3
gallus,3
bodily,3
unmeet,3
distracted,3
valorous,3
graft,3
tilt,3
would’st,3
shoal,3
lila,3
otso,3
trusting,3
trodden,3
chirine,3
pleas’d,3
bassanio,3
coppice,3
guido,3
assistant,3
scour,3
doll,3
frighten'd,3
stitch,3
corydon,3
hearsay,3
roum,3
djouhou,3
showy,3
nocht,3
snarl,3
elegance,3
tronje,3
plac’d,3
impetuous,3
thou'dst,3
reckoning,3
untouched,3
courageous,3
impartial,3
hinny,3
fainter,3
luedeger,3
chapter,3
ash,3
morton,3
hunland,3
ta'en,3
file,3
fateful,3
scare,3
spurt,3
vivien,3
mumble,3
leadin,3
chew,3
wald,3
clancy,3
convince,3
bass,3
suleika,3
representative,3
ow,3
leman,3
willed,3
vintage,3
compromise,3
palmer,3
neigh,3
nauseous,3
pentecost,3
erect,3
bringest,3
burthen,3
obscene,3
iris,3
theyr,3
blisfull,3
bequeath’d,3
thee!--yet,3
piano,3
miraculous,3
grammar,3
prudence,3
bloke,3
mug,3
menace,3
belie,3
romans,3
balsam,3
remember'd,3
unperceived,3
aaron,3
leer,3
evans,3
morrison,3
advertisement,3
1:2,3
trelawny,3
dutiful,3
hen,3
fruitlessly,3
construct,3
begun,3
ish,3
martin,3
plaster,3
purest,3
adulterer,3
gawain,3
discourage,3
phantasy,3
expr,3
dean,3
citadel,3
500,3
spindle,3
nineteen,3
adonais,3
feeds,3
venice,3
froward,3
asham’d,3
languor,3
earthy,3
drown'd,3
drinking,3
exit,3
lath,3
assembly,3
mettlesome,3
booty,3
goblet,3
approbation,3
speciman,3
euripide,3
joke,3
darn,3
choral,3
stanch,3
sailing,3
permanence,3
deluded,3
foreigner,3
fillet,3
latian,3
streamer,3
prostrate,3
desiring,3
steward,3
lapse,3
resent,3
acheron,3
polluted,3
scape,3
vat,3
dese,3
fondest,3
legal,3
central,3
admission,3
renown’d,3
perception,3
gabrina,3
philander,3
wooer,3
mannered,3
plod,3
boatman,3
postpone,3
porne,3
quarry,3
bestow’d,3
incessant,3
arrival,3
unsubdue,3
echoing,3
consentaneous,3
elementary,3
intimately,3
ephesus,3
protract,3
wildest,3
ashamed,3
maecenas,3
browning,3
80,3
puissant,3
recreate,3
assured,3
geneura,3
xxvii,3
bracelet,3
acknowledgment,3
possessor,3
appreciative,3
gabriel,3
clasping,3
balk,3
overlay,3
octavia,3
alexandria,3
scared,3
thracian,3
villainy,3
humanness,3
wickedness,3
vanish’d,3
injur’d,3
outnumber,3
super,3
frigate,3
choicest,3
rehearse,3
musick,3
shrewdness,3
provocation,3
imprison,3
wriggle,3
passer,3
diogenes,3
tub,3
petrarch,3
equanimity,3
weatherstone,3
perfidious,3
grease,3
damnation,3
knighthood,3
downward,3
reduce,3
starlight,3
reveal'd,3
ethereal,3
atone,3
brentford,3
vlack,3
cooking,3
thousandfold,3
perjur’d,3
revolted,3
texture,3
cloven,3
maim,3
chloris,3
errant,3
breathed,3
unwept,3
aufidius,3
composedly,3
fix'd,3
rememb're,3
caprice,3
foretold,3
opportune,3
softest,3
terribly,3
piously,3
horny,3
reflex,3
touch’d,3
priam,3
makeless,3
interested,3
cabin,3
uncomfortable,3
hater,3
evident,3
explanation,3
mimic,3
bewildered,3
martius,3
illumine,3
twig,3
undeniable,3
depose,3
pap,3
lifelong,3
chloe,3
bustling,3
heroical,2
spikes.--the,2
bigottini,2
garni,2
bulbul,2
grac'd,2
us--,2
conjectural,2
"ye,--",2
deceptive,2
putter,2
ratify,2
beguil’d,2
"men--""the",2
dodo,2
she'll,2
illogical,2
jimmy,2
receiv’st,2
deposit,2
randy,2
recess,2
prayer--,2
youngle,2
oftentime,2
arm'd,2
odoric,2
day--,2
chapel,2
desirous,2
unwary,2
saracen,2
lamenting,2
unforgotten,2
gout,2
brustlin,2
peruse,2
gilt,2
twopence,2
appay,2
logistilla,2
beseige,2
cleanse,2
leant,2
inexorable,2
drawn,2
winey,2
noonday,2
recreant,2
harbinger,2
adopt,2
slumbering,2
tough,2
unfading,2
unbeguile,2
orrilo,2
origilla,2
belovèd,2
parchèd,2
seer,2
unspent,2
respiration,2
olympia,2
counterfeit,2
imagined,2
hip,2
creak,2
cæsar,2
rita,2
saffron,2
granite,2
earthward,2
titanic,2
xlix,2
repossess,2
revisit,2
warranty,2
libation,2
580,2
vii,2
throve,2
accursed,2
lazy,2
oppressor,2
cuff,2
jut,2
orc,2
antioch,2
cotswold,2
sedge,2
taut,2
starveling,2
querulous,2
upborne,2
infer,2
sterile,2
lolita,2
wretche,2
moonlit,2
islander,2
inaccessible,2
brunello,2
caledonian,2
smit,2
255,2
frenzy,2
330,2
panoply,2
populace,2
wily,2
norandino,2
appertain,2
abbey,2
jacynth,2
enmity,2
be’t,2
turkish,2
sunk,2
paladin,2
wary,2
pontiff,2
corrupted,2
wheresoe'er,2
aetna,2
wry,2
outdoor,2
speaker,2
distill,2
unmatched,2
theban,2
"man,--no",2
kintu,2
ithuriel,2
hypocrisy,2
persecute,2
1814,2
unexpresse,2
liberate,2
veneration,2
epitaph,2
seraphic,2
customary,2
preoccupation,2
profoundly,2
evince,2
constitutional,2
seduction,2
melodise,2
bloated,2
mince,2
usage,2
sensibly,2
grossly,2
lucretia,2
impose,2
artemia,2
morando,2
suddenness,2
miscreant,2
exhilarate,2
lax,2
afflicted,2
honeyed,2
sprung,2
aversion,2
democracy,2
burlesque,2
carrara,2
carbonari,2
enthusiastically,2
favourable,2
forsworn,2
hippogryph,2
discomfited,2
alban,2
lacemaker,2
delineation,2
commune,2
preparer,2
stateliness,2
sheath,2
horticultural,2
austral,2
behoof,2
tears,2
harbourage,2
queller,2
paradox,2
foresaw,2
leghorn,2
coarse,2
plow,2
sware,2
worshipper,2
throate,2
smoother,2
innocently,2
diaphanous,2
585,2
610,2
cyclopses,2
jones,2
flordelice,2
wonderous,2
clack,2
camilla,2
broider,2
flashy,2
harfleur,2
betroth,2
allied,2
complacency,2
harlot,2
gayer,2
ad,2
just,2
magpie,2
gushing,2
icarus,2
bellow,2
i’d,2
luncheon,2
egeria,2
upbore,2
elaine,2
straiten,2
stoopt,2
whomsoever,2
marridge,2
hairless,2
cramp,2
did--,2
quid,2
frostwork,2
musing,2
abbot,2
eustace,2
apostle,2
dunedin,2
warder,2
oaf,2
cable,2
brabantio,2
selfless,2
relapse,2
finish'd,2
numerous,2
preposs,2
practised,2
flirt,2
distill'd,2
mix'd,2
convoke,2
lays,2
ticket,2
doreen,2
igher,2
tuck,2
coot,2
uvver,2
ruffling,2
bespeak,2
honoria,2
"so,--",2
strengthen'd,2
interpreter,2
these:--,2
visibly,2
otter,2
converge,2
eart,2
blubber,2
agen,2
s.,2
garlon,2
tenderest,2
garnet,2
abash,2
jay,2
charm'd,2
oddest,2
poorly,2
nearness,2
dight,2
could'st,2
sentry,2
supporter,2
contraction,2
48,2
71,2
despiteful,2
vincentio,2
begone,2
geraint,2
grandly,2
baseness,2
sorrows,2
partiality,2
fred,2
relegate,2
gradasso,2
adversary,2
pharamond,2
mullet,2
demi,2
shapen,2
sank,2
edyrn,2
mame,2
crank,2
methought,2
252,2
parental,2
seclusion,2
sunlit,2
penitential,2
palfrey,2
hinge,2
grosvenor,2
mite,2
babbling,2
abhorr’d,2
faithfulness,2
joust,2
unremembered,2
bowed,2
unconcern,2
renew’d,2
cyprus,2
purl,2
briny,2
unimaginable,2
mixt,2
medley,2
testify,2
astound,2
incredulous,2
mildew,2
surreptitious,2
neater,2
it!--,2
fluellen,2
cynisca,2
gadite,2
recumbent,2
chronicler,2
trimm’d,2
furnish’d,2
boundary,2
ione,2
naiad,2
expiring,2
timeless,2
sylph,2
trysting,2
exultation,2
lov,2
dedication,2
geography,2
crackling,2
poetical,2
mayhap,2
coquettish,2
arraid,2
landor,2
smileless,2
wildness,2
widower,2
expedient,2
cynic,2
fanny,2
rain--,2
mythology,2
historical,2
megara,2
kissing,2
slaughter’d,2
dross,2
slipt,2
heaving,2
"thought,--",2
ruleth,2
tethered,2
nubians,2
expedition,2
derive,2
asclepius,2
shawl,2
unhook,2
occasional,2
wuz,2
shame--,2
tortuous,2
acceptance,2
achaean,2
nanna,2
administer,2
sitteth,2
balder,2
endue,2
clermont,2
extinguished,2
"all,--",2
aristis,2
unbeholden,2
cypris,2
philtre,2
"desire,—a",2
unwedde,2
turnpike,2
"it,--and",2
poss,2
mercury,2
northumberland,2
cheering,2
freyja,2
foolhardy,2
hustle,2
hiero,2
landless,2
cj,2
435,2
--man,2
performance,2
chewet,2
destructive,2
faulchion,2
aethiop,2
circuit,2
pod,2
buckler,2
isaac,2
herdsman,2
alcmena,2
tir’d,2
plaguey,2
--ah,2
congregate,2
"free,—a",2
noose,2
idiom,2
shadowing,2
tranquillity,2
constitute,2
expressive,2
520,2
sulphurous,2
porridge,2
libya,2
mannerly,2
blench,2
basilisk,2
uninterrupted,2
dulness,2
colloquial,2
filth,2
extol,2
outdo,2
mob,2
swinburne,2
keenest,2
slaves,2
sated,2
rabid,2
drainless,2
eldest,2
desperation,2
foaming,2
brag,2
tommy,2
raindrop,2
bennie,2
forgets,2
accomplishment,2
lustrum,2
bruge,2
4000,2
truncheon,2
conversant,2
dweller,2
wearest,2
1818,2
foodless,2
benevolent,2
inwardness,2
springs,2
bate,2
shovel,2
temperate,2
sloth,2
obdurate,2
still--,2
805,2
attune,2
fabric,2
overwhelm’d,2
dotard,2
undoubted,2
enlargement,2
undiminishable,2
daedal,2
spoon,2
accurst,2
lapdog,2
diminish,2
flung,2
evoke,2
unexplored,2
warbler,2
amplitude,2
495,2
engender,2
camillo,2
impudence,2
infectious,2
secrecy,2
lightening,2
pose,2
submissive,2
degrade,2
poker,2
unveil,2
regenerate,2
sorriest,2
virtuously,2
cudgel,2
fluid,2
forced,2
mightiness,2
colonna,2
subside,2
panthea,2
companionable,2
gangrene,2
125,2
arc,2
soak,2
bayonet,2
aflame,2
give--,2
daringly,2
reciprocate,2
confederate,2
welsh,2
adoring,2
interminable,2
asia,2
infect,2
hungrily,2
eyes--,2
ravenous,2
castlereagh,2
palaces,2
iliad,2
relentless,2
rachel,2
supple,2
fume,2
paphian,2
pucelle,2
parricide,2
clemency,2
speckle,2
forbearance,2
undaunte,2
proxy,2
dawning,2
columbia,2
abandonment,2
feverous,2
succor,2
sere,2
pantaloon,2
ration,2
mining,2
sunflower,2
hearse,2
forefather,2
call--,2
bandy,2
prin,2
elampe,2
eni,2
marquess,2
gird,2
tremor,2
thundering,2
seeketh,2
clime,2
39,2
i’faith,2
lewdly,2
tun,2
roundelay,2
impassioned,2
kink,2
footman,2
january,2
williams,2
creeping,2
unsatisfied,2
loading,2
opulent,2
allot,2
persecution,2
marathon,2
triumphal,2
doubter,2
e.,2
explorer,2
pestilence,2
knew,2
fed,2
silkworm,2
pollution,2
duchy,2
eleanor,2
jesu,2
holdeth,2
sidelong,2
inscriptions,2
celestially,2
magical,2
unharveste,2
supersede,2
film,2
marshalsman,2
reasoning,2
unanimous,2
backing,2
tusk,2
tier,2
fooling,2
sitt,2
"not,—and",2
16,2
stacey,2
unfed,2
seaward,2
ascalon,2
withholden,2
aghast,2
rebound,2
millstone,2
humphrey,2
hindmost,2
wretchedness,2
ingenious,2
indefatigable,2
shrilly,2
naples,2
tears?—the,2
trackless,2
joyless,2
snake’s,2
24,2
eyne,2
swollen,2
apart--,2
albatross,2
junket,2
howso,2
o'erflowe,2
allusion,2
sydney,2
aptitude,2
owne,2
prayse,2
you'l,2
admired,2
indelicate,2
unblesse,2
remotest,2
235,2
gardener,2
scandalize,2
affected,2
ambulance,2
uttermost,2
bluebird,2
chorister,2
specie,2
comparative,2
tarn,2
vesture,2
scribble,2
wafted,2
earning,2
untainted,2
hazel,2
fatherly,2
lengthen,2
tout,2
caper,2
shag,2
travesty,2
presto,2
nelly,2
stands,2
bather,2
permanency,2
cit,2
rime,2
perdition,2
reade,2
discreetly,2
joyntly,2
scorne,2
weekly,2
endureth,2
mage,2
shiny,2
dramatist,2
amen,2
originate,2
transmit,2
irrevocable,2
elysium,2
sinewe,2
decrease,2
deter,2
untried,2
astronomy,2
du,2
modish,2
agnes,2
foundst,2
crystalle,2
exultant,2
70,2
101,2
monopolist,2
amarantha,2
skye,2
floss,2
wretchednesse,2
morne,2
137,2
transparency,2
memoried,2
scathed,2
gestures,2
44,2
bonfire,2
winner,2
mun,2
ower,2
ivery,2
workin,2
childer,2
baccy,2
refining,2
heav'ns,2
lamentable,2
t.,2
strangle,2
macedon,2
larum,2
heracles,2
realise,2
quire,2
desp'rate,2
return'd,2
knuckle,2
anthony,2
inure,2
wordsworth,2
unmindful,2
fowk,2
ommost,2
tew[2,2
flings,2
adamantine,2
archery,2
dream'd,2
ilios,2
marvell'd,2
searching,2
flush'd,2
cabinet,2
carnation,2
artemis,2
sermon,2
devotedly,2
subjection,2
jubilee,2
featly,2
cannae,2
diocles,2
mark'd,2
herakles,2
ev'n,2
cluster'd,2
axis,2
bondsman,2
clarens,2
"all,--or",2
santa,2
gladiator,2
conduit,2
henceforward,2
saye,2
tasty,2
pree,2
serenade,2
stour,2
dialect,2
edinburgh,2
uprise,2
tripping,2
intermediate,2
slothful,2
jurisdiction,2
dew--,2
hawaiian,2
honolulu,2
consign'd,2
scamper,2
whang,2
usurper,2
upstairs,2
wrench,2
renaissance,2
organic,2
fatuous,2
sirmio,2
161,2
trifl,2
degen'rate,2
forgot,2
jewish,2
esther,2
compell'd,2
barn,2
am--,2
bunk,2
monotone,2
sufferer,2
swimmer,2
funniest,2
maytime,2
birds--,2
bruise,2
awakened,2
"sleeping,--",2
superfluously,2
devastate,2
recruit,2
thenceforth,2
condemn'd,2
fry,2
gas,2
prop,2
magdalen,2
undaunted,2
striking,2
deil,2
cythera,2
elope,2
sherry,2
aurora,2
unerre,2
ungovern'd,2
carthage,2
unbl,2
survivor,2
eccentric,2
xvii,2
stupidity,2
stephano,2
throughly,2
cf,2
skirmish,2
regularly,2
ariosto,2
bowler,2
unstinte,2
touch'd,2
pindar,2
unweave,2
firelight,2
jackson,2
brisk,2
rutland,2
cement,2
intrinsically,2
exertion,2
douce,2
invert,2
hedgehog,2
caliban,2
indifferently,2
breaker,2
rua,2
cape,2
overhang,2
sleet,2
tattoo,2
exhibit,2
trader,2
unswerve,2
highlanders,2
december,2
valiantly,2
worcester,2
tench,2
drill,2
metrical,2
newcastle,2
pinche,2
smother’d,2
gain’d,2
figur’d,2
left’st,2
rape,2
kinless,2
mounted,2
antonius,2
damosel,2
weal,2
malcolm,2
unbiased,2
intrigue,2
mee,2
fayne,2
unhallow'd,2
slippery,2
confused,2
wrangle,2
appertaining,2
forbode,2
th’unexperient,2
paleface,2
chopin,2
naaman,2
sinon,2
proveth,2
honourably,2
estranged,2
saxons,2
plaid,2
ruined,2
untamed,2
acknowledgement,2
this--,2
stealthy,2
67,2
taiárapu,2
zell,2
polity,2
sporting,2
temperance,2
leonato,2
examination,2
pronunciation,2
anactoria,2
panthera,2
mastering,2
footnote,2
ringlet,2
copse,2
florian,2
culminate,2
purify,2
nill,2
farewel,2
pitty,2
deform,2
concession,2
quaff,2
feasted,2
haunting,2
girls?--more,2
"are,--very",2
indeed--,2
pedestal,2
glanced,2
rightness,2
dane,2
gloriously,2
oxford,2
medb,2
would,2
meyer,2
feasting,2
tinct,2
furred,2
madhouse,2
limber,2
ithacensian,2
falsify,2
bum,2
trice,2
boand,2
jerusalem,2
woof,2
watteau,2
hobble,2
bravo,2
downfall,2
sender,2
flail,2
uncaring,2
breeds,2
travelled,2
honoured,2
stubble,2
babel,2
sou,2
tireless,2
speaketh,2
surly,2
aeolian,2
mider,2
echaid,2
unity,2
sensable,2
feez,2
unkindly,2
ole,2
gauze,2
slough,2
drape,2
oration,2
authentic,2
terrene,2
mandarin,2
po,2
116,2
architect,2
jargon,2
sor,2
lor,2
vich,2
siwillaty,2
secknd,2
famly,2
sirtingly,2
gadshill,2
weld,2
ending,2
flidais,2
rendering,2
untrammelle,2
benighted,2
imperious,2
behaviour,2
emphasis,2
havoc,2
chaw,2
ungodly,2
scalp,2
fortnight,2
didn,2
circular,2
avay,2
eplie,2
amuse,2
mixture,2
raft,2
augment,2
miner,2
nex,2
prap,2
gervase,2
i--,2
fondling,2
galliant,2
kep,2
voman,2
boulte,2
miscrant,2
pleaseman,2
replace,2
sensuous,2
marketing,2
jerry,2
paste,2
"hand,--",2
wondthrous,2
ayse,2
osric,2
wager,2
roney,2
anchorite,2
lovin',2
flaunt,2
endlessly,2
say--,2
newborn,2
pedro,2
principal,2
bonnet,2
pa,2
katherine,2
diction,2
chaplin,2
willibald,2
due,2
rothschild,2
smartly,2
frau,2
foolishness,2
bun,2
be-,2
poultice,2
dad,2
jus,2
surrey,2
feudalism,2
shadows,2
breath--,2
farcalladen,2
spurn'd,2
sash,2
stella,2
pomegranate,2
melon,2
swirl,2
chip,2
canteloupe,2
eustacia,2
ram,2
symbolize,2
clatter,2
grog,2
lizard,2
southey,2
councillor,2
tape,2
kettle,2
screen,2
loaden,2
ser-,2
grub,2
precipice,2
nativity,2
mortar,2
keepsake,2
officious,2
patter,2
holder,2
soundless,2
significant,2
politeness,2
deck’d,2
wart,2
tow’re,2
grumio,2
rebuse,2
constance,2
lout,2
join’d,2
swear’st,2
crost,2
bi,2
figger,2
condescend,2
witchery,2
drear,2
revolution,2
extant,2
cleverly,2
entertain’st,2
car’st,2
commendation,2
gradual,2
harrowing,2
wronged,2
spiral,2
moonshine,2
lighten,2
roving,2
gruesome,2
dabble,2
bravado,2
moulder,2
mis,2
fleshless,2
apparelle,2
overlook,2
ones,2
metaphor,2
mike,2
bucket,2
casca,2
mistook,2
colossus,2
petrified,2
agleam,2
portentous,2
construe,2
them--,2
repast--,2
huntin,2
treble,2
ef,2
wantin,2
glistened,2
whirling,2
tarnish,2
nelson,2
colleague,2
servitor,2
spat,2
donkey,2
lustrously,2
arched,2
appointment,2
gyve,2
horde,2
incite,2
scotch,2
healeth,2
perpetuate,2
rand,2
leakage,2
fellowe,2
cupidity,2
coffer,2
columbus,2
abler,2
spendthrift,2
dies,2
coach,2
lunacy,2
"man,--such",2
effective,2
"men,--",2
leak,2
impostor,2
flamboyant,2
deference,2
consoling,2
gawd,2
same--,2
indestructible,2
deide,2
nomore,2
unseee,2
outburst,2
demente,2
jostle,2
miniver,2
turnip,2
peeress,2
fervor,2
perishe,2
compulsive,2
background,2
shocking,2
takyn,2
gauge,2
indostan,2
bounce,2
blurt,2
is--,2
pulp,2
"speak,--",2
unsuspecting,2
meditatively,2
inquiringly,2
for--,2
lablanche,2
decoration,2
bede,2
blase,2
paralyze,2
unstinted,2
insight,2
muddy,2
honesteliche,2
myhtest,2
tanner,2
rigby,2
camden,2
mashed,2
mutilate,2
tyrannically,2
mollify,2
judah,2
woke,2
wherefrom,2
unearthly,2
sech,2
worthiest,2
haltered,2
more'n,2
quart,2
"brentford,--do",2
shove,2
loftier,2
battery,2
guttural,2
hitch,2
piercingly,2
carman,2
largesse,2
besieger,2
ma'am,2
unwavering,2
reclame,2
galbraith,2
oasis,2
patrol,2
porpoise,2
fang,2
mindless,2
foe--,2
trump,2
throng’d,2
contagious,2
tinker,2
"grace,--",2
ermine,2
gambol,2
sullenly,2
jules,2
pagans,2
arrah,2
apologise,2
preference,2
mediaeval,2
disturbing,2
alert,2
bushy,2
provencal,2
exalted,2
lies--,2
thrift,2
itch,2
unreasone,2
pardonable,2
multipie,2
lyin,2
lazenby,2
heldon,2
salomon,2
shiverin,2
ikni,2
pipi,2
peanut,2
groaning,2
brought,2
inexpensive,2
hatchet,2
modulate,2
redskin,2
messala,2
bow’d,2
pris,2
latrobe,2
rollick,2
bedside,2
levite,2
sylvanus,2
congratulate,2
nudge,2
pop,2
bernard,2
suck’d,2
smoothness,2
bouillabaisse,2
hopelessness,2
janie,2
resolv’d,2
parle,2
equite,2
straitly,2
thim,2
spiteful,2
fear--,2
browse,2
footpath,2
tuptonvee,2
insistence,2
bonaparte,2
hilton,2
pindarus,2
bondman,2
blackbird,2
sincerely,2
plucky,2
downwards,2
policeman,2
catapult,2
borhoime,2
voila,2
ye--,2
--ye,2
alor,2
poeple,2
julius,2
feigned,2
th’art,2
piston,2
lunge,2
worchen,2
amble,2
unsophisticated,2
somer,2
introduction,2
ravage,2
life-,2
rupert,2
athabasca,2
impartiality,2
yove,2
odde,2
lewe,2
finden,2
"was--""i",2
lafarge,2
word--,2
contraband,2
trusted,2
syrian,2
contumely,2
smilin,2
easeful,2
commonest,2
springest,2
--to,2
fawdor,2
pump,2
puma,2
gordineer,2
sportsman,2
lydia,2
halby,2
doze,2
blod,2
310,2
paie,2
thorny,2
humming,2
ears:--,2
whipping,2
viola,2
contemn,2
soup,2
great’st,2
mone,2
bounde,2
gnarl,2
assoteth,2
gayly,2
abandoned,2
pyrrhus,2
sausage,2
fireman,2
rest;--,2
tobey,2
nance,2
haman,2
nectanabus,2
petrify,2
querulously,2
bluff,2
charade,2
swish,2
tar,2
fanning,2
walnut,2
admittance,2
canvas,2
span,2
ganges,2
racehorse,2
scramble,2
schooling,2
convention,2
portage,2
contemptible,2
sinuous,2
guinea,2
delicacie,2
thoght,2
dorl,2
bobby,2
harps,2
d.,2
harpur,2
scull,2
dexterity,2
stickler,2
afire,2
bignold,2
oshondonto,2
hote,2
940,2
sike,2
di,2
cheroot,2
titian,2
lond,2
overmore,2
infallible,2
rosary,2
untrodden,2
aileen,2
drizzle,2
noiselessly,2
dimness,2
abstemious,2
terry,2
gorilla,2
gag,2
presentable,2
carbine,2
merveilleth,2
fidelity,2
reviving,2
lent--,2
loosened,2
regret--(the,2
time--,2
vi'let,2
goo,2
wakes,2
narcotic,2
lygon,2
financier,2
degradation,2
row--,2
wearisome,2
quill,2
dropping,2
addition,2
nether,2
sheeted,2
"her,--i",2
complacently,2
reef,2
treherne,2
lich,2
overboard,2
relationship,2
incapable,2
schoolgirl,2
crum,2
novelist,2
aden,2
confusing,2
awaiteth,2
pyke,2
kaleidoscope,2
unrighteous,2
tune--,2
malady,2
face--,2
creative,2
decore,2
out--,2
angle,2
head--,2
robberie,2
begonne,2
fint,2
gloome,2
mendicant,2
hangs,2
mandolin,2
mad'st,2
xxiii,2
dayspring,2
springing,2
empty,2
fluttered,2
sinew,2
fusing,2
caron,2
gar,2
fled,2
forelock,2
feel'st,2
failing,2
hermitress,2
trees--,2
defile,2
benison,2
lechery,2
galt,2
cultured,2
individuality,2
shamefully,2
mandrake,2
murder’d,2
earnestness,2
woman--,2
convincing,2
scout,2
whiten,2
vext,2
unrevealed,2
vermill,2
choking,2
choti,2
tinchaurya,2
licit,2
playtime,2
excelling,2
he'd,2
doeth,2
sunburst,2
obliterate,2
covertly,2
broghte,2
skylark,2
peneus,2
couplement,2
undergo,2
mean’st,2
ticklish,2
soster,2
fal,2
knowlechinge,2
maladie,2
christom,2
oblige,2
tang,2
unrighteously,2
botany,2
oregon,2
knowleche,2
duelle,2
gamut,2
disarm,2
weighs,2
insensate,2
quieter,2
--here,2
alo--,2
of--,2
river-,2
foreman,2
dimple,2
pete,2
opposition,2
stay’d,2
pleading,2
immeasurable,2
glenn,2
queensland,2
roadmaster,2
gongi,2
detach,2
ayeinward,2
indignant,2
boonda,2
broke,2
dakoon,2
duclosse,2
preen,2
leddy,2
cleedin,2
broaden,2
lot--,2
spank,2
booby,2
mirza,2
caustic,2
planting,2
aft,2
fascinate,2
slepte,2
pleigneth,2
ordeigneth,2
pampas,2
truest,2
suttee,2
spelling,2
francisco,2
interview,2
sickens,2
rosie,2
unconfine,2
answering,2
semaphore,2
tolerably,2
debauchery,2
durien,2
areste,2
nome,2
housing,2
schull,2
maister,2
thousend,2
manyfold,2
marche,2
indulgent,2
husky,2
clearing,2
strangers,2
speak’st,2
tarsus,2
extort,2
coleridge,2
scorning,2
snowdrop,2
fissure,2
priestess,2
scholarship,2
sojourn,2
abideth,2
omen,2
undisturbed,2
bless’d,2
stove,2
angrily,2
graveyard,2
defalte,2
juggement,2
betre,2
garcon,2
muffled,2
frontenac,2
"motion,--then",2
troyes,2
gere,2
bulwark,2
compunction,2
hild,2
confort,2
thonk,2
lo'e,2
quench’d,2
eurydice,2
solway,2
galliard,2
lochinvar,2
listless,2
lecherie,2
weren,2
sentimentality,2
wouldn't,2
flew,2
bout,2
dreamland,2
aw'm,2
noan,2
stuck,2
felle,2
1440,2
stained,2
demure,2
sherwood,2
exactness,2
wiltna,2
peeping,2
reproachful,2
candour,2
fane,2
audit,2
ancestry,2
philly,2
civilised,2
if--,2
pepper,2
cordiality,2
tactful,2
exasperate,2
sternness,2
stal,2
plesance,2
evele,2
inne,2
560,2
bon,2
anniversary,2
philoclea,2
pleasance,2
maureen,2
convene,2
concede,2
irradiate,2
progenitor,2
sufficeth,2
inexpressible,2
colin,2
etext,2
lords,2
intrinsic,2
stimulating,2
armful,2
whitebeam,2
festal,2
bewray,2
fervently,2
pressa,2
della,2
perenna,2
seigneury,2
undisguised,2
you'll,2
himselve,2
imperfectly,2
sempiternal,2
cithern,2
o’ercometh,2
unfettere,2
hideth,2
coronal,2
affluence,2
aroon,2
yewberrie,2
sunray,2
nightgown,2
delit,2
lasseth,2
aprise,2
leide,2
unpaid,2
kidling,2
foundation,2
quieteth,2
imprinted,2
americans,2
she--,2
telegram,2
subscription,2
devotional,2
"all?""--said",2
frisky,2
brillon,2
slep,2
privete,2
purlieus,2
withdrawe,2
agast,2
engag’d,2
unveil’d,2
introduc’d,2
partaking,2
chanc’d,2
consisteth,2
entic’d,2
dividing,2
forgi'e,2
originality,2
deliberate,2
feigne,2
fulle,2
compaignie,2
spous’d,2
so’er,2
viewless,2
posthumus,2
cymbeline,2
fashionable,2
entanglement,2
protective,2
stimulate,2
regretfully,2
hond,2
smelle,2
ovide,2
fiele,2
restreigne,2
toke,2
mummy,2
soubtil,2
rathere,2
grene,2
helper,2
misshapen,2
capulet,2
division,2
antenor,2
carcass,2
lucius,2
sov’reignty,2
catalonia,2
wax’d,2
lighteth,2
escap’d,2
still’d,2
far’d,2
stor’d,2
scymitar,2
beamy,2
proem,2
inequality,2
ingemm’st,2
enshrin’d,2
enclos’d,2
glisteningly,2
woodbines,2
daintily,2
jaspar,2
cupboard,2
cheeked,2
knotty,2
troie,2
ydel,2
sotie,2
highwayman,2
believ’st,2
op’d,2
accordant,2
admonish’d,2
speeding,2
reclaim’d,2
amendment,2
roll’d,2
beckon’d,2
openeth,2
enjoin’d,2
bodkin,2
strif,2
ar,2
invigorate,2
sav’d,2
divin’d,2
enclaspe,2
measur’d,2
bears,2
babbler,2
gladdening,2
saidst—‘a,2
talk’d,2
interruption,2
subsequently,2
vividness,2
pompadour,2
casteth,2
singularity,2
hover’d,2
fall’st,2
reveal’d,2
appearedst,2
unenvye,2
clasp’d,2
hop’d,2
abstinence,2
strategy,2
hanger,2
blacksmith,2
virginia,2
wastrel,2
--what,2
basis,2
unuttere,2
ust,2
bereav’d,2
allay’d,2
enlight’ne,2
personality,2
complication,2
slowthe,2
recorde,2
faile,2
avise,2
ryde,2
1200,2
montcalm,2
warmly,2
wig,2
pertain,2
desese,2
stille,2
chaunce,2
withholde,2
unlearn,2
loathing,2
broods,2
excels,2
twinkleth,2
frowning,2
incurr’d,2
mire,2
thrill’d,2
speche,2
poursuieth,2
construction,2
phaëthon,2
unback’d,2
undefiled,2
da,2
auburn,2
measure--,2
alcestis,2
articulate,2
retrace,2
eunuch,2
sufficing,2
lotbiniere,2
valet,2
defende,2
deie,2
--or,2
epitome,2
frisk,2
besought,2
enrage,2
verdant,2
forewarning,2
befriend,2
review,2
"dazed--""let",2
morality,2
deserter,2
watching,2
180,2
defiled,2
turban,2
almond,2
ruther,2
worrite,2
missionarer,2
inquisitive,2
comprise,2
ninefold,2
peach,2
naething,2
delagarde,2
marchi,2
undoubtedly,2
ro,2
mouthful,2
perched--,2
senne,2
2210,2
proprete,2
trew,2
evene,2
chat,2
nuncheon,2
puncheon,2
stave,2
adultery,2
engagement,2
internal,2
regulation,2
appellation,2
con,2
exceeds,2
october,2
shaggy,2
gustava,2
basin,2
to--,2
descended,2
nen,2
f'r,2
surmount,2
melodrama,2
stubbornly,2
fishing-,2
dissipation,2
oyster,2
differently,2
whimper,2
abstractedly,2
bercy,2
retort,2
consail,2
moerdre,2
juise,2
worste,2
vera,2
oor,2
hardship,2
augustus,2
feathery,2
dice,2
imperceiverant,2
inestimable,2
intruder,2
born,2
kite,2
underlie,2
evermair,2
impairs,2
scatters,2
dependency,2
chantavoine,2
minimise,2
gui,2
wisten,2
phebus,2
mauprat,2
shrewdly,2
welt,2
godd,2
guarantee,2
concrete,2
whatsoe’er,2
ruin’d,2
thickness,2
invoke,2
dormy,2
mattingley,2
besetting,2
tyde,2
throwe,2
aldai,2
lyve,2
ansuerde,2
petulance,2
dejectedly,2
saxony,2
stupefy,2
detest,2
auctioneer,2
lavishly,2
aver,2
contented,2
dispread,2
wak’d,2
doux,2
vienna,2
congress,2
benin,2
fele,2
merci,2
--i,2
resonable,2
pleie,2
befalleth,2
defoule,2
assaie,2
strato,2
think’st,2
commanding,2
salad,2
landlady,2
lighted,2
covetous,2
stoutly,2
riband,2
frederica,2
another--,2
care--,2
hardihood,2
setting,2
rivet,2
boy!--,2
homestead,2
ye'd,2
mottled,2
--as,2
prescription,2
bargon,2
fantasie,2
corage,2
favorable,2
havel,2
armand,2
hunch,2
villiard,2
kilquhanity,2
envie,2
aliche,2
lewed,2
tinoir,2
heigho,2
together--,2
endeavor,2
wells,2
washington,2
lukewarmness,2
giv’n,2
bandit,2
laugh’d,2
fac’d,2
fad,2
boghte,2
gallery,2
charmingly,2
sensualism,2
states,2
enterprising,2
sabine,2
dispensation,2
yacht,2
farthing,2
honeymoon,2
mathurin,2
porch,2
spontaneous,2
lisbon,2
immunity,2
æneas,2
rarest,2
strumpet,2
watery,2
soffren,2
--his,2
civilisation,2
monocle,2
electricity,2
indoor,2
gustave,2
"answered--""the",2
plausibly,2
arraie,2
1970,2
2010,2
unseemly,2
peacefully,2
"now,--",2
heart--,2
nominal,2
darksome,2
softened,2
both--,2
qualify,2
misguided,2
disaster,2
lede,2
ywiss,2
avalanche,2
operation,2
edmund,2
1620,2
scrupulous,2
corinth,2
sponge,2
true--,2
suffer'd,2
embitter,2
astronomer,2
counsellor,2
mandate,2
grocer,2
scratch,2
fonde,2
remembered,2
broth,2
920,2
felaschipe,2
sodeinly,2
glib,2
ouen,2
freckle,2
traffic,2
poorer,2
unfettered,2
trustful,2
roughest,2
wrapp'd,2
encampment,2
agitation,2
knights,2
innate,2
paroxysm,2
calculated,2
stiere,2
redi,2
conspirator,2
shrapnel,2
colorful,2
waltz,2
abstraction,2
uplifting,2
prepar'd,2
smarte,2
cote,2
typical,2
herbert,2
leonard,2
exclusive,2
yolk,2
kill’d,2
barely,2
shortness,2
adrift,2
militant,2
cowslips,2
audrey,2
losing,2
rouen,2
assumed,2
untrained,2
rotund,2
miserly,2
aw've,2
felonie,2
upriht,2
syhe,2
the,2
felicity,2
you?--how,2
chaffin,2
disagreeable,2
scimitar,2
slacken,2
away--,2
shyness,2
comforter,2
turmoil,2
stammer,2
closing,2
grootver,2
tunnel,2
agamemnon,2
bourn,2
chaffer,2
aw'll,2
setten,2
besoghte,2
wod,2
compleigne,2
salient,2
plantation,2
inexpressibly,2
behemoth,2
coxcomb,2
for’t,2
dotage,2
3080,2
avisement,2
kinge,2
delve,2
soada,2
trickery,2
recommend,2
poets,2
shining,2
battlement,2
fancies,2
when--,2
nipple,2
artemisium,2
grabble,2
jackanape,2
advanced,2
athena,2
jagged,2
dipping,2
landward,2
colonos,2
austerity,2
antiphonal,2
thunderous,2
pennon,2
hurtle,2
swore,2
mudir,2
suie,2
songe,2
speken,2
hihe,2
medle,2
humblesce,2
assise,2
liht,2
abatement,2
unsatisfie,2
hoarded,2
pillage,2
boy’s,2
unexultant,2
"drugs,—alas",2
reluctance,2
bowe,2
yhe,2
misdo,2
aqueintance,2
verrai,2
ech,2
pavilione,2
tatter’d,2
featur’d,2
remember’d,2
xl,2
lvi,2
lx,2
boreas,2
unenjoyed,2
stubbornness,2
tattler,2
harper,2
elijah,2
network,2
gateway,2
betoken,2
retinue,2
plait,2
unmate,2
unabashe,2
blanched,2
dancing-,2
sowerby,2
petalle,2
untiring,2
wyndham,2
circassian,2
mata,2
draft,2
thrue,2
coolin,2
sek,2
lowh,2
gesse,2
halp,2
infantile,2
abjure,2
aphrosyne,2
unbeguiled,2
rearward,2
rocky,2
wheaten,2
heste,2
availe,2
hongeth,2
ulema----learned,2
depict,2
rosaline,2
fruitage,2
jason,2
chillness,2
bowman,2
gallian,2
arachne,2
mannere,2
tare,2
giggle,2
altruistic,2
pilate,2
grow’st,2
serenity,2
1160,2
reule,2
humankind,2
pisanio,2
mediæval,2
despondency,2
worlds,2
extinct,2
talisman,2
reformer,2
bedouin,2
you?--i,2
bethink,2
wadna,2
anodyne,2
mastery,2
mazelli,2
idolatry,2
unprofessional,2
scottish,2
mint,2
kymindis,2
scientific,2
taxis,2
armless,2
pension,2
therupon,2
aweary,2
publicly,2
adulterate,2
amateur,2
prominence,2
433,2
breedeth,2
excedeth,2
mesure,2
feigneth,2
aspie,2
love!—more,2
chrism,2
birth--,2
besotte,2
daddie,2
janet,2
lichtly,2
smulkin,2
dejected,2
teviotdale,2
sair,2
pervert,2
diversity,2
own’st,2
vindicating,2
tormenteth,2
208,2
scornfully,2
dint,2
404,2
oxygen,2
benignly,2
118,2
wyte,2
detective,2
radiate,2
naethe,2
ask’d,2
wou’d,2
kist,2
flatt’ry,2
ance,2
baith,2
11,2
quixotic,2
unrewarde,2
indiscretion,2
qweene,2
adrad,2
comeliness,2
liknesse,2
dover,2
distaff,2
albany,2
it.[5,2
dukedom,2
teacheth,2
wondrously,2
embolden,2
hereford,2
venom,2
perspective,2
cope,2
carvillho,2
whil,2
ennui,2
gavest,2
thereabove,2
intuitive,2
assign,2
richt,2
thocht,2
micht,2
mortall,2
hielans,2
wishest,2
disobey,2
whichever,2
flaming,2
undefined,2
uncanny,2
nolan,2
settlement,2
osterhaut,2
method,2
decisive,2
pastor,2
dorothea,2
ye've,2
fause,2
wale,2
disquiet,2
nowise,2
poucette,2
glozel,2
drowh,2
chaf,2
tan,2
skiff,2
disproportionately,2
120,2
merchandize,2
toleration,2
alma,2
cod,2
chanticleer,2
heirloom,2
rubbish,2
untroubled,2
gode,2
finality,2
hadden,2
behielden,2
baptismal,2
sacrilegious,2
lyke,2
flash'd,2
halcyon,2
belinda,2
smirch,2
soap,2
foll,2
ys,2
b.,2
grand'ther,2
rim,2
fabre,2
indigest,2
alt’re,2
organize,2
honeysuckle,2
posy,2
circus,2
irishmen,2
ferdinand,2
prayin,2
loot,2
charlie,2
dundee,2
prosperously,2
exhausted,2
fuse,2
hypnotize,2
involuntary,2
paunch,2
antelope,2
blueness,2
orator,2
452,2
wittily,2
561,2
wend,2
witted,2
unnoted,2
walks,2
antiquary,2
kinglike,2
whiter,2
timandra,2
admiringly,2
barbazon,2
eros,2
amorphous,2
alexis,2
agate,2
monger,2
dave,2
gypsy,2
unappeased,2
swathe,2
ilion,2
peaceless,2
banishment,2
piquant,2
yargo,2
stallion,2
berserker,2
dinnemite,2
studd,2
hallow'd,2
v.,2
eugene,2
endymion,2
leaps,2
louder,2
melilote,2
silhouette,2
olafson,2
adon,2
sickening,2
revolutionary,2
tremendously,2
mak’st,2
convey'd,2
impell'd,2
sanction,2
tete,2
veronesé,2
cytheræan,2
revelry,2
wilfully,2
tingle,2
aristocratic,2
exquisitely,2
salve,2
sequel,2
gardon,2
tumbler,2
dioceesan,2
employee,2
democratic,2
refer,2
westminster,2
rt,2
shapely,2
reminiscence,2
cancer,2
chamois,2
creditor,2
françoys,2
apron,2
witchcraft,2
unfamiliar,2
mutter'd,2
life--,2
abreast,2
season'd,2
leadeth,2
rings,2
outpour,2
evil!--prophet,2
fortunato,2
lammis,2
slatterly,2
quack,2
pauper,2
district,2
cockney,2
saucer,2
masterful,2
sibley,2
maturity,2
sniff,2
conclusive,2
ind,2
imperishable,2
unlove,2
submission,2
sluggish,2
phyllis,2
grade,2
printing,2
co.,2
"love,--",2
evil!—prophet,2
stol'n,2
mak'st,2
joel,2
wumman,2
fitfully,2
nausea,2
entangle,2
infringe,2
boult,2
harpy,2
addle,2
cressida,2
fall'n,2
vise,2
arbutus,2
wren,2
dependence,2
mazarines,2
billings,2
moira,2
gleat,2
boyet,2
crumple,2
conjurer,2
flue,2
papists,2
adulation,2
loved--,2
bleach,2
perseus,2
reside,2
concentration,2
leonine,2
mcmahon,2
abundantly,2
stew,2
agone,2
contemporary,2
supercilious,2
pheasant,2
bonniest,2
griselda,2
forerun,2
handicraft,2
776,2
836,2
848,2
milch,2
luxuriant,2
watchin,2
venetian,2
maroons,2
phantasm,2
tract,2
oare,2
homily,2
caparison,2
wether,2
amarillis,2
elve,2
playmore,2
undefended,2
dose,2
undeserve,2
leaden,2
huddled,2
pamela,2
spinnet,2
raising,2
unmoved,2
nettle,2
buff,2
retract,2
vanish'd,2
aconite,2
custos,2
o'clock,2
obi,2
cargo,2
badge,2
worsted,2
unguessed,2
afeard,2
lung,2
reach'd,2
"this,--",2
boisgobey,2
benefactor,2
pundjel,2
indra,2
cicalas,2
lukewarm,2
boland,2
llyn,2
haiti,2
boom,2
cask,2
seasoned,2
stratagem,2
atomie,2
webs,2
abstain,2
pisan,2
anti,2
lecoq,2
mutable,2
contingency,2
eglantine,2
diffused,2
employer,2
labasse,2
pendent,2
stalactite,2
inhabitant,2
lye,2
in't,2
privacy,2
bereave,2
sweeping,2
seagull,2
dangle,2
harpsichord,2
prorogue,2
grandois,2
"up""--she",2
wryte,2
blinde,2
feyne,2
barode,2
thump,2
smear,2
viler,2
faery,2
shaked,2
drave,2
vacation,2
feathered,2
pray'rs,2
call'd,2
deride,2
freak,2
tooth’d,2
o’erstraw’d,2
kepen,2
wode,2
weneth,2
"me,--now",2
oarsman,2
unfulfille,2
lanky,2
hiroshigi,2
nereid,2
triumphing,2
bosun,2
coranto,2
bullock,2
892,2
stopp’d,2
variable,2
franticly,2
lurk’d,2
vair,2
unfree,2
misuse,2
galileo,2
this!--,2
blaspheme,2
"still,--",2
subtile,2
rounded,2
roadway,2
soyland,2
initiate,2
transcend,2
kabîr,2
hindu,2
unaccustomed,2
creeper,2
hopefulness,2
bust,2
foully,2
ponderous,2
echoed,2
"sand,--",2
cinder,2
bevy,2
buzzing,2
"ones,--",2
blinded,2
pee,2
wanteth,2
voluptuous,2
yeve,2
merman,2
profile,2
phase,2
phosphorus,2
bere,2
seeth,2
cominge,2
woot,2
sorwful,2
hulk,2
congregation,2
uncomprehende,2
alp,2
hyacinth,2
verses,2
unsearchable,2
infernal,2
misdirect,2
september,2
pigmy,2
encresse,2
nil,2
pictured,2
medusa,2
heavenli,2
knoll,2
mountebank,2
cog,2
disdain’d,2
drown’d,2
uranus,2
--so,2
farmhouse,2
warl,2
artless,2
lethargy,2
unwille,2
bootless,2
skiey,2
nothingness,2
jocund,2
craw,2
rajotte,2
allumette,2
uncurbed,2
known--,2
iroquois,2
jockey,2
fadeless,2
bestowing,2
compelling;--,2
holberg,2
fatherland,2
opens,2
thoughte,2
lyf,2
bother,2
emulous,2
needless,2
immeditatably,2
frustrate,2
prompting,2
sly,2
plover,2
tyrannic,2
pard'ne,2
thou'st,2
thee!--thy,2
revere,2
syke,2
brede,2
lete,2
beats,2
fatalistic,2
twisted,2
verity,2
comer,2
musketry,2
ba,2
sexual,2
mightier,2
orders,2
finn,2
christendom,2
sultry,2
siciniu,2
consul,2
commoner,2
coof,2
flagon,2
prostitute,2
--let,2
immeasurably,2
olaf,2
prominent,2
previously,2
tenderer,2
lethe,2
"divine,--",2
flickering,2
hous,2
boasting,2
bestride,2
swabian,2
godhead,2
bony,2
trout,2
agape,2
god!--amaze,2
christ!--amaze,2
recollection,2
dropt,2
idyls,2
"created,--by",2
secondary,2
smyten,2
yelpe,2
troye,2
schiller,2
tend’re,2
consequently,2
blending,2
mildly,2
factitious,2
jocteleg,2
clark,2
dictate,2
alphabet,2
taylor,2
unsure,2
executioner,2
blessèd,2
irregularity,2
properer,2
"him,--",2
aristocracy,2
pry,2
toddlin,2
13,2
georgina,2
dissemble,2
epidaurus,2
beech,2
fagot,2
creek,2
enemies,2
pray’d,2
jad,2
zion,2
roarin,2
population,2
foxglove,2
clotho,2
fust,2
mustang,2
meekly,2
rous'd,2
flow'rs,2
scold,2
giv'n,2
mortified,2
adwaita,2
gobind,2
symptom,2
manere,2
swaying,2
leander,2
hyena,2
extremity,2
primaeval,2
pesky,2
curl'd,2
hir'd,2
know'd,2
dear--,2
dropp'd,2
did'st,2
uptear,2
mercurial,2
veritable,2
satiate,2
conjunction,2
pleasures,2
phantasmal,2
propel,2
extensive,2
specimen,2
distressed,2
"years,--",2
"feet,--",2
culprit,2
râdhâ,2
extoll,2
names,2
"gone,--",2
ravishing,2
loveable,2
savory,2
bisy,2
forbede,2
seyth,2
seen--,2
cloth'd,2
harshly,2
midway,2
bruised,2
outweigh,2
legally,2
blockhead,2
idyll,2
famed,2
air--,2
hyperion,2
gallantly,2
freendship,2
freende,2
chagrin,2
nursle,2
ramp,2
xv,2
snaky,2
chasten,2
winged,2
o’ergrown,2
old--,2
joanna,2
nerveless,2
observant,2
obey’d,2
slap,2
e’e,2
bedlam,2
performer,2
heckle,2
favoured,2
pulsate,2
pow'r,2
rev'rend,2
lov'd,2
flow'd,2
toned,2
elysian,2
curséd,2
hostel,2
jig,2
wordy,2
ditch,2
gratefu,2
effigy,2
patrasche,2
nello,2
laziness,2
sighted,2
contribute,2
personable,2
seafare,2
hutchinson,2
aimless,2
form’d,2
defender,2
sprout,2
howling,2
devonshire,2
killeth,2
maxwell,2
boeuf,2
battlefield,2
adherent,2
uproar,2
wey,2
cardinally,2
trowe,2
trewely,2
liudegast,2
freshen,2
bees,2
guilde,2
breathes,2
hydra,2
fundamental,2
wand’ring,2
sumner,2
tagore,2
villon,2
sondry,2
ferde,2
seid,2
brynhild,2
perfect’st,2
uncleanness,2
helca,2
betook,2
argosy,2
cradled,2
anguished,2
mammon,2
devon,2
netherland,2
ortwin,2
herbe,2
fyne,2
coude,2
lyte,2
torne,2
seyd,2
mimnermus,2
37,2
bridgeman,2
brimming,2
riches,2
unteachable,2
lambkin,2
carnage,2
gore,2
deeper,2
fyr,2
whyl,2
transgression,2
aldrian,2
opponent,2
hungary,2
cephalas,2
intemperate,2
wrongfully,2
react,2
carpenter,2
walk'd,2
birdie,2
saay,2
weant,2
murmur'd,2
inhuman,2
precipitously,2
flavor,2
burgundians,2
vertuous,2
collateral,2
calkas,2
whet,2
joyously,2
aylmer,2
filthy,2
possess'd,2
faded,2
movin,2
wat,2
fey,2
brig,2
prelude,2
alcman,2
verily,2
illustrate,2
idyllic,2
impertinent,2
den,2
unanswered,2
sequester,2
waiteth,2
compensate,2
bashfulness,2
healthful,2
reft,2
meleager,2
virgil,2
"cries,[6",2
ineffectual,2
primarily,2
speeche,2
demeter,2
rewrite,2
minona,2
lieu,2
vonved,2
purblind,2
civility,2
gratiano,2
prodigal,2
phenomenon,2
bringe,2
plesaunce,2
rainy,2
trot,2
geld,2
montaigne,2
cairnsmill,2
ahti,2
wade,2
alexandrian,2
loo,2
herrin,2
woefu,2
borealis,2
hallelujah,2
therefor,2
alack,2
sieglind,2
irnfried,2
gnawing,2
jamshyd,2
launcelet,2
laïs,2
doesna,2
warld,2
minion,2
slime,2
hey,2
ceremonious,2
mutius,2
kaukomieli,2
lemminkainen,2
ridicule,2
askance,2
sufi,2
thisbe,2
courageously,2
chaplet,2
loos’d,2
ducat,2
honored,2
raspberry,2
ukko,2
ilmarinen,2
wainamoinen,2
buffet,2
rumble,2
dissatisfied,2
turbulent,2
winning,2
speculation,2
appreciation,2
decorum,2
lea,2
winna,2
"4,000",2
yearly,2
unhallowed,2
saner,2
chah,2
outvie,2
undergrowth,2
wailing,2
decadence,2
veri,2
blush’d,2
screech,2
hipp’d,2
northland,2
pohya,2
kullerwoinen,2
rassat,2
humor,2
dinar,2
grandmother,2
jeanie,2
waefu,2
tinder,2
mummer,2
meneniu,2
equip,2
trio,2
lurid,2
dealer,2
e'mo,2
campak,2
engineer,2
alberich,2
spleen,2
juturna,2
profan’d,2
athos,2
confront,2
correspond,2
equable,2
grotesque,2
noisy,2
bewitching,2
interlace,2
billion,2
noisily,2
believer,2
accouter,2
antecedent,2
costume,2
swart,2
peerless,2
haet,2
gien,2
gotelinde,2
bear’st,2
massy,2
wolfhart,2
university,2
japan,2
visitation,2
mitigate,2
loki,2
transformation,2
fredome,2
scho,2
wele,2
threap,2
untouch’d,2
squadron,2
liever,2
morpheus,2
audible,2
gather’d,2
kenna,2
taen,2
wiss,2
obstacle,2
blabb’d,2
endowment,2
lampe,2
doo,2
dwel,2
deare,2
enamour'd,2
resounding,2
ointment,2
fir,2
unknowe,2
inscribe,2
reciprocal,2
quicken'd,2
wand're,2
courtesan,2
additional,2
shearing,2
asking,2
screw,2
me'--then,2
enforcement,2
befool'd,2
nort,2
climb'd,2
intact--,2
piercy,2
yeo,2
charter,2
recline,2
argus,2
attendance,2
mayden,2
fayre,2
wainscot,2
laborer,2
o'erflowing,2
stirr'd,2
summon'd,2
curious--,2
amour,2
unadvised,2
handsomely,2
margret,2
advertising,2
highest,2
1:3,2
typify,2
tuscan,2
dido,2
interchangeable,2
smuggle,2
implie,2
founder,2
arcadian,2
heady,2
restrict,2
niggard,2
smoulder,2
smile--,2
17,2
perplexity,2
address'd,2
churchyard,2
buoy,2
convulsive,2
pollute,2
steepy,2
restriction,2
continually,2
beckoning,2
books,2
behavior,2
mannahatta,2
call'st,2
might'st,2
"birth,--",2
need'st,2
undisturbe,2
discussion,2
allege,2
chocolate,2
johnnie,2
combination,2
viewpoint,2
voting,2
impassive,2
spending,2
gleaming,2
ravished,2
color’d,2
determin’d,2
casually,2
southerner,2
unreturn’d,2
educational,2
ross,2
extension,2
seiz’d,2
rudder,2
entry,2
destin’d,2
veil’d,2
stephen,2
lures,2
press'd,2
volumnia,2
backbone,2
claus,2
domesticity,2
leland,2
wrestler,2
tiber,2
comparatively,2
array’d,2
parenthood,2
forcibly,2
garbage,2
cato,2
convenient,2
cherish'd,2
"compare,--",2
loookest,2
suffocate,2
curv’d,2
objection,2
inferiority,2
healthfully,2
conscientious,2
refulgent,2
gloucestershire,2
dutch,2
glisten’d,2
hair’d,2
accumulate,2
elk,2
cornfield,2
motor,2
ones--,2
monogamous,2
actaeon,2
recourse,2
grate,2
specialize,2
kaffir,2
sov’reign,2
bluish,2
disk,2
inspir’d,2
off’ring,2
wand’re,2
adriana,2
scissor,2
prythee,2
stoop'd,2
devouring,2
unequal,2
nourish'd,2
lock’d,2
air’d,2
automobile,2
competent,2
horseshoe,2
lecher,2
herne,2
helplessness,2
ofttime,2
loosely,2
crush'd,2
accustom'd,2
accuser,2
irrational,2
succession,2
barr’d,2
entrail,2
adverse,2
lewd,2
absurdity,2
razor,2
dissimulation,2
discover'd,2
waggon,2
be’st,2
caius,2
stirring,2
hafis,2
specialization,2
economics,2
differentiate,2
commandeth,2
prosérpina,2
doom’d,2
theseu,2
inconstant,2
hez,2
unquestionable,2
defraud,2
cowardly,2
open'd,2
delusive,2
zest,2
arsenic,2
codille,2
economy,2
reclaimed,2
cripple,2
nipper,2
aspersing,2
blogg,2
fawn'd,2
losin,1
vewy,1
suvrin!--feels,1
vun--,1
boohoo,1
keveer,1
chokin,1
personify,1
hany,1
havn't,1
follerin,1
modo,1
lumberman,1
sartin,1
hevin,1
peru,1
catling,1
catachist,1
leith,1
stylish,1
pretense,1
trouble--,1
steamboat,1
bolder,1
chitty,1
bottled,1
oratory,1
duodecimo,1
donellan,1
snuffer,1
more.--,1
govern'd,1
rejoin'd,1
encounter'd,1
"maidens,--",1
"means,--especially",1
"them,--they'll",1
boteinah,1
fantastically,1
digitali,1
hortensia,1
inspection,1
it:--,1
astonish'd,1
cautiously,1
doubtfull,1
disturb'd,1
curld,1
fulfilid,1
said:--'the,1
foreboding,1
"they,--for",1
fourteen,1
unsullied,1
"breath,--a",1
good!--for,1
neski,1
"e'er,--",1
adam?--,1
reconciled,1
epidamnum,1
wrong’d,1
lefthand,1
ordain'd,1
unnumber'd,1
purpos’d,1
posterity,1
obstruct,1
spurning,1
aeonian,1
"me,--for",1
thourt,1
quickness,1
honour'd,1
"utter'd,--words",1
fulfillment,1
trumpery,1
fieldwork,1
"answer'd:--""i",1
ceres,1
"heritage,--a",1
nick,1
ireful,1
antipholus,1
populous,1
sewing,1
eidolon,1
identity,1
remorseless,1
conscienced,1
goosepen,1
useful.--,1
deserv'd,1
disclos'd,1
entwin'd,1
pimple,1
yankee,1
marksman,1
quadroon,1
braced,1
hugging,1
loafe,1
desirer,1
irrepressible,1
americanos,1
foundeth,1
closeth,1
"chains,--she",1
enliv'ne,1
linger'd,1
chamberlayne,1
nepomuck,1
"it.--""'tis",1
"see!""--the",1
swallow'd,1
dispossess'd,1
shark,1
wrestling,1
disjointed,1
emit,1
lounger,1
wash’d,1
stander,1
equipt,1
attest,1
sponger,1
rowdy,1
lady.—prithee,1
enclos,1
accomplish’d,1
acme,1
launch,1
fluke,1
omnivorous,1
larceny,1
texas,1
unshaved,1
lipp’d,1
gown’d,1
peeling,1
ladle,1
ador'd,1
noted,1
songs,1
lead’st,1
flesh’d,1
resistance,1
engirth,1
wheresoe’er,1
furlong,1
woodman,1
torpid,1
loftiness,1
extendeth,1
threshold,1
effac'd,1
"smiles,--how",1
sipp'd,1
moonbeams,1
"he,--citie",1
phallic,1
climber,1
benefaction,1
perturbation,1
esteem’d,1
din’d,1
valve,1
slue,1
virgilia,1
freelier,1
cover'd,1
flow'ret,1
aspirations,1
"awakes,--",1
─,1
truster,1
envelop’d,1
tally,1
equalize,1
ashantee,1
exalte,1
longingly,1
orgy,1
mightful,1
emperal,1
jubiter,1
aries,1
boned,1
revengeful,1
blowse,1
orcus,1
aria,1
begg'd,1
brahmin,1
crosswise,1
"gain,--",1
feigns,1
"end,--now",1
decreed,1
arriere,1
california,1
welcom’d,1
mechanic,1
plasticity,1
negligent,1
adulterous,1
observer,1
hark!--yet,1
clipper,1
ethiopia,1
hod,1
framing,1
voided,1
exterior,1
pois’d,1
contribution,1
"learn,--",1
rings--,1
unstain'd,1
billows,1
growls,1
"me,--i",1
"tread,--",1
nilus,1
unbind,1
oven,1
tamora,1
abjectly,1
bassianus,1
competitor,1
controlment,1
unhealthy,1
dissolv’d,1
nurs’d,1
rous,1
"came,--",1
submissively,1
growing,1
sincerer,1
firdusi,1
motives,1
threats,1
romanza,1
coaster,1
frivolity,1
unreck’d,1
risk’d,1
woefull’st,1
bottomless,1
ceaselessly,1
"not,--ne'er",1
soothing,1
hollo,1
lartius,1
conveying,1
lo’ed,1
houpe,1
colorado,1
spasm,1
unbereav’d,1
decayed,1
therewithal,1
begg’d,1
bail,1
o'erflow,1
preferr'd,1
dorilis,1
plann'd,1
wav'ring,1
rack'd,1
hov're,1
undulating,1
spherical,1
toil’d,1
manhattan,1
volunteer,1
arous’d,1
assyria,1
delectation,1
undiminishe,1
prosaic,1
bab,1
teuk,1
sucker,1
rigwoodie,1
naithing,1
loove,1
feck,1
fainness,1
bethankit,1
taed,1
sprawlin,1
bizzard,1
troggin,1
sicker,1
baudron,1
sairly,1
o’witche,1
broadway,1
arbor,1
cavalry,1
serpentine,1
abeyance,1
craftilie,1
dipt,1
ivorie,1
drank—“young,1
galloway,1
reechy,1
charm’d,1
claim’d,1
satisfier,1
doer,1
pasturage,1
combativeness,1
sucking,1
tauntingly,1
conformity,1
gied,1
abon,1
rapport,1
perceiver,1
procreation,1
cleanly,1
lived’st,1
achiev’d,1
indivisible,1
routine,1
discouragement,1
cheek’d,1
missest,1
couthy,1
alter’d,1
woodlark,1
candie,1
terraqueous,1
rondure,1
pruning,1
scann’d,1
unmingled,1
savour’d,1
vocalist,1
effuse,1
chinn’d,1
wanting,1
wae’,1
ava,1
naig,1
aboon,1
ivie,1
lamented,1
esopus,1
faithfu,1
drumlie,1
logan,1
hislop,1
exciseman,1
sodger,1
syne,1
distend,1
gestation,1
tableau,1
inherence,1
caress’d,1
headway,1
beginningless,1
unstay’d,1
freshier,1
--their,1
cherish’d,1
aroma,1
acquirer,1
finale,1
spirituality,1
completer,1
one’s,1
feudal,1
tussle,1
ventur’d,1
disenthral’d,1
albescent,1
doom’st,1
yarico,1
thos,1
slighted,1
lo’esome,1
luver,1
leesome,1
strathspey,1
kissin,1
michaelmas,1
fee’d,1
who’ve,1
interstice,1
physiology,1
continuity,1
gennaro,1
parti,1
unresponse,1
sodom,1
tune—“carron,1
bluntie,1
retrospective,1
gluttony,1
dissatisfaction,1
cataclysm,1
embalm’d,1
felt’st,1
football,1
identify,1
rous’d,1
eleemosynary,1
redden’d,1
fatherless,1
caulder,1
seizeth,1
irreligious,1
commonweal,1
com’st,1
wardlaw,1
senior,1
macaulay,1
senegal,1
wud,1
blossom’d,1
midden,1
nieve,1
walie,1
tither,1
oursel,1
finer,1
chorus.—bonie,1
marketplace,1
corioles,1
monstered,1
hereto,1
parentage,1
destitute,1
jacobites,1
topic,1
roost,1
jebb,1
dissipated,1
descendant,1
bonjour,1
remit,1
andronicus,1
copartnery,1
imperiously,1
pilfer,1
consciously,1
thoughtfulness,1
mytilene,1
borrow’d,1
’cause,1
surance,1
clamb’re,1
bewithc’d,1
exil’d,1
knotless,1
witchin,1
premise,1
baumy,1
yeukin,1
blessin,1
wham,1
gill,1
laddie,1
brither,1
gauger,1
maukin,1
clans,1
month--,1
will'd,1
"aware,--",1
sadden'd,1
bow'd,1
horse--,1
uncalled,1
mae,1
ca’d,1
aidle,1
brimstone,1
maggot,1
symbol'd,1
smatteringly,1
grief--,1
quintessence,1
averill,1
arden,1
burd’ne,1
situate,1
maw,1
mons,1
drumlanrig,1
coatie,1
hauf,1
sheath’d,1
parch’d,1
m’gill.^1,1
o’erflowing,1
pyet,1
blaw,1
departest,1
loiar,1
"hour,--",1
rick,1
pliant,1
ordeal,1
swarf,1
trews,1
wherewithal,1
genus,1
stane,1
xliv,1
xliii,1
34,1
roar'd,1
rather--,1
skater,1
inventor,1
voluptuousness,1
bantling,1
gluttonous,1
slae,1
shoon,1
whare,1
cuckold,1
ecliptic,1
spunk,1
wonted,1
dochter,1
cotter,1
bitterlie,1
1788,1
odours,1
rohtraut,1
beneficence,1
has’t,1
chain’d,1
defensive,1
ungenerous,1
tune—“my,1
done’t,1
be—“athole,1
wa,1
braes,1
meand’re,1
deathful,1
bamboozle,1
clasps,1
espousing,1
hush’d,1
revolving,1
crake,1
ruins,1
"glencaird’s,^2",1
o’laird,1
ayr,1
puddock,1
conglobe,1
lo’es,1
direr,1
caledonians,1
symmetry,1
wae,1
reckon’d,1
incontinent,1
aliena,1
touchstone,1
hadean,1
reverberation,1
bleached,1
memnon,1
purposed,1
skinke,1
hurdie,1
o’a,1
sending,1
filly,1
canter,1
jehu,1
mallard,1
sathanas,1
you’re,1
doctor!—don’t,1
westering,1
hildegard,1
nonnenwerth,1
bewilder’d,1
cheep,1
losh,1
powers,1
raptur’d,1
intoxicating,1
torturingly,1
mad’st,1
jealous’—‘i,1
snivel,1
happy!’—‘if,1
kangaroo,1
”—doe,1
remonstrance,1
respectability,1
xx,1
lin,1
lippie,1
surnam’d,1
scrapin,1
abandon’d,1
destroy’d,1
viii,1
jackass,1
butchers?—not,1
sniff’d,1
work’d,1
mercifully,1
xxxviii,1
waylays,1
burly,1
rink,1
rev’rend,1
execrate,1
hobbled,1
surprisingly,1
il,1
225,1
pity.—wilt,1
hymning,1
disenchant,1
deflower,1
thou’lt,1
potence,1
alang,1
swatch,1
pray’r,1
yoursel,1
whunstane,1
whase,1
gentler,1
treach’rous,1
devious,1
dempster,1
fusion,1
winkin,1
glencairn,1
peg,1
laws,1
phalaris,1
overdone,1
magian,1
remainder,1
enchain,1
armoury,1
condole,1
mussel,1
crushin’t,1
glunch,1
brust,1
werena,1
unhanged,1
hech,1
madrid,1
calais,1
tideway,1
keynote,1
sprawling,1
momus,1
nazarene,1
grandmotherly,1
refin’d,1
devolvent,1
danube,1
whereunto,1
bedded,1
truancy,1
mastodon,1
angelical,1
inviolate,1
amort,1
o’ershadowe,1
surgent,1
tremour,1
rin,1
"boswell,^2",1
gab,1
montgomeries,1
"syne,—lord",1
hastit,1
saumont,1
wintle,1
staggie,1
gaen,1
stell,1
mysel,1
plackless,1
uzz,1
dancin,1
squatter’d,1
shrunken,1
abase,1
transfeminated,1
ascension,1
ripest,1
nursele,1
entrust,1
nurseling,1
outmatch,1
landslide,1
visioned,1
reprime,1
fieri,1
unnerved,1
patriarchal,1
idbear,1
o’ercome,1
pliver,1
speet,1
trashtrie,1
aumous,1
bauckie,1
wabster,1
bleeze,1
drunt,1
custock,1
runt,1
pou’t,1
"it,--the",1
austerer,1
gondola,1
silvius,1
foggy,1
bitterest,1
rebels,1
babblement,1
"return,--like",1
claude,1
humbleness,1
empery,1
continence,1
cunne,1
triumpher,1
alcibiade,1
captainship,1
patchery,1
calling,1
limpet,1
heartie,1
stirk,1
reduc’d,1
cadger,1
fareweel,1
connubial,1
hain’t,1
cantin,1
drivin,1
haggs,1
stoup,1
them’t,1
gy,1
highlan,1
hafflin,1
manse,1
birkie,1
mooning,1
nebuchadnezzar,1
convulsion,1
misteuk,1
owre,1
coila,1
monie,1
unkenn’d,1
speel,1
dinna,1
knarle,1
bogey,1
janus,1
lolling,1
preclude,1
more.--ever,1
brave?--god,1
rationis,1
ballochmyle,1
uncover,1
antenatal,1
freezing,1
time)--when,1
ebook,1
billet,1
franc,1
despaired,1
awash,1
"me""--o",1
plaister,1
cantharidian,1
gorget,1
drappie,1
sonsie,1
bardie,1
forlornest,1
museful,1
consecrated,1
lowlihead,1
feedeth,1
pavement,1
cascade,1
the--,1
gif,1
gimmer,1
lon’on,1
tell’d,1
russell,1
"moddie,^1",1
inhumanity,1
unsevered,1
mossgiel,1
korah,1
gowff’d,1
pas,1
rockingham,1
burke,1
philadelphia,1
enviable,1
panic,1
unproper,1
cloistral,1
withdrawal,1
harping,1
encincture,1
image—’tis,1
intelligential,1
roseal,1
patchwork,1
drav,1
commingling,1
nature’s,1
swiftness,1
followéd,1
vistae,1
occident,1
rubied,1
embosom,1
optic,1
interrupted,1
aediles,1
licentious,1
damn’d,1
nanie,1
wanchancie,1
thysel,1
menseless,1
toop,1
wanrestfu,1
hughoc,1
thegither,1
o.,1
unsensed,1
dervish,1
pange,1
unmanned,1
unmemorable,1
feud,1
label,1
waxèd,1
foolhardiness,1
comest,1
conjoinèd,1
timorously,1
divergent,1
unmaternal,1
yeanling,1
foreshow,1
relucent,1
sciential,1
join’st,1
trembleth,1
formidable,1
try’d,1
war’ly,1
show’ry,1
flow’re,1
sonsy,1
ploughman,1
cominiu,1
burying,1
hallow’d,1
tyrus,1
pilatus,1
nourishest,1
"possession,—ah",1
usèd,1
unfrighted:—forward,1
doubting,1
it!—‘’twas,1
you?—let,1
find’st,1
repetition,1
safeguard,1
bri,1
whene’er,1
rescuing,1
expound,1
gelid,1
gong,1
shaken,1
craftship,1
breather,1
replication,1
"him,—no",1
circean,1
ev’ne,1
dan,1
strangest,1
thalia,1
"darkness,--presently",1
even,1
fixed,1
mockèd,1
lapsing,1
broach,1
sackcloth,1
unprevisioned,1
anchored,1
ensphere,1
plethora,1
curlèd,1
fraughtage,1
this:—’tis,1
aura,1
rapaciousness,1
quivers,1
hunger?—misery,1
unpastured,1
gentilesse,1
inflamèd,1
mendicancy,1
sion,1
investuring,1
relaxation,1
boys,1
euridice,1
inauspicious,1
sticky,1
freshet,1
"be,--",1
"grows,--",1
"forgiveness,--",1
much--,1
unbalanced,1
dormice,1
unaggressive,1
kiln,1
chafferer,1
31,1
mocha,1
potamus,1
pipit,1
reconsider,1
vanquish'd,1
bald,1
posturing,1
windflung,1
"change,--just",1
nothingnes,1
athanasia,1
incuriousness,1
sindbad,1
tigris,1
bringer,1
thumbed,1
sensualist,1
quarrel--,1
thinning,1
fog:--,1
"skull,--",1
transition,1
crescendo,1
maleficent,1
transiency,1
saunter,1
perk,1
aflare,1
rampire,1
romp,1
profanity,1
"ourselves,--",1
secret!--,1
searcher,1
"away,--",1
"beauties,--",1
"degrees,--",1
showeth,1
tawdry,1
usuring,1
disclaim’st,1
apemantu,1
tapster,1
crawling,1
flinging,1
hasheesh,1
goldfish,1
miriam,1
we've,1
lotos,1
job?--he,1
flurry,1
overtones,1
becalm,1
sirop,1
austrian,1
voluntarily,1
equivocal,1
quotidian,1
ye’ve,1
see’t,1
deniest,1
hurdy,1
scurry,1
tenebrous,1
massively,1
seated,1
eventual,1
crawleth,1
docility,1
174,1
common'st,1
concurrence,1
143,1
41,1
twitching,1
spun,1
tuft,1
behind!--but,1
unseparable,1
aptness,1
cominius,1
dissolveth,1
sharon,1
sundry,1
adulce,1
boil'd,1
knows't,1
coney,1
scatterest,1
mope,1
crystalline,1
benumb,1
dianeme,1
dislikes,1
nourishing,1
pilferer,1
carkanet,1
commingled,1
zonulet,1
bring'st,1
runlet,1
wingèd,1
congregating,1
utterer,1
lowlier,1
paving,1
seeming,1
gyre,1
guesseth,1
guessingly,1
unvalue,1
welling,1
sorcery,1
subsistence,1
unrude,1
thee:--,1
notch,1
lar,1
heliogabalus,1
bacchanalian,1
storax,1
"stock,--the",1
prizest,1
passion----,1
pye,1
give:--the,1
celia,1
keith,1
embaying,1
clog,1
blushet,1
dream!—to,1
free:--,1
crashaw,1
slayeth,1
progne,1
cryptogram,1
gascon,1
brassey,1
sclaff,1
flasket,1
gamp’s,1
sairey,1
millais,1
lewie,1
pint,1
cannibally,1
carbonado,1
merle,1
supertasse,1
unclose,1
undarkene,1
soured,1
corroded,1
norland,1
straightness,1
aefold,1
ruthven,1
wassail,1
husbandman,1
absyrtus,1
"heaven,--and",1
pleasurable,1
intricate,1
fluency,1
effortless,1
spenser,1
admirably,1
repeatedly,1
monotonous,1
aman,1
unconsole,1
sallow,1
unlanguaged,1
italians,1
deft,1
mechanism,1
scabbard,1
again!--,1
star--,1
neighborhood,1
mediocre,1
me.—good,1
slippered,1
beaded,1
bells--,1
ungain’d,1
minc’d,1
attaint,1
perform’d,1
litigious,1
constraining,1
unperplexed,1
elevation,1
greenery,1
insularity,1
forbod,1
discase,1
grow'st,1
alt're,1
deceived,1
perfect'st,1
bear'st,1
receiv'st,1
morrow;—vainly,1
cinquecento,1
weigh'd,1
migrant,1
upland,1
furrowed,1
lalage,1
drowsily,1
morrow;--vainly,1
etexts,1
rhymes,1
fondle,1
cocoa,1
resinous,1
gable,1
impregnate,1
pining,1
"love,--what",1
"hope,--what",1
"was,--where",1
caryatids,1
parable,1
unfallen,1
unexperient,1
speak.—this,1
menenius,1
unapt,1
titleless,1
patricians,1
surviveth,1
denizen,1
sniff'd,1
mythological,1
resign'd,1
actuate,1
artfully,1
explicit,1
amontillado,1
guiding,1
appliance,1
grinn'd,1
rubb'd,1
hiss'd,1
exclusion,1
misconstrue,1
threaten'd,1
join'd,1
lett,1
ascendancy,1
regretful,1
comtesse,1
"alone,--that",1
guineas,1
awl,1
smut,1
sheffield,1
saveth,1
uncomforte,1
charon,1
hymeneal,1
"eyes,—these",1
germ,1
enrapture,1
relentful,1
curtius,1
unflush'd,1
greetings;--the,1
phedre,1
cuvier,1
premature,1
capability,1
prosper'd,1
loomed,1
moonstruck,1
mænad,1
questing,1
heliconian,1
"lady,--a",1
mischievous,1
profanely,1
solicitous,1
incomplete,1
poltroonery,1
reflect!--'tis,1
wrong'd,1
aias,1
119,1
encroaching,1
twelfth,1
jeffrey,1
ritson,1
1745,1
jamieson,1
tak’st,1
return’st,1
seem’st,1
boldene,1
calypso,1
limbe,1
bluest,1
sordello,1
despoilèd,1
chaunte,1
argent,1
gilbert,1
frivolous,1
"us,--poor",1
cockchafer,1
ursa,1
droop'd,1
"breast,--when",1
showery,1
"love,--since",1
"deserved,--and",1
"rejected,--a",1
beagle,1
varnish,1
manlihood,1
strayed,1
piedmont,1
sigh'd,1
reparation,1
"his,--the",1
unjustly,1
"assail,--",1
unperceive,1
"constance,--unaffected",1
candid,1
fail'd,1
unlovable,1
chance.—yet,1
bugge,1
prof.,1
kinloch,1
chambers,1
catriona,1
weyffe,1
preveley,1
robens,1
weyse,1
corty,1
hus,1
arnong,1
perplexes,1
gargery,1
deathly,1
sands,1
clarke,1
similitude,1
cromdale,1
livingstone,1
beatific,1
cucumber,1
49,1
debility,1
"where,--",1
clone,1
snows,1
jacobite,1
"companions,—man",1
aneth,1
kimmer,1
het,1
hayt,1
thow,1
thowt,1
schot,1
cerstyn,1
keye,1
euery,1
vpon,1
zede,1
hende,1
curte,1
duzty,1
robyns,1
thyckust,1
stode,1
robyn,1
sublimest,1
effacing,1
monstrance,1
unneeded,1
jonquil,1
ye’ll,1
chuse,1
irke,1
doest,1
ambree,1
liddesdale,1
mangerton,1
forfoughen,1
mine.--forgive,1
"chintz,--i",1
threatening,1
causeway,1
aping,1
unloosened,1
suiteth,1
cortey,1
chevalrie,1
marris,1
nibours,1
mekle,1
herself.[3,1
cloister;[2,1
cognition,1
believes.[2,1
"souls,—angel",1
governest,1
laurel.[1,1
prohibit,1
bairnly,1
hadna,1
maitland,1
dool,1
obscurely,1
magister,1
him.[1,1
inordinate,1
therewithin,1
quittance,1
roughly,1
distilling,1
"lavinia,[1",1
distressful,1
commutation,1
hobbie,1
whitfield,1
macdonell,1
wyfe,1
twene,1
forrester,1
blude,1
bowr,1
coud,1
bow’r,1
travailing,1
whaever,1
repaireth,1
shimmerd,1
amblit,1
mysell,1
annet,1
cashier,1
recoverable,1
species,1
1276,1
96a,1
procedure,1
glow'd,1
her[4,1
"cries,[1",1
tierce,1
ingem,1
tinkling,1
distinction[5,1
"directly,—the",1
"defective,[5",1
willoughby,1
cozening,1
countrie,1
slaif,1
abusit,1
intelligences,1
engrossment,1
stammering,1
perverted,1
designation,1
seen:[2,1
"be,—thou",1
believ,1
"doubt,[2",1
justest,1
lucent,1
"saidest,—'a",1
prisner,1
unchang’d,1
mudie,1
97,1
hindereth,1
"thou,—finde",1
"thee,—and",1
somewhile,1
enkindled,1
effulgence,1
appearance[3,1
meritorious,1
illuminant,1
shames,1
ladie,1
liddel,1
scroope,1
incur,1
scowl,1
volsces,1
wyle,1
lindesays,1
merrie,1
yestreen,1
wrangler,1
clotpole,1
frore,1
brethon,1
phoenician,1
"saints,—i",1
unowned,1
pendulous,1
callow,1
"said,—he",1
rowland,1
beholder,1
muir,1
tamlane,1
unrelenting,1
"earth,--",1
despond,1
"constancy,--",1
ecstatically,1
woode,1
"old,--",1
"share,--",1
speer,1
faerie,1
mason,1
cumberland,1
nevir,1
stickit,1
longs,1
more:--,1
"thine,--so",1
pray'r,1
"guerdon,--here",1
"sister,--",1
"heed,--",1
nonexistence,1
beautifully,1
improvise,1
overbuy,1
hang’d,1
whosomever,1
distill’d,1
scantling,1
dear’st,1
acadian,1
distort,1
glowed,1
triumphs,1
benedict,1
hollyhock,1
ceasing,1
"farmers,--",1
druids,1
earn--,1
"hear,--",1
deep'ne,1
"desire,--",1
valueless,1
devised,1
o'ershadowe,1
show’st,1
cxviii,1
indig,1
rang’d,1
merchandiz’d,1
strengthen’d,1
widow’d,1
deem’d,1
finds,1
affraye,1
wold,1
shawnee,1
implacable,1
natchitoche,1
o'erburdene,1
waved,1
balan,1
dishevel,1
helpfuller,1
fought,1
knightli,1
loathfully,1
jarring,1
windflower,1
stigma,1
coroner,1
conceited,1
smell’d,1
season’d,1
remov’d,1
scorn’d,1
rais’d,1
air:-,1
now:-,1
archangels,1
sea--,1
flame--,1
bregenz,1
incompleteness,1
slighter,1
saints,1
lovers,1
recall--,1
friend?--,1
finely,1
punctual,1
pellet,1
unpolished,1
handcuff,1
legged,1
drudgery,1
radegonde,1
clotilde,1
glue,1
unsavoury,1
"are,—here",1
d’ye,1
perishen,1
angela,1
paint--,1
rembrandt,1
thought--,1
glaze,1
untouche,1
th’air,1
privileg’d,1
gallow,1
dragoon,1
"face,--",1
"despair,--",1
ago--,1
"one,--a",1
carver,1
stored;--,1
may--,1
"friend,--you",1
away:-,1
novice,1
nuns,1
limpid,1
flowers,1
unreasoning,1
"dear,--",1
effie,1
discordant,1
legion--,1
paused,1
quilt,1
cutting,1
despondingly,1
unleash,1
o'erstraine,1
shagreen,1
spy?—come,1
queen?—my,1
pandaru,1
sized,1
jobless,1
gol,1
bespatted,1
laughter--,1
yeller,1
meaner,1
plentifully,1
shine;--,1
rain!--,1
creese,1
workmanship,1
briefness,1
dorothy,1
careen,1
amphorae,1
"bear,--",1
waive,1
faltering,1
"judge,--but",1
visitant,1
relenting,1
holly,1
wakens,1
shop-,1
gem-,1
khaki,1
submerge,1
forever-,1
di'mond,1
gingham,1
tommie,1
unmerite,1
then?--,1
bereft--,1
petrel,1
unheeded,1
senator,1
methinks,1
madwoman,1
apemantus,1
readiest,1
discontentedly,1
clapp’d,1
"not,—all",1
zebra,1
leconte,1
parnassians,1
threw,1
sully,1
leaven,1
kneel--,1
werefore,1
forevermore,1
weirdlike,1
tythe,1
lineal,1
volcanian,1
virulent,1
monstrousness,1
outrunn’st,1
bluebell,1
turfy,1
congenial,1
temp’re,1
aga’nst,1
duole,1
assai,1
antiveduta,1
"not,--when",1
fled?--,1
"song,--i",1
refeverent,1
life?--a,1
missive,1
presage,1
imparts,1
long’st,1
contain’d,1
restrain’d,1
dominic,1
giogo,1
rationality,1
inappreciable,1
wearies,1
meet--,1
"wine,--",1
jeweled,1
station'd,1
nera,1
al1,1
et,1
d’oeuvre,1
confessedly,1
luminary,1
124,1
sandale,1
lyrist,1
musically,1
often,1
passion'--it,1
posse,1
seasons,1
baser,1
misthought,1
cloten,1
pandar,1
look’dst,1
perplex’d,1
sharper,1
heretic,1
corruptible,1
planetvenu,1
36,1
inducement,1
leah,1
pretension,1
plebeian,1
1698,1
142,1
caravan,1
speak!--,1
kindred,1
superhuman--,1
thrown,1
stooped,1
me!--no.--he,1
edit,1
hearest,1
cast--,1
cheers--,1
lord--,1
ogre,1
begon,1
true!--,1
sallie,1
spans,1
brier,1
brow--,1
hear--,1
vellutello,1
biographer,1
nostradamus,1
secur’d,1
88,1
dryden,1
pylades,1
136,1
eniightening,1
claime,1
prowesse,1
tiraboschi,1
vagrant--,1
ainse,1
margaretta,1
will?--has,1
need--,1
leave--,1
throne--,1
hand?--to,1
horn’d,1
endur’d,1
express’d,1
primy,1
warrantable,1
clams,1
scaly,1
bore!--,1
motto,1
cronest,1
grandee,1
"air--""some",1
lottery,1
index,1
cana,1
ingratiate,1
treasur’d,1
vocal,1
trac’d,1
gertrude,1
umbrageous,1
sung--,1
republican,1
refine--,1
design--,1
birdling,1
above!--,1
obscurity,1
cosenza,1
harden’d,1
morally,1
psalmody,1
metier,1
freedom--,1
laughter)--for,1
indisposed?--or,1
too--,1
hand)--if,1
fright--,1
revenge!--oh,1
illusion!--in,1
one!--and,1
favour’d,1
guittone,1
fullest,1
varying,1
scribe,1
howe’er,1
o’ercharg’d,1
reanimate,1
reas’ne,1
diffidence,1
remiss,1
mourn’d,1
gender’d,1
germin,1
clearli,1
monish,1
empanel,1
scarecrow,1
unprotected,1
crime--,1
deject,1
pshaw!--which,1
you!--,1
sinning,1
darle,1
creole,1
"""--""then",1
demeanour,1
ascent,1
inviting,1
light’ning,1
vollied,1
duca,1
telamone,1
owes,1
letter’d,1
samaria,1
level’d,1
thrills,1
pamper’d,1
sev’n,1
mutation,1
blurr’d,1
varlet,1
troiluses,1
gotham,1
"paradise,)--",1
setup,1
"tightly,--",1
"mouth,--up",1
sittest,1
frond,1
"friend,--",1
seashell,1
"wages--""baby",1
muckle,1
frichten,1
swaddling,1
skirlin,1
iras,1
crawin,1
rogue!--glowrin,1
sailors,1
tattamus,1
bouse,1
breakfast--,1
tam’d,1
unobstructe,1
perverseness,1
michol,1
vassalage,1
wat’ry,1
th’imaginary,1
escanes,1
thaisa,1
slavish,1
monaldi,1
farmyard,1
city--,1
larches--,1
andrew,1
deeds,1
sure--,1
grandmamma,1
glory--,1
pearl--,1
intimation,1
framde,1
dimm’d,1
landino,1
lateran,1
duration,1
ud,1
his--,1
giunts,1
goodest,1
dimpled,1
"care,--",1
travels,1
grow--,1
unbridled,1
monstruosity,1
mia,1
guglielmo,1
aretini,1
21,1
worne,1
ginevra,1
bumper,1
jug,1
goldfinch,1
studiously,1
maremma,1
meriteth,1
shorter,1
retains,1
exclaiming,1
utica,1
celestine,1
forespent,1
arch’d,1
genoese,1
vizor,1
mastiff,1
fasten’d,1
brachs,1
bowlful,1
buff'lo,1
chawnk,1
fauntleroy,1
homesick,1
textd,1
fiche,1
fida,1
listen’d,1
o’erstepp’d,1
scrawl,1
"south,--",1
o'erjoye,1
stealthily,1
unpollute,1
heard,1
unroll,1
"ill,--",1
anna,1
francesca,1
lanciotto,1
102,1
marino,1
commentator,1
sharply,1
humanely,1
insubstantial,1
baseless,1
scarcity,1
diffusest,1
glist’re,1
what!--,1
poison!--no,1
walkest,1
adamo,1
drought,1
scamper’d,1
temp’rately,1
scrap’d,1
ordereth,1
wimborne,1
vrom,1
unreluctant,1
incurve,1
mound,1
unriven,1
"freedom,--",1
eet,1
lapped,1
--with,1
work;--and,1
snowball,1
mistrustful,1
pompeii,1
o’erboard,1
miranda,1
pharisees,1
sped,1
calchas,1
matthias,1
rebellow,1
overcom’st,1
display’d,1
surpass’d,1
death.—to,1
hear'em,1
unimagined,1
"child,--",1
vowel,1
cheeks,1
scorneth,1
undershine,1
encircling,1
intermission,1
nore,1
prevention,1
creating,1
deafness,1
purveyor,1
brain--,1
lid:--,1
falling,1
staidness,1
woo’t,1
corrigible,1
upsoare,1
disparte,1
choleric,1
six.--give,1
"deep,--",1
"combine,--",1
sowing,1
irk,1
sail:--,1
along:--,1
"bee,--",1
aside--,1
absurdly,1
"gleam,--",1
count’nance,1
chiron,1
unus’d,1
imitative,1
employ’d,1
sway’d,1
redoubled,1
overcast,1
learn’d,1
conspir’d,1
toothache,1
sounded,1
"vain,--",1
keep;--,1
affections,1
enwrought,1
forgot--,1
sword--,1
vetches,1
brim--,1
"dews,--",1
bugbear,1
puling,1
awaketh,1
maidenhood,1
dian,1
betraying,1
overnear,1
shortcoming,1
chiefs,1
ringdove,1
ruing,1
deeming,1
thrall’d,1
diligence,1
hecuba,1
flow’rs,1
expressure,1
forthright,1
mock’ry,1
abject,1
lean’d,1
gath,1
withinside,1
amazingly,1
sprawl,1
rosemary,1
lad's,1
panpipe,1
emblems,1
harvesting,1
intone,1
allayment,1
benignity,1
interrogate,1
rekindled,1
prelection,1
peacefulness,1
hebe,1
vermeil,1
dora,1
mavis,1
unaffected,1
aramantha,1
castara,1
daffadowndilly,1
jerkin,1
ague,1
greekish,1
luni,1
circumscribe,1
granary,1
handmaid,1
emancipate,1
returneth,1
bubbling,1
dairy,1
nicaean,1
eileen,1
indefeasible,1
parhelion,1
pellucid,1
condemneth,1
attentive,1
trellis,1
effluence,1
vividly,1
ought’st,1
requireth,1
adjourn’d,1
syllabled,1
denie,1
lilian,1
byroad,1
mishap,1
amynta,1
amorist,1
celinda,1
danae,1
it”—and,1
pera,1
slunk,1
furze,1
affirm,1
flimsy,1
gracefulness,1
tenantless,1
soiled,1
woodruffe,1
cyclamen,1
ungathere,1
beeches,1
transplendent,1
luculent,1
denomination,1
cypria,1
stung,1
psalm--,1
unequable,1
undignified,1
delphicus,1
unduly,1
radicals,1
nateral,1
furder,1
crinkly,1
de'il,1
warl'ly,1
unclasp,1
outwatch,1
hardiment,1
vows,1
apostolic,1
obstinate,1
curtsey,1
loch,1
bridgy,1
thae,1
thea,1
un'neath,1
coleraine,1
pawky,1
bloodthirsty,1
unremitting,1
rowlock,1
hornby,1
hosanna,1
wallace,1
thong,1
larrikin,1
foreknowledge,1
fretted,1
target,1
phœbus,1
blithesomely,1
thriflin,1
tippet,1
froissart,1
beaumont,1
voice--,1
lulling,1
semi,1
imogen,1
belariu,1
summery,1
helicanu,1
ruff,1
lucrezia,1
o'erheard,1
lorge,1
challenging,1
do't,1
adventer,1
figaro,1
"said--""i",1
satanic,1
gladdened,1
flieth,1
knows--,1
repayment,1
presentiment,1
crowding,1
exempt,1
hindoos,1
improvement,1
sepulcher,1
samarcand,1
godhood,1
dastardly,1
praise--,1
teneriffe,1
rippling,1
seacliff,1
fortinbras,1
precurse,1
marcellus,1
adorn’d,1
waning?--,1
drove,1
sussex,1
tauld,1
smoothly,1
1863-,1
muller,1
purpler,1
rococo,1
jointure,1
roundest,1
sewer,1
tetter,1
olympian,1
achille,1
coasting,1
wildernesses--,1
inky,1
nigger,1
rustlin,1
disloyalty,1
plaineth,1
darteth,1
treading,1
concerted,1
whusslit,1
throssil,1
lightsome,1
cauld,1
sunshiny,1
floss--,1
kangaroo--,1
insignificant,1
maize,1
cochin,1
noodle,1
malediction,1
polynesian,1
hellbound,1
grandmither,1
arraign,1
.the,1
was't,1
bugles,1
marchaid,1
commendable,1
tasman,1
plenilune,1
betther,1
sleeper,1
intact,1
gleamed,1
ransack,1
scandinavian,1
uncurl,1
mullein,1
foreland,1
doleful,1
venturous,1
cap--,1
capless,1
gulfs,1
ineffably,1
zebedee,1
affluent,1
faultless,1
overstock,1
tradesman,1
carrying,1
discolor,1
diapere,1
mated,1
shafts,1
fledge,1
intersect,1
lines,1
undefaced,1
o'-may,1
shadhush,1
childishly,1
caller,1
gudeman,1
broil,1
o't,1
affray,1
manners;—that,1
unsifted,1
puff’d,1
dryope,1
alcyone,1
deniehy,1
dingo,1
unarm,1
gehennas,1
nonentity,1
hears--,1
divides,1
inseparate,1
diomedes,1
brabbler,1
cleon,1
bushman,1
water?--any,1
remaineth,1
becometh,1
enamor,1
xxxvi,1
lieutenancy,1
lxxix,1
xxxiv,1
enricheth,1
displeasing,1
superhuman,1
vexation,1
perished,1
carmel,1
king--,1
"whole,--",1
portent,1
mythos,1
disrelish,1
reni,1
churlish,1
purifie,1
gifts,1
unmet,1
solemnize,1
diomed,1
heard--,1
joy--,1
resume,1
balcony,1
trite,1
"spring,--",1
tree--,1
them?--who,1
trammelle,1
telegonus,1
ares,1
under--,1
runnel,1
zealot,1
hopes--,1
ladon,1
huswife,1
cloistress,1
prosperine,1
playfulness,1
atilt,1
coinage,1
1860-,1
"laughter,--",1
maniacs,1
gathered,1
figtree,1
creepeth,1
darter,1
friende,1
t’express,1
lazar,1
nicol,1
shore;--,1
ortygian,1
aftermath,1
"flowers,--",1
crowns,1
whispered,1
blustering,1
tickin,1
clickin,1
harty,1
zin,1
whiz,1
"low--""she",1
sunstreak,1
unworldly,1
extenuate,1
vapory,1
swimmeth,1
withholding,1
"low,--",1
mortally,1
th’assay,1
o’erhasty,1
carp,1
druggist,1
curry,1
oats,1
saving,1
mower,1
curs’d,1
antic,1
excep,1
jeering,1
boob,1
anemone,1
loaded,1
stateliest,1
wove,1
melilot,1
1862-,1
broom--,1
nodding,1
light;--,1
bannere,1
steaming,1
rosebush,1
falconer,1
synod,1
neutral,1
shirk,1
resemblin,1
importune,1
run--,1
devilry,1
"plough,--",1
tells,1
irrevocably,1
liberated,1
birdlike,1
katy,1
undisputed,1
semblative,1
mall,1
mahry,1
bedford,1
bart,1
tundra,1
sierra,1
vaunt--,1
warbler!--that,1
"lot,--",1
beggared,1
cluck,1
franklin,1
craziest,1
misgiving,1
dispriz’d,1
cursing,1
bodikin,1
fatherland--,1
undine,1
too!--,1
topsail,1
dispatch.—enobarbus,1
adieus,1
steel.—you,1
landman,1
free;--,1
shipmate,1
"mother,--",1
int'rest,1
”—_as,1
glo’ster,1
indigo,1
soliloquize,1
prepere,1
fillette,1
amputation,1
awkwardly,1
"stones,--",1
ardor,1
foemen,1
bell--,1
customed,1
bulldog,1
keelhaul,1
aves,1
o'erhead--,1
failin,1
wha'll,1
candlelight,1
o’-war,1
never!—would,1
it!—the,1
never_—will,1
m.b.,1
stithy,1
sun!--how,1
speeds,1
yields;--,1
angler,1
reynard,1
uncurse,1
wields,1
languishment,1
cutter,1
vivandière,1
bathos,1
debbil,1
noticed,1
shakesperian,1
tranquilly,1
"fun,--",1
bored,1
opine,1
palaeolithic,1
avon,1
seaboard,1
chid,1
blithesome,1
alphonso,1
sarah,1
missus,1
uncongenial,1
gonzago,1
"her,--",1
pence,1
buhl,1
"gems,--such",1
"four,--",1
land;--,1
annal,1
mounts,1
"ass,--",1
snorer,1
tatter,1
compos’d,1
powles,1
nebber,1
babette,1
unseasonable,1
bestrew,1
aspersion,1
purchas’d,1
"heads,—is",1
invulnerable,1
dewlapp’d,1
staring,1
gillyflower,1
quip,1
scaffold,1
unquestionably,1
seductive,1
paley,1
pamper,1
discriminating,1
portsmouth,1
bumboat,1
bouquet,1
’—if,1
proserpina,1
"mermaiden,--",1
weaving,1
"duke,--to",1
vanloo,1
"grave,--now",1
"fount,--",1
"young,--",1
"tongue,--",1
untravelled,1
buckled,1
reveler,1
meeker,1
goldsmith,1
brady,1
"below,--",1
aurocks,1
thewe,1
sorrow;--,1
chaperon,1
skyey,1
heed!--for,1
princes,1
unripe,1
siz’d,1
discreditable,1
esmeralda,1
airth,1
oller,1
dreffle,1
massingbert,1
dachs,1
threescore,1
pittance,1
ageless,1
lady;--call,1
tithonus,1
"in,--live,--for",1
concealment,1
pericle,1
apparell’d,1
designate,1
unperturbe,1
flood--,1
battlemented,1
mildew’d,1
th’incestuous,1
mortis’d,1
sumter,1
"make,--",1
prescient,1
pouf,1
"departed,--that",1
dooty,1
loon,1
no'thern,1
bisness,1
everythin,1
civilly,1
it?--yet,1
unresponsive,1
hummed,1
boaz,1
lunar,1
lordlier,1
gandolf,1
tabernacle,1
--old,1
sekkah,1
thereby?--,1
lions,1
brebare,1
auf,1
dime,1
spadeful,1
unattended,1
hold’st,1
th’affair,1
rosencrantz,1
"d'or""--",1
"first,--",1
"spill,--",1
welcome.--no,1
it.--you're,1
celery,1
frizzle,1
"chord,--it",1
pill,1
--ay,1
danaë,1
stains,1
fused,1
parr,1
centenarian,1
timrod,1
lazzaroni,1
ophelia,1
marguerite,1
monogram,1
clothes,1
"surprising,--",1
fib,1
jesuit,1
"prevail""--",1
artium,1
bowker,1
secret--,1
instep,1
catherine,1
pastille,1
aesthetic,1
greeley,1
can,1
shipload,1
paroquet--,1
buzzer,1
rendezvous,1
"him,--actual",1
undemonstrative,1
trustfulness,1
retina,1
sepia,1
swamp,1
talkin,1
smokin,1
rec'lect,1
subsistin,1
fyce,1
bar'l,1
forte,1
cry--,1
sissy,1
crowing,1
sapient,1
whisker,1
bellyache,1
laerte,1
heelless,1
tanager,1
fulfilling,1
unpin,1
divorcement,1
delineate,1
recluse,1
cheer--,1
toddle,1
apprise,1
universalist,1
presbyteriuns,1
overspread,1
boundeth,1
hummeth,1
sabot,1
mica,1
springin,1
impressionist,1
"themes,--life",1
loathness,1
comprehendeth,1
equation,1
oppresse,1
litigant,1
shimmering,1
tippler,1
sophocles,1
lum'nous,1
sparklin,1
al'ay,1
twouldn't,1
hardware,1
blinder'n,1
villainously,1
broker,1
aqua,1
spout,1
flashing,1
decamping,1
timbrel,1
hindered,1
plush,1
intermittent,1
belate,1
entering,1
wrecked,1
attache,1
boanerge,1
himmaleh,1
oblong,1
waterfly,1
as’es,1
"it,—let",1
ossa,1
kiss’d,1
majestical,1
song:--,1
ve,1
morns,1
artisan,1
footlight,1
boggy,1
smell’st,1
kill’st,1
infection,1
bustle,1
gooseberry,1
bunker,1
molasse,1
"is,--he",1
"night,--in",1
bricabrac,1
for'ard,1
prattling,1
d.--a,1
colossal,1
undependable,1
imperturbable,1
filigreed,1
malmaison,1
laurelled,1
flabby,1
charlotta,1
ogle,1
chequer,1
locket,1
calmuc,1
jew--,1
citie,1
organist,1
pew,1
bluster'd,1
aldermen,1
kioff,1
confess'd,1
"is,--",1
tange,1
wavelet,1
lustere,1
valiance,1
bedad,1
mineral,1
bleezed,1
sinse,1
clart,1
plinty,1
philoso'phy,1
muffin,1
pompayen,1
landseer,1
linnayus,1
specimin,1
flapping,1
numbed,1
wery,1
henglish,1
hoff,1
hawfle,1
veep,1
yonng,1
pathrick,1
"is,--and",1
projuice,1
herefordshire,1
arriv’d,1
drossy,1
tiara,1
twang,1
gebnitz,1
undevelopt,1
barbarous,1
son--,1
crownd,1
wreeth,1
grabrowski,1
frances,1
herr,1
palpitant,1
cardboard,1
slidden,1
cheating,1
crowe,1
humpbacked,1
cloudful,1
tossed,1
why?--why?--yet,1
knee--,1
shocked,1
clause,1
potherb,1
rascalliest,1
hybla,1
mordake,1
massyker,1
razier,1
prodestants,1
bagpipe,1
eunice,1
chanty,1
aquarium,1
flowing,1
thews,1
miscellany,1
piebald,1
gagelike,1
aglaïa,1
resoldere,1
sentimentalist,1
cicily,1
serte,1
valk,1
ven,1
hortocrat,1
habsolute,1
wickid,1
gentlefolk,1
milkwhite,1
hammering,1
languisheth,1
chilling,1
sipped,1
persistently,1
waltzer,1
cannonade,1
sprat,1
remarks,1
one?—plante,1
incarnadine,1
spindrift,1
unfire,1
unprice,1
welshman,1
sloughs,1
"not,--myself",1
fixt,1
kneeler,1
druid,1
blowze,1
vested,1
disorderly,1
reap’d,1
souls.—meantime,1
cesario,1
spousal,1
hussy,1
crestfallen,1
tokened,1
toryne,1
toryne?—you,1
unsound,1
cockatrice,1
iterance,1
guiltiness,1
barbary,1
"me,—have",1
holmedon,1
hal.—what,1
foredone,1
mendip,1
devotion!—yes,1
overrule,1
curtail,1
flexure,1
outwore,1
sublime--,1
proprietress,1
cyril,1
wisest,1
retell,1
fixing,1
miserablest,1
crock,1
pettish,1
chimley,1
don’t,1
slanting,1
sunburnt,1
urban,1
staunchly,1
unadornment,1
notoriously,1
iliads,1
homers,1
deer--,1
unbated,1
waxing,1
enshroud,1
vij,1
vagueness,1
fathering,1
ranged,1
unilluded,1
existent,1
berg,1
resmooth,1
preëminence,1
concluded,1
post!--all,1
trosachs,1
unwonted,1
dirk,1
heath,1
chieftain,1
join'st,1
"child,--and",1
snowdoun,1
unreveale,1
disyoke,1
"not,--only",1
threaded,1
lilia,1
tumbled,1
knob,1
infusing,1
mans,1
nere,1
funerall,1
poyson'd,1
pestilential,1
circumscrib'd,1
posthume,1
liveing,1
disturbance,1
"you,]<107.1",1
wearied,1
doune?--,1
rung,1
claims--,1
"hill,--",1
therfor,1
724,1
decke,1
soyle,1
dogberry,1
"deed,--the",1
strand!--,1
fled?--old,1
fought?--who,1
"i,--to",1
lewis,1
needwood,1
chaser,1
switzer,1
lufra,1
elixir'd,1
mes,1
supervacuum,1
dixit,1
seige,1
judean,1
gratuity,1
bad<90.27,1
recal,1
justle,1
basely,1
receave,1
icolmkill,1
hould,1
nobilitie,1
anie,1
departe,1
cozeners!—god,1
cherubim,1
gallowglasse,1
brownies,1
implicit,1
eventide,1
ululatus,1
praetorian,1
darkening,1
dishclout,1
huntress,1
527,1
beattie,1
poetus,1
poyson,1
adultresse,1
antipode,1
i'th,1
fam'd,1
cubbs,1
deanstown,1
punctilio,1
callander,1
layde,1
tradition:--'a,1
caithness,1
proprietor,1
tumultuary,1
mutinie,1
heart'ly,1
maccaroon;<90.12,1
loach,1
alonso,1
"him,—for",1
rejoicing,1
lik’d,1
executor,1
weeps,1
legg’d,1
pliny,1
defin'd,1
charg'd,1
howere,1
magnanimous,1
strictest,1
cobwebb'd,1
uncloathed,1
quick'ne,1
unhonored,1
gnome,1
bluet,1
unlit,1
fitz,1
813,1
brantome,1
brent,1
209,1
purvay,1
figuratively,1
dullness,1
frise,1
characterize,1
worc,1
bereth,1
unplanted,1
canot,1
inthrone,1
chearful,1
fal'n,1
lyon,1
choyce,1
challeng'd,1
contemplated,1
ensign,1
tatter'd,1
autumne,1
melchior,1
frankincense,1
mignon,1
assenting,1
hovel,1
françois,1
anthologise,1
anthologist,1
arvers,1
187,1
yoonistan,1
colder,1
empires,1
litter,1
boastful,1
midas,1
shadowgraph,1
jalula,1
bloater,1
pretious,1
grone,1
nak'd,1
blisters,1
antick,1
how't,1
lay'd,1
gig,1
barricado,1
remaine,1
"expire,<63.10",1
cagn,1
unfever’d,1
darwinian,1
flints,1
toll’d,1
appal,1
coastward,1
antedate,1
blücher,1
contracting,1
illimite,1
imminent,1
drying,1
fevered,1
me!”—holde,1
murky,1
kobong,1
changeable,1
affable,1
volley,1
and<69.2,1
posset,1
crescive,1
”—“dearer,1
heedfulness,1
daze,1
drummer,1
408,1
chiel,1
ee,1
a’most,1
tankens,1
gazer,1
smugger,1
enarch,1
grintern,1
cicely,1
acheful,1
blacke,1
flamen,1
worthie,1
heyre,1
wretchedne,1
expresse,1
plum'd,1
ayres,1
wits,1
soul'd,1
aske,1
me;<57.2,1
mounting,1
exemplar,1
toady,1
sidedness,1
”—omar,1
unpitye,1
they?”—“nay,1
exultance,1
path.—why,1
voltaire,1
athelhall,1
intractable,1
webby,1
unknow,1
mellstock,1
undone,1
wilted,1
wish!—i,1
"moods,—well",1
appeare,1
fir'd,1
durfey,1
in<53.17,1
whisleth,1
freage,1
make<53.4,1
lard,1
armenia,1
stablishment,1
solder,1
enobarbus,1
eres,1
enchained,1
169,1
moil,1
”—w.,1
flye,1
live<49.15,1
whipt,1
canticle,1
prehistoric,1
sublimer,1
languorous,1
ahasueras,1
role,1
portico,1
erstwhile,1
augmented,1
boan,1
treasury,1
comence,1
duellist,1
"friendship,--these",1
ilio,1
"gifts,--the",1
anywise,1
mercantile,1
spawn,1
undetermined,1
progression,1
liquore,1
worshippest,1
warme,1
deepe,1
linnets,1
unnecessarily,1
linnets<50.5,1
unconfined,1
parody,1
goodne,1
kinne,1
vandyck,1
feare,1
orientally,1
either,1
"tear,--",1
lustihead,1
"zone,--where",1
reproachless,1
strew'd,1
adulteress,1
wakening,1
neleus,1
o'erwell,1
cairn,1
wail'd,1
spate,1
loathly,1
boune,1
kneel'd,1
fell'd,1
isles,1
wond'ring,1
dionysus,1
engraven,1
"asleep,--",1
scaine,1
cleare,1
the<49.9,1
ith,1
himselfe,1
spoake,1
cruels't,1
belov'd,1
minerallist,1
skilfulle,1
seperate,1
gaine,1
rate<36.2,1
taygetus,1
achaian,1
shriek'd,1
watch'd,1
mock'd,1
wifery,1
revell'd,1
commonalty,1
contemnes,1
thriv'd,1
faustus,1
appeareth,1
flawless,1
degraded,1
therapnae,1
alcandre,1
this:--homer,1
aegisthus,1
fears;--and,1
equall,1
sinne,1
bring't,1
inebriate----,1
kitlins,1
laik,1
watter,1
wark,1
san’t,1
mowdiwarps[3,1
theer,1
craftsman,1
puritans,1
ceas'd,1
hans,1
says:--,1
minikin<34.3,1
far'd,1
inhumanitie,1
milkie,1
curlew,1
winnlestraws[3,1
hersen,1
ripplin,1
soond,1
blackbod,1
crabs,1
ivin,1
droon’d,1
twinklin,1
doad,1
lile,1
hissen,1
shoo,1
owd,1
leet,1
streame,1
ev'nings,1
hardne,1
womans,1
bemone,1
soe,1
hisse,1
guttur,1
joye,1
mawn,1
acause,1
gether,1
bob,1
sarmon,1
agean,1
makkin,1
sweare,1
wilson,1
walke,1
finne,1
whoreson,1
unhange,1
villainous,1
93,1
aquileia,1
slothfulness,1
carved,1
playful,1
mantel,1
romping,1
provance,1
pow'rfull,1
years’-flight,1
crossbow,1
cyder,1
pedlar,1
bassoon,1
reverberance,1
turtledove,1
shudderful,1
withoutdoor,1
vapoury,1
huzza’d,1
156,1
disjoynte,1
unskilfull,1
ore'throw,1
dreame,1
gav,1
unconfin'd,1
speake,1
separated,1
ios,1
sitter,1
zeuxes,1
valianst,1
fantocine,1
dear?”—“yes,1
birds,1
"surely,—with",1
skrymer,1
huzza,1
slam,1
smiting,1
armipotents,1
chartered,1
antiphonic,1
yester,1
unswaye,1
thu,1
burg,1
evasion,1
tenor,1
hellenic,1
monition,1
commemorate,1
needfulness,1
outleant,1
bewrapt,1
roguery,1
insomuch,1
mens,1
marshall,1
mistresse,1
aphthiton,1
office.—o,1
bewilder,1
ariseth,1
jeereth,1
impoverished,1
o’erflowe,1
home!—what,1
revenger,1
gorgon,1
faintness,1
o’ertook,1
inhabits,1
cavil,1
partaker,1
doke,1
aion,1
medeis,1
l'estrange,1
trefoil,1
shamrock,1
contrition,1
sorra,1
campfire,1
countryside,1
wayfaring,1
weareth,1
esteemd,1
essex,1
althea,1
diem,1
dering,1
yule,1
knut,1
unhidden,1
unhoped,1
uncherishe,1
o'ertook,1
unperished,1
snaebiorn,1
garth,1
tuneless,1
outmost,1
exhibition,1
valmiki,1
wiseli,1
boughs,1
jape,1
boncoeur,1
electra,1
1640,1
deplorable,1
cokes,1
houses,1
brevity,1
inconsistently,1
greatest,1
stile,1
worke,1
extent,1
cithar,1
chanting,1
houri,1
ghazal,1
unoiled,1
hafbur,1
wavering,1
manfolk,1
nereides,1
firebrand,1
renascent,1
amamon,1
bladder,1
kendal,1
buckram,1
handsaw,1
jilt,1
greaser,1
brunhilde,1
potentiality,1
heartaches,1
atrocious,1
stalks--,1
talks--,1
lack--,1
maudie,1
platonic,1
thoughts,1
wigwam,1
"spray,--",1
agile,1
burgeon,1
balefire,1
sympathise,1
copious,1
outlet,1
plaudit,1
stood,1
sight--,1
men--,1
bold--,1
kiss--,1
elm,1
tiptoe,1
veil--,1
musky,1
vermilion,1
banal,1
ripened,1
unrealized,1
envenom,1
child:—a,1
crony,1
trevor,1
letters—(some,1
by--_one,1
dominating,1
indite,1
unnerve,1
arms,1
crossing,1
peto,1
robb’d,1
heyday,1
storied,1
vi,1
soot,1
flowerlike,1
guardianship,1
roy,1
soulless,1
guy,1
reunion,1
affront,1
imperiousness,1
disguisèd,1
grander,1
fragmentary,1
tumid,1
overblown,1
"chase,--",1
garlanded,1
"said,--which",1
rends,1
hedgeflower,1
"fair,--",1
"touch,--a",1
"glory,--when",1
covered,1
tra,1
carlos,1
banister,1
freed,1
clothèd,1
ammunition,1
tinctured,1
reprieve,1
powdered,1
courtezan,1
embower,1
profusion,1
maddened,1
comfit,1
"love,--but",1
fatality,1
same!--,1
circumfluence,1
multiform,1
"wold,--",1
forecast,1
chrysoprase,1
thee?--,1
credhe,1
adolescent,1
polychrome,1
sestian,1
"end,--what",1
overknown,1
"still,--long",1
them:--because,1
fullgrown,1
countenance:--,1
"combin'd,--",1
hillflower,1
sisterly,1
lodestar,1
"unseen,--",1
debut,1
prophetically,1
broidered,1
inwrought,1
desultory,1
binds,1
boorish,1
immortalise,1
unworn,1
ensure,1
reiterate,1
loseth,1
montezuma,1
unexpressive,1
epithalamium,1
importunity,1
interknit,1
larder,1
disregarded,1
seducing,1
what!--will,1
infidelity,1
venerate,1
profligate,1
sedan,1
sweets,1
sector,1
aisne,1
craonne,1
sheltered,1
estridge,1
reversion,1
swallow’d,1
stupor,1
ministerial,1
flagrant,1
admirer,1
neatness,1
salubrious,1
greenhouse,1
disgraceful,1
coeval,1
indirect,1
unmixe,1
unimpaired,1
totality,1
oneself,1
baghdad,1
rummage,1
alan,1
el,1
anchoret,1
theodora,1
ungiardo,1
disability,1
begirt,1
erroneous,1
commercial,1
disclaim,1
burgher,1
scenes,1
politer,1
imbrute,1
parsimony,1
forceful,1
adoardo,1
malaguzzo,1
inattentive,1
hostility,1
apostate,1
tyrannise,1
tasteless,1
stigmatise,1
pensioner,1
overset,1
shank,1
immure,1
valerian,1
swarth,1
picturesqueness,1
seeger,1
privily,1
conjoin,1
bemoan,1
overnight,1
overpay,1
supplemental,1
heavenward,1
lurks,1
convenience,1
impenetrable,1
sagacity,1
readiness,1
unvisite,1
pule,1
malcontent,1
unsuite,1
argia,1
vend,1
tiberius,1
o'erpasse,1
townswoman,1
unequaled,1
tegne'r,1
plaything,1
vellous,1
"this,--to",1
"read,--and",1
"touch,--",1
birthday,1
antiquated,1
beleticche,1
millet,1
"fridthjof,--",1
forgetteth,1
"stranger,--",1
clashing,1
wonders,1
unmolested,1
framness,1
jointly,1
"taken,--one",1
scarred,1
"retreats,--",1
completing,1
archbishop,1
whereso,1
costeth,1
adonio,1
immerse,1
nomade,1
lathe,1
upsprung,1
affords,1
ask'st,1
"art,--",1
"found,--",1
next--,1
fafner,1
"heart,--a",1
"wasted,--",1
"well,--",1
bv,1
"swords,--",1
rightfully,1
shre,1
nubian,1
moors,1
"best,--",1
thunderer,1
"high,--",1
vidar,1
norn,1
"them,--he",1
skoal,1
"sicily,--",1
atle,1
"churl,--",1
benacus,1
emprize,1
isaurus,1
midgard,1
hel,1
frigg,1
asthild,1
hela,1
"fruit,--",1
"yield,---",1
berserk,1
concave,1
pleadest,1
sacrifice-,1
"reigning,--",1
trees,1
testeth,1
lawlessly,1
folvo,1
croup,1
muzzle,1
adust,1
whilere,1
unchain,1
blossoms,1
warmeth,1
wine--,1
"wishes,--send",1
awestruck,1
clytie's,1
geraldine,1
perfume--,1
past--,1
vegtam,1
oder,1
candian,1
ulany,1
quaintly,1
leathery,1
dalica,1
emboss,1
unblemished,1
gades,1
charoba,1
gibraltar,1
moping,1
bardino,1
monodantes,1
argier,1
enchanter,1
exhort,1
slaver,1
obligation,1
deservedly,1
beyond.—away,1
calamitie,1
opposed,1
mazed,1
unfueled,1
unrobed,1
suffusing,1
leanest,1
addrest,1
semblably,1
advisedly,1
insurrection,1
olindro,1
sisabert,1
roderigo,1
opas,1
barefoote,1
insulting,1
pardoned,1
debasing,1
frenzied,1
impracticable,1
apathy,1
locust,1
santona,1
champions,1
faithfullest,1
alabastrine,1
lxxviii,1
barony,1
ransomless,1
pursuer,1
confute,1
parforce,1
milan,1
train'd,1
inveterately,1
credible,1
burthen'd,1
orphan'd,1
forewarn'd,1
gaiety,1
churchill,1
awoke,1
offended,1
displace,1
confest,1
castellain,1
howsoever,1
fallacious,1
dressing,1
inventive,1
unaccustom'd,1
dutie,1
tardily,1
pangful,1
acutely,1
lordliest,1
portend,1
strengthless,1
travers,1
carest,1
oppr,1
gladder,1
conf,1
expecting,1
surveyor,1
preciousness,1
disintegrity,1
increment,1
puss,1
palpable,1
pillow'd,1
preferment,1
show'd,1
jagg'd,1
vanquishing,1
walk’d,1
complice,1
forage,1
hearten,1
risque,1
desdemon,1
florentine,1
succour'd,1
noteless,1
check'd,1
initiation,1
intimacy,1
marr'd,1
dipp'd,1
counterpart,1
bestir,1
whomsoe'er,1
priesthood,1
valence,1
birthdew,1
millicent,1
fairness,1
actualise,1
bepraising,1
prudencie,1
worketh,1
proceedeth,1
pursuing,1
exalting,1
o'erstrain'd,1
appertinent,1
choked,1
losel,1
balisarda,1
beavers,1
parmesan,1
beverley,1
abbess,1
brimmer,1
sangreal,1
ganore,1
unrestful,1
unrelapse,1
contending,1
pirithous,1
third,1
famishing,1
dowager,1
clara,1
lindesay,1
displeased,1
bride’s,1
plainer,1
sitt’st,1
rae,1
talkative,1
recesses,1
streamlet,1
farther,1
squander,1
jocundo,1
encrease,1
exploit,1
doralice,1
gazolo,1
bibbiena,1
maganza,1
unturne,1
poser,1
theology,1
snawdrift,1
stormed,1
said—“i,1
badenoch,1
blithely,1
stardard,1
bright’ning,1
pilfered,1
tome,1
underogating,1
hyppolite,1
tartar,1
coachman,1
steeple,1
briggs)—or,1
emphatically,1
mivins,1
watch’d,1
johnian,1
chattenham,1
toilworn,1
lyme,1
dyke,1
lxxxii,1
shewed,1
embassadress,1
briseis,1
utt’rance,1
kindleth,1
heavenfavor’d,1
hera,1
cilla,1
damæta,1
nursemaid,1
dogsmeat,1
buffon,1
tow’rd,1
richardetto,1
intreate,1
flordespine,1
puissantest,1
impure,1
anglante,1
sheperd,1
whosoe'er,1
incautious,1
appaid,1
predestinate,1
pardon’d,1
sigh’d,1
abysmal,1
joshua,1
disbelieve,1
match’d,1
perversity,1
134,1
infinie,1
vaunting,1
flash’d,1
merged,1
haught,1
supportance,1
strong’st,1
yare,1
oweth,1
slipp’d,1
knavery,1
happier,1
increas’d,1
proportionate,1
curst,1
infinitive,1
foin,1
corebo,1
swaggering,1
maidenly,1
poins,1
fencing,1
hippalca,1
dismounting,1
surcoat,1
rabicane,1
sicken’d,1
familiarness,1
depress’d,1
unfeign’d,1
undeficient,1
blindest,1
unofficious,1
vow’d,1
flush’d,1
anacreon,1
gleam’d,1
scatt’re,1
hugg’d,1
rush’d,1
invest,1
unsceptred,1
perseverant,1
deranger,1
repulsion,1
unguarded,1
exactest,1
allow’d,1
subdual,1
etcetera,1
elbanio,1
orontea,1
truck,1
revert,1
commotion,1
indignity,1
default,1
sunlike,1
postulate,1
bramble,1
tory,1
blackstone,1
pharisee,1
respective,1
usufruct,1
swinish,1
stipend,1
cretan,1
lxiv,1
unceasing,1
bedaub,1
incompatible,1
rejoinder,1
conditional,1
doorkeeper,1
undisturb’d,1
rehears’d,1
tobias,1
koh,1
abominable,1
grot,1
displaid,1
friends!--,1
tenacious,1
clearer,1
gismond,1
sav,1
munificence,1
blitheness,1
hellenism,1
teutonic,1
galahad,1
primary,1
221,1
poll,1
death’s,1
followedst,1
downstairs,1
studies,1
requisite,1
biserta,1
sansonnet,1
armenian,1
impale,1
atonement,1
lurcanio,1
lifelike,1
orr,1
simultaneously,1
upstarte,1
giordano,1
luca,1
marignan,1
contortion,1
tenet,1
scallop,1
perille,1
ropy,1
petticoate,1
verstigan,1
burrs,1
scaith,1
adduce,1
o'erthrow,1
martano,1
likeliest,1
diseased,1
mouldy,1
creon,1
supplicate,1
swordless,1
orson,1
cotnar,1
ploughshare,1
courtyard,1
gor,1
--very,1
450,1
weaning,1
380,1
log--,1
agrippa,1
backsword,1
necessitie,1
norandine,1
pest,1
importment,1
phœnix,1
unshunnable,1
sees,1
whereinto,1
margano,1
africa,1
uncloye,1
tractarian,1
keble,1
collope,1
greenness,1
rekindle,1
bisque,1
ducal,1
subdued--,1
sumpter,1
quainter,1
canopus,1
whitherward,1
solar,1
bards,1
keepeth,1
esau,1
avengers,1
chastening,1
beholding,1
seared,1
thankless,1
sacrificial,1
firstfruit,1
flavina,1
had’st,1
hastes,1
serener,1
raptured,1
mouldering,1
paraclete,1
profaned,1
bonus,1
might’st,1
hermitage,1
demolish,1
thickening,1
unwieldy,1
calvary,1
retake,1
piecemeal,1
genealogy,1
almontes,1
tremisene,1
noritia,1
corineus,1
setta,1
correctly,1
learnèd,1
untired,1
charmer,1
sinai,1
natal,1
emmaus,1
misspent,1
brethren,1
where’er,1
unbelievably,1
seamless,1
hackney,1
typewriter,1
clink,1
mind--,1
off--,1
arbitrariness,1
lichtenstein,1
cabaret,1
wayfare,1
forestall,1
espie,1
overween,1
tutor’d,1
maintain’d,1
saragossa,1
ravenna,1
graced,1
squall,1
swaddle,1
"wednesday,--ye",1
thursday--,1
stable--,1
hobo,1
suffering--,1
rubble,1
ladybug,1
pigtail,1
savior,1
bluff--,1
evaporate,1
phrygian,1
chrystal,1
lxii,1
rulers,1
ungrudge,1
mightest,1
larkspur,1
maying,1
monday,1
musn't,1
baste,1
jell--,1
dorilon,1
tingitane,1
arganio,1
marmonda,1
ascending,1
resentful,1
degas,1
camphor,1
well!--,1
resist--,1
mouthing,1
jellied,1
succulent,1
indecency,1
canyon,1
ghoul,1
bristly,1
astounded,1
unwished,1
instill,1
zealand,1
hispanic,1
shingle,1
vietnam,1
vietnamese,1
immodesty,1
vacuous,1
bends,1
skinned,1
tottering,1
jumble,1
wonderment,1
render’d,1
unwitted,1
hollander,1
ho!—are,1
recalling,1
anoint,1
mormon,1
redwood,1
skyscraper,1
housed,1
rotate,1
snuggle,1
lollipop,1
dodge,1
ronnie,1
mattress--,1
adobe,1
tenner,1
aglet,1
uncultivated,1
incurious,1
subserviency,1
servitude,1
sos,1
ozark,1
motif,1
permed,1
pubic,1
secretary,1
houston,1
lumber--,1
smashed,1
gutter,1
conquering,1
hillbilly,1
ex,1
venge,1
alcina,1
lxxi,1
narration,1
descrie,1
atlantes,1
xiv,1
robing,1
infinitude,1
uprooted,1
shard,1
unforgetting,1
thanks--,1
fallopius,1
indistinguishable,1
interstellar,1
bragging,1
cophetua,1
lapt,1
dalinda,1
argolis,1
wings--,1
unfulfilment,1
madeira,1
unblown,1
tomb--,1
presumption,1
monuments--,1
thee!--of,1
sought'st,1
friesland,1
unfelt,1
enchantress,1
freshly,1
"parables,--",1
athirst,1
baffled,1
curving,1
width,1
"place,--",1
reset,1
"things,--",1
poultry,1
connote,1
wounding,1
leash’d,1
advancement,1
gormandizing,1
vestige,1
magistrate,1
impound,1
"dream,--or",1
ungrudgingly,1
lido,1
acrobat,1
stunned,1
anda,1
"stay,""--the",1
polinesso,1
molest,1
hase,1
comply,1
emrpize,1
behead,1
geraldo,1
"duty,--that",1
lurketh,1
forbore,1
reave,1
unattempte,1
eventually,1
bradamante,1
accrue,1
furtherance,1
maro,1
spaniard,1
interpose,1
replied,1
dishearten,1
bestrode,1
tod,1
twined,1
consent.—are,1
prune,1
brawler,1
lancelot”—while,1
hillsnow,1
paramount,1
were—(what,1
merriest,1
ranaldo,1
remorsefully,1
excalibur,1
dense,1
howbeit,1
gammon,1
"both,--",1
chrysalis,1
"ears,--all",1
roping,1
o’erblow,1
grail,1
camelot,1
wellnigh,1
ambrosius,1
wifeless,1
isolt,1
hornet,1
spurge,1
awaking,1
"it,—if",1
lenity,1
unbitted,1
affin’d,1
chiack,1
chantin,1
cop,1
honist,1
squiz,1
breave,1
benno,1
astolat,1
untaken,1
versatility,1
shorecliff,1
lavaine,1
clave,1
glittering,1
allwiz,1
per?,1
celeschil,1
dror,1
flown,1
auguring,1
menecrate,1
else.—met’st,1
burgonet,1
phonergraft,1
percivale,1
sagramore,1
observingly,1
crush’d,1
kern,1
molestation,1
orf,1
quarril,1
symperthy,1
book--,1
dilly,1
wivout,1
that!,1
earty,1
mighter,1
tork,1
yappin,1
derry,1
'cos,1
kneed,1
carst,1
fluffy,1
disparity,1
prim’st,1
mystery!—i,1
maculate,1
compell’d,1
prave,1
bonzer,1
man--,1
w'ich,1
willer,1
somethink,1
ouse'old,1
jooty,1
anythink,1
leaky,1
moistcher,1
flamin,1
ell,1
blossomin,1
spoutin,1
grit,1
fergive,1
hinvaleed,1
useter,1
crawlin,1
frum,1
moonin,1
liz,1
gawky,1
certainer,1
sorrow.—arm,1
arbitrament,1
gauntness,1
brainless,1
defileth,1
pellam,1
overprize,1
better!—but,1
gladli,1
ironically)--literally,1
lumme,1
chance)--a,1
blob,1
acrost,1
sprint,1
thort,1
nuffin,1
ang,1
slash,1
carv’d,1
farthingale,1
cullion,1
unconstant,1
hurly,1
disfavour,1
shoaling,1
earldom,1
growling,1
apology,1
transfixt,1
larger,1
pupilage,1
increasing,1
reiterated,1
centipedes)—that,1
could’st,1
beadlehood,1
parroquet,1
withdrew,1
housemaid,1
grinding,1
collarless,1
bronzed,1
licensed,1
104,1
74,1
outstrip,1
tissue,1
peck,1
statelily,1
guinevere,1
knave!—belike,1
scatter’d,1
candlestick,1
linkt,1
reduced,1
excursus,1
weller,1
grinder,1
jemmy,1
boggle,1
dock,1
furlable,1
carol—(o,1
twasn’t,1
it”—i,1
technic,1
handling,1
bunco,1
murphy,1
dub,1
plug,1
tack,1
headpiece,1
didactic,1
synonym,1
fletcher,1
alchemist,1
odium,1
picter,1
sixpenny,1
slur,1
foughten,1
cercolas,1
trespass,1
last.—how,1
fellow’st,1
me:—yet,1
251,1
178,1
59,1
schopenhauer,1
forlornly,1
barbarizing,1
ominously,1
graduated,1
reviewer,1
stereotyped,1
yarrow,1
pleach’d,1
cutpurse,1
summertide,1
inhibited,1
largened,1
garreteer,1
cove,1
musline,1
surrounder,1
thencewise,1
chattel,1
gareth,1
fronted,1
modre,1
shrunk,1
likelihood,1
porn,1
engulf,1
somber,1
"you!""--",1
overcrowded,1
etty,1
outworn,1
meretricious,1
roomage,1
newcomer,1
feinting,1
mocker,1
chit,1
twinn’d,1
faggot,1
invasion,1
moiety,1
constantinople,1
horned,1
priapus,1
polyphemus,1
bassarids,1
ύδάτινα,1
æschines,1
amaryllis,1
battus,1
theocritean,1
callicles,1
groat,1
turkey,1
them;—and,1
simichidas,1
alcippe,1
wort,1
crocylus,1
lycon,1
grasshopper,1
polydeuces,1
dank,1
reck,1
thestylis,1
delphis,1
thyrsis,1
bees’-wax,1
cheshire,1
it?--her,1
impulsively,1
"savages,—as",1
alder,1
neponset,1
dead!--,1
not?--the,1
aerial,1
madonnas,1
corday,1
"whole,—a",1
"i,—you",1
larissa,1
midea,1
nisaean,1
myrmidons,1
toothless,1
myrto,1
pantingly,1
"why""--a",1
sumfin,1
orchomenos,1
ionian,1
lycian,1
argive,1
lawfully,1
bellerophon,1
weariful,1
phrygia,1
zopyrion,1
dinon,1
arsinoë,1
syracusan,1
soundly,1
mouth’d,1
stuff’d,1
ditcher,1
amphitryon,1
buttocker,1
vivacity,1
assuagement,1
vainglorious,1
parsley,1
anacreontic,1
"unborn,—excellence",1
ptolemy,1
skille,1
enrank,1
cranmer,1
caryl,1
idyl,1
"it,—sweet",1
inhospitable,1
elis,1
"story,—the",1
persephone,1
preternaturally,1
"them,—whom",1
"breathless,—and",1
keer,1
lettle,1
fortin,1
patrick,1
loppy,1
obsequiously,1
droop’d,1
blemish,1
maliciously,1
rear’d,1
coddling,1
"duty,—that",1
c.b.—a,1
shortening,1
δ,1
aeschines,1
brehon,1
νιν,1
fritzsche,1
scorner,1
lyde,1
paros,1
telephassa,1
sophism,1
famishe,1
epidemic,1
630,1
winding,1
speed.—‘vision,1
precipitating,1
relentlessly,1
inspired,1
depicture,1
87,1
425,1
bold’st,1
pinch’d,1
urgent,1
experienc’d,1
burnin,1
reignier,1
orleans,1
talbot,1
eltham,1
rug,1
ventur,1
835,1
700,1
645,1
460,1
tumultuously,1
"them,—thou",1
waterfalls,1
disapprobation,1
perfectibility,1
1725,1
vacant—’twa,1
kept:—a,1
1600,1
congregate:—in,1
spirit’s)—‘thou,1
murderers,1
1330,1
laon,1
995,1
her:—‘cythna,1
victims,1
kindled,1
mankind:—all,1
hampden,1
gubtil,1
foamy,1
shedd’st,1
2235,1
dwellers;—man,1
2220,1
reply;—why,1
2085,1
while;—the,1
bread!’—it,1
charnel,1
unregarded,1
abandonment!—she,1
scenery,1
evil:—the,1
"weep,—your",1
"pale,—ye",1
breastplate,1
babouscka,1
dixie,1
whelp,1
hannibal,1
food!—thu,1
hupaithric,1
2925,1
pausing,1
2795,1
2680,1
2625,1
swalloweth,1
2570,1
us;—and,1
surrounded,1
3700,1
stagnate,1
subterranean,1
3490,1
thought;—but,1
fiendly,1
3335,1
3330,1
ocean:—well,1
3325,1
3145,1
crotona;—and,1
"frame,—so",1
advent,1
shedd,1
tokens,1
"too--""if",1
haphazard,1
bicycle,1
owen,1
somerset,1
razeth,1
concealing,1
4195,1
loathliest,1
3925,1
hyaena,1
3915,1
unbetraye,1
expiation,1
called:—they,1
obediently,1
desk,1
persia,1
unharmed,1
hand:—‘dost,1
"found,—he",1
unreplenished,1
sparkled,1
"night,—beneath",1
beloved!”—then,1
refluence,1
4505,1
reposing,1
driven,1
paler,1
4295,1
o’ercharge,1
900,1
740,1
725,1
675,1
670,1
620,1
480,1
houseless,1
420,1
"food,—even",1
"still,—thou",1
should’st,1
beleaguered,1
topsy,1
weep--,1
reg'lar,1
preferreth,1
nephew,1
preceptial,1
sieve,1
unrelente,1
overlive,1
ebbed,1
"then,—if",1
210,1
"not,—till",1
maddalo,1
1315,1
1285,1
1255,1
chrysolite,1
970,1
leonte,1
condemn’d,1
churchman,1
misdeed,1
torturer,1
aeschylus,1
abhorrence,1
modify,1
323,1
179,1
570,1
"venice,—for",1
unconnected,1
misanthropy,1
pitcairn,1
hosmer,1
lexington,1
atalanta,1
vachel,1
program,1
tame--,1
mutability,1
hastening,1
celt,1
legioned,1
steamed,1
785,1
710,1
waken’dst,1
490,1
wishing,1
met’st,1
coronation,1
batter’d,1
untrimmed,1
annihilation,1
270,1
o’erwearie,1
starbeam,1
passionless?—no,1
sceptreless,1
unreclaime,1
nepenthe,1
outspent,1
nutriment,1
inkhorn,1
acton,1
staid,1
voodoo,1
papyrus,1
whisky,1
prosy,1
speak.—why,1
165,1
justiciary,1
salamanca,1
"do,—i",1
execrable,1
"count,—you",1
interpenetrate,1
antipathy,1
aggravate,1
potatoes,1
brainsick,1
gratefulness,1
unchangeably,1
farce,1
marzio,1
cenci,1
orsino,1
she!—once,1
unravelled,1
resilient,1
powhatan,1
institute,1
threatens,1
tunneling,1
prize--,1
skullduggery,1
printer,1
mewing,1
"ocean,—and",1
predevote,1
"else,—just",1
examiner,1
248,1
sphereless,1
loosening,1
bishops,1
sidmouth,1
tormentor,1
brooding,1
rigor,1
suborn’d,1
"you,--oh",1
mourn--,1
undulates,1
moralist,1
ears;—no,1
735,1
715,1
665,1
655,1
one.—let,1
shades,1
unsexual,1
reflecting,1
bookseller,1
415,1
palm;—’twixt,1
stagnant,1
295,1
deeply--,1
nightfall,1
impress'd,1
showre,1
liv'd,1
watry,1
445,1
inhaling,1
cinnamon,1
chrysali,1
bos,1
140,1
"virtues,—though",1
recollect,1
world;—while,1
ocean;—and,1
indue,1
wingless,1
pigs,1
deformity,1
human!—let,1
orthodoxy,1
pontic,1
queen!—and,1
315,1
swellfoot,1
275,1
scarabee,1
pointless,1
swells,1
panacea,1
music--,1
matted,1
hear!—the,1
shipping,1
link’d,1
companionless,1
unimprisoned,1
pageantry,1
anadem,1
keats,1
agathon,1
hermaphrodite,1
you!—listen,1
vita,1
575,1
"light,—all",1
now:—i,1
mopsa,1
sward,1
piedness,1
signet,1
195,1
seraglio,1
reappeareth,1
"repulsed,—but",1
burneth,1
1821,1
love]true,1
miscall,1
nothings.—we,1
pursued,1
boys--,1
disinvest,1
equinoctial,1
man;—’tis,1
magnolia,1
edify,1
comprehension,1
1050,1
islamite,1
590,1
stamboul,1
other.—there,1
unquenchable,1
345,1
rescued,1
agèd,1
h.—i,1
---—i,1
autolycus,1
detestable,1
wronger,1
verify,1
charg’d,1
how!--,1
gala,1
bedevil,1
pixie--,1
amplest,1
shipmoney,1
scot,1
despot’s.—we,1
vulnerable,1
invisibly,1
babylonian,1
crape,1
thunderproof,1
56-_58,1
wrest,1
prelate,1
liker,1
archy,1
gonzalo,1
commonwealth,1
360,1
impost,1
canaan,1
ow’st,1
hotter,1
jollity,1
prank’d,1
complicity,1
incommunicably,1
braid,1
granny,1
unlinke,1
"gloom,—why",1
uncomplaine,1
unreserve,1
unbeloved,1
uniteth,1
feel’st,1
497,1
lept,1
’—then,1
disarray,1
agonizing,1
clay--,1
son!—and,1
stol’st,1
rehearsal,1
nevilles,1
climb!--,1
mine;--,1
unearthly;—so,1
omniscient,1
overgrown,1
obelisk,1
leaflet,1
pompeius,1
fulvia,1
sicyon,1
sapless,1
jester,1
mists--,1
scientist,1
turf,1
wraps,1
aethereal,1
rancour,1
harvard,1
inclement,1
unawakene,1
etruria,1
clouds:—or,1
signor,1
circling,1
every-,1
shibboleth,1
rase,1
aereal,1
hateless,1
wanderest,1
unextinct,1
ollier,1
1830,1
bacchanals,1
centipede,1
upcurle,1
deluge,1
rejoiced,1
tuberose,1
gibber,1
ancestral,1
forebear,1
hawking,1
prevaileth,1
election,1
dandle,1
distillation,1
1847,1
herbless,1
63,1
not:—if,1
"love,—we",1
fear]a,1
anarchy,1
untainte,1
portress,1
embleme,1
palsied,1
saturnian,1
onchestus,1
tamarisk,1
rushed,1
out—‘a,1
"ears,—all",1
mosaic,1
extinguishe,1
ever]of,1
enamoured,1
s—‘s,1
25-_32,1
retiring,1
understood--,1
"slain,--",1
drab,1
oversate,1
475,1
this.—[shelley,1
uncompanionable,1
me:—‘thou,1
305,1
silenus,1
destroying,1
cave.—about,1
764,1
673,1
them:—any,1
625,1
540,1
heifers.—herme,1
405,1
broomstick,1
faust,1
"past,—for",1
transcr,1
impugn,1
"learning,—they",1
revise,1
hated.—ye,1
685,1
paean,1
better.—i,1
bromian,1
600,1
it;—you,1
drink;—here,1
shin,1
condign,1
fraudful,1
unsounde,1
stanley,1
instigation,1
unaware--,1
abjectness,1
"law,—she",1
imbecility,1
peeps,1
260,1
soonest,1
355,1
300,1
treatise,1
mephistopheles,1
froze,1
unvarye,1
sublunary,1
balancing,1
despicable,1
venal,1
elevated,1
himself;—he,1
unshared,1
unsubduable,1
words:—well,1
fulfilleth,1
galaxy,1
returned--,1
loser,1
complot,1
"music,--",1
feel--,1
palatial,1
furlough,1
go(d,1
rafter,1
concerneth,1
crupper,1
mose,1
glander,1
pedascule,1
tranio,1
answerable,1
unchecke,1
unblushing,1
melodize,1
shook,1
kilte,1
beribboned,1
despotism,1
irksome,1
disunion,1
illegal,1
speculator,1
phuei,1
ta,1
phulla,1
ray’d,1
brain’d,1
faultiness,1
dreamily,1
"glory,--",1
judgest,1
albion,1
mindeth,1
les,1
legislateurs,1
produite,1
cette,1
prototype,1
las,1
dans,1
seule,1
une,1
physique,1
unintellectual,1
devotedness,1
demented,1
peden,1
wearie,1
overcharged,1
supereminence,1
corruptor,1
exacerbated,1
hottentot,1
summarily,1
foreknow,1
lies;—none,1
pillory,1
fait,1
si,1
improvident,1
byway,1
versicle,1
stevenson,1
handicraftsman,1
"placed,—no",1
t’other,1
apo,1
proton,1
ekeinois,1
ouden,1
woollen,1
continued,1
bloodshot,1
carnivorous,1
frugivorous,1
grez,1
dingy,1
upturning,1
effulgent,1
unbend,1
soberer,1
latest,1
wrote,1
unsullie,1
adolphus,1
wending,1
winged]hope,1
enthusiast,1
discernment,1
straucht,1
103,1
91,1
89,1
83,1
grac’d,1
polixene,1
satyrs,1
tully,1
sylla,1
173,1
241,1
232,1
woodberry,1
8),1
27,1
calm.—with,1
locock,1
editio,1
elements,1
harriet,1
florin,1
"trains,--that",1
collusion,1
breasted,1
waveless,1
ahi,1
sayest,1
"not,--your",1
738,1
638,1
tiktei,1
pleiona,1
meta,1
68,1
"still,—but",1
conjur’d,1
filthily,1
unsightly,1
disporting,1
thirteenth,1
mar--,1
faintly--,1
been--,1
"underways,--",1
assentiveness,1
unhewn,1
subservient,1
screw;--,1
spendeth,1
firoza,1
cartman,1
"age,--to",1
warnin,1
wamble,1
cuddy,1
thrawn,1
hopefü,1
thir,1
clamjamfrie,1
parnassus,1
convoy,1
thou!--whose,1
spaniards,1
harold,1
andalusia,1
retrieve,1
spoiler,1
orison,1
stream?--that,1
outlaws,1
pettiest,1
footstool,1
bruited,1
compute,1
chaldean,1
sag,1
skulk,1
pleasaunce,1
ali,1
hotli,1
gled,1
üse,1
shüne,1
leevin,1
killin,1
shüre,1
mandareen,1
cheapside,1
cade,1
claret,1
croce,1
scipio,1
tales,1
connoisseurship,1
lauwine,1
"prone,--",1
research,1
beauty;--'twould,1
"empires,--'tis",1
"love,--i",1
love’—‘i,1
trend,1
authorise,1
86,1
84,1
yet?--i,1
unmantled,1
pantheon!--pride,1
"things,--this",1
raves--'tis,1
italy--,1
inmate,1
metella,1
hid?--a,1
forjaskit,1
unceevil,1
knock!--he,1
friend's.--in,1
prouder,1
more;--the,1
kalico,1
lili,1
kame,1
stanford,1
ethel,1
pali,1
"it,—for",1
rhythmic,1
plea,1
lilith,1
impotence,1
bespoke,1
blate,1
ingle,1
soopit,1
kittle,1
orra,1
sindry,1
possessions,1
affix,1
t'enlarge,1
pilfer'd,1
obey'd,1
eustace!--yet,1
greyling,1
bought,1
watch!--for,1
weep!--he,1
honk,1
esthetic,1
cuckoldom,1
t'other,1
rustick,1
pow'rs,1
bepowdere,1
conventual,1
off'ring,1
teaze,1
impropriety,1
supinely,1
pain'd,1
perish'd,1
hatre,1
noddin,1
outlandish,1
pallet,1
leftward,1
flooding,1
m.—a,1
diphthong,1
spaghetti,1
wellman,1
jelly,1
yap,1
rah,1
boat--,1
bizness,1
foxy,1
vesuvius,1
matrimony,1
redound,1
mousie,1
jabber,1
stub,1
gorglorious,1
tailors,1
eggs,1
rubric,1
panatella,1
alcoholic,1
borneo,1
crusade,1
repartee,1
fluff,1
pay--,1
underprop,1
shaped,1
joyousness,1
weariest,1
jingle,1
thermopylae,1
"years,--the",1
ripples,1
profounder,1
satellite,1
naishapur,1
lecturer,1
frequenter,1
squamiest,1
devotee,1
raleigh,1
telamonius,1
clio,1
leuconoe,1
hadria,1
adequate,1
transplant,1
technically,1
adhere,1
incommunicable,1
undersea,1
eucharist,1
spre,1
"hand,--this",1
corridor,1
vexing,1
hers--,1
bells,1
franciscan,1
asian,1
welshmen,1
mildness,1
galesus,1
thessaly,1
heap'd,1
"leave,--and",1
toper,1
pimplea,1
quintilius,1
silvan,1
lucretilis,1
untrouble,1
shines,1
quirinus,1
clamorous,1
rhoda,1
telephus,1
uneven,1
delver,1
nothus,1
thyiad,1
marsian,1
unwe,1
favonian,1
pillar'd,1
philippi,1
revenged,1
environ,1
senate,1
fancies--,1
vizard,1
amazonian,1
demean,1
dwarfish,1
substitute--,1
quo,1
orelli,1
femini,1
decerptam,1
scyth,1
cinara,1
atrides,1
tuner,1
tityos,1
matine,1
delphic,1
maccoll,1
laugheth,1
stanza,1
sagace,1
curae,1
molem,1
nostro,1
aula,1
treceno,1
skilly,1
becomingly,1
crapulous,1
gouge,1
mimosa,1
ayah_—and,1
younker,1
queenlike,1
shoreless,1
o'erlooke,1
rest--,1
fly--,1
indyan,1
last--,1
"softly--""i",1
850,1
newfoundland,1
callet,1
jot,1
aito,1
it.—“within,1
hiopa,1
chafed,1
isis,1
"hours,--all",1
dyin,1
questioner,1
territorial,1
dusting,1
andrews,1
dashing,1
lining,1
priestly,1
námunu,1
dissever,1
declaim,1
honoura,1
acacias,1
bois,1
thinkst,1
expectant,1
richmond,1
incage,1
leprosy,1
philistia,1
squamish,1
columns,1
geishas,1
inlay,1
cargoe,1
vibretto,1
long--,1
spell--,1
bed--,1
again--,1
wirgin,1
ovoid,1
undertaker,1
lettuce,1
"rear.--""don't",1
vell,1
anticipated,1
"vinking,--and",1
veather,1
babby,1
helvellyn,1
disprove,1
imaging,1
sifting,1
barmaid,1
accords,1
hazy,1
ursula,1
invaluable,1
probsthain,1
tapestry,1
ch`ing,1
tideless,1
asthmatic,1
vun,1
intoxicated,1
prevalence,1
hinfant,1
blubberin,1
werry;--ain't,1
politics--,1
fine!--but,1
consummate,1
uncompanioned,1
intermingle,1
finnabar,1
maev,1
chess,1
tunic,1
literal,1
haspen,1
vax,1
norrid,1
halves--'cept,1
reluctantly,1
vot,1
walley,1
tithing,1
unconsidered,1
museum,1
subdu’d,1
verbal,1
horns,1
straying,1
abair,1
aig,1
findruine,1
eriu,1
abodement,1
crier,1
shaven,1
bel,1
vagrom,1
desartless,1
narrator,1
l.u.,1
amass,1
deda,1
oonlama[fn#83,1
irische,1
bricriu,1
mackinnon,1
mani,1
mani[fn#62,1
shouldest,1
hands.[fn#56,1
ridest,1
yen,1
troubadour,1
installation,1
zither,1
dissociate,1
unstaine,1
taoist,1
dhammapada,1
renewing,1
entrap,1
soastaide,1
vol,1
suited,1
uidhri,1
lecan,1
red[fn#118,1
cuchulain?--too,1
tain,1
domnan,1
skylit,1
apart-,1
agued,1
maye,1
mintage,1
sa,1
dilecad,1
trom,1
duib,1
o'reilly,1
gloss,1
sluaig,1
foresaid,1
norfolk,1
kinsmen,1
drifting,1
unmannerly,1
ent’re,1
chamberlain,1
112,1
congruous,1
reflected,1
52,1
42,1
risky,1
assyrian,1
.we?ll,1
exhaust,1
exorbitant,1
necktie,1
lipt,1
manful,1
o’ertoppe,1
bedfellow,1
marigold,1
sneape,1
infamy;—no,1
no!—in,1
buonaparte,1
pigment,1
palette,1
lawnward,1
commonize,1
edens,1
buddhist,1
maya,1
144,1
inkle,1
hosse,1
likeli,1
bludso,1
phinns,1
permiscus,1
gravel,1
"fire,--",1
keerless,1
dunois,1
disembodied,1
tenier,1
109,1
172,1
98,1
92,1
haven't,1
reck’ne,1
unconstrained,1
harmful,1
diplomate,1
evade,1
inexorably,1
yesternight,1
"shine,--",1
jeered,1
"know,--that",1
"roses,--one",1
holds,1
feet--,1
amazon,1
"tried,--",1
shorthose,1
incidental,1
pholoe--,1
tecmessa,1
elmira,1
proculeius,1
booze,1
indolent,1
"goat,--",1
souls--,1
unregarde,1
"me,--that",1
mortify,1
"spared,--",1
abolish,1
unresisted,1
engirt,1
orchid,1
grandpa,1
soof,1
cuss,1
shirker,1
tribe--,1
lacy,1
driest,1
night--,1
iceman,1
villager,1
sorrow--,1
sweet--,1
catullus,1
suicide--,1
soprano,1
diff'runt,1
seri-,1
bruce,1
codex,1
poe,1
eddie,1
defoe,1
l.,1
dope,1
skid,1
jesterman,1
floor--,1
auncient,1
yt,1
holler,1
curio,1
emphasize,1
"facts,--knows",1
concept,1
indictment,1
chop,1
paulhan,1
symmetric,1
bartlett,1
dandy,1
loud--,1
sink--,1
ously,1
legitimate,1
debating,1
shortage,1
nugget,1
clergy,1
condor,1
cringing,1
incubus,1
gilded,1
fecund,1
debs,1
betterment,1
inventory,1
admittin,1
flickered,1
instantaneous,1
glamor,1
riley,1
lousy,1
lapwing,1
faulconbridge,1
unnoticed,1
leon,1
sophistry,1
laugh'd,1
bastinado,1
griffith,1
lef,1
preciate,1
trouser,1
undecayed,1
attemper,1
"all,—hath",1
"man,—as",1
outrageous,1
straggle,1
prodigiously,1
well.—young,1
volquessen,1
descant,1
chider,1
florentius,1
annoy’d,1
smoothing,1
bedashe,1
venome,1
brakenbury,1
unstained,1
basilisco,1
handiwork,1
absey,1
picked,1
disagree,1
desir’d,1
gentry,1
artificer,1
unwash’d,1
sprightful,1
boisterous,1
assassin,1
rea,1
mc,1
spoil’d,1
gaud,1
spark--,1
siller,1
mutine,1
infortunate,1
eric,1
compost,1
vaudeville,1
corral,1
medder,1
stool,1
lavache,1
jameson,1
indulgently,1
disc,1
tributary,1
squash,1
slump,1
amazin,1
painted,1
verve,1
he'll,1
idealistic,1
"sleeping""--that",1
vaster,1
"voice--""a",1
triangular,1
cablegram,1
grenfel,1
antagonize,1
surveillance,1
prais’d,1
cox,1
bated,1
pandulph,1
amazons,1
visag’d,1
spook,1
floe,1
wickiup,1
barb,1
ingraft,1
cautelous,1
phantasma,1
alchemy,1
adjust,1
wrecker,1
swipe,1
rooinek,1
cheque,1
politically,1
guerrilla,1
cuthbert,1
unfirm,1
grab,1
hag,1
trebonius,1
unwholesome,1
marmalade,1
snipe,1
unschooled,1
comptroller,1
"tightened--""while",1
hesitatingly,1
patagonian,1
blantyre,1
subaltern,1
singin,1
kicking,1
israelite,1
fleming,1
animation,1
atrophy,1
brilliantly,1
onlooker,1
ablest,1
kensington,1
trencher,1
contents,1
empoison,1
artemidorus,1
decius,1
liable,1
calphurnia,1
cinna,1
lauder,1
bump,1
mastership,1
same-,1
traveler,1
resteth,1
remenant,1
schulde,1
londis,1
uppon,1
unroot,1
requital,1
cozen,1
coarsen,1
wilberforce,1
map,1
wikke,1
hierin,1
schuldyn,1
3000,1
belongith,1
justefie,1
woebegone,1
spasmodic,1
surrounding,1
washer,1
vleifontein,1
maudlin,1
clumsily,1
interior,1
threaten’d,1
exorcist,1
crazed,1
subconsciously,1
banqueting,1
landrassy,1
foreordained,1
moravia,1
deepening,1
possessed,1
breadwinner,1
unmeritable,1
unluckily,1
amaz’d,1
senators,1
mechil,1
sikernesse,1
sechin,1
knyht,1
hydeth,1
2600,1
desport,1
gultele,1
deyanire,1
document,1
tempus,1
rankle,1
czar,1
franz,1
kaiser,1
tension,1
celebrity,1
artifice,1
rumbling,1
reassuring,1
complicate,1
glencader,1
morphia,1
blotter,1
corrosive,1
partnership,1
indiscreet,1
unresonable,1
rele,1
sieche,1
bynde,1
sampson,1
appeleth,1
souneth,1
bespradde,1
housewife,1
international,1
piccadilly,1
recklessness,1
trustee,1
who--,1
bouleversement,1
playbody,1
mackerel,1
loison,1
oom,1
excoriate,1
rhinoceros,1
expec,1
sobieski,1
quaggas,1
entendance,1
locke,1
lustes,1
2400,1
diemeth,1
acordant,1
retenue,1
parforne,1
wrastlede,1
ayer,1
fulfilt,1
joey,1
4.7,1
renegade,1
inspect,1
twisting,1
cony,1
intoxicate,1
attar,1
trench,1
boer,1
comic,1
concentrate,1
inescapable,1
flay,1
unforgettable,1
pipkin,1
fightin,1
roosian,1
papillion,1
bendigo,1
youthe,1
pentapolim,1
wommannysshe,1
joie,1
vois,1
1850,1
signefie,1
madd,1
jeremiah,1
"miriam,--or",1
"allah,--i",1
illnesse,1
unattainable,1
hetmeyer,1
thamesfontein,1
blagdon,1
cossack,1
accordingly,1
begrimed,1
mealie,1
inform’d,1
soldiership,1
pasty,1
alfalfa,1
zimmin,1
goozer,1
therby,1
merveileth,1
thende,1
thurghsoght,1
2030,1
unkindely,1
myhten,1
surmonteth,1
withalle,1
hierafterward,1
mette,1
losten,1
thretty,1
ha'sh,1
death-,1
frigid,1
entrench,1
gryce'd,1
frantically,1
angrier,1
jacket,1
aise,1
unbroke,1
thorne,1
curate,1
duffer,1
pipe--,1
fones,1
"parallel,--but",1
fiftieth,1
commandant,1
amonte,1
strangulio,1
thaïsis,1
bordel,1
veines,1
werne,1
840,1
pourveie,1
5400,1
5370,1
asmod,1
tempte,1
besecheth,1
assoted,1
couden,1
haythen,1
half-,1
infernally,1
toreador,1
suspension,1
sulky,1
icily,1
morbid,1
occult,1
me-,1
inspector,1
eatin,1
"back,--the",1
"papers--""what",1
sayin,1
reas'nable,1
euchre,1
mariage,1
withseie,1
welthe,1
manyon,1
mistime,1
aday,1
encre,1
throghe,1
melled,1
wommanly,1
groundle,1
chambre,1
wrieche,1
fleisshe,1
wrongful,1
ynouh,1
mantell,1
"girl,--an",1
plus,1
tobogan,1
flowin,1
unctuous,1
badgley,1
ezra,1
funnel,1
"beautiful,--she",1
"solitary,--a",1
hilarity,1
hester,1
multiplie,1
exorcise,1
hooded,1
rise'--it,1
seniority,1
rihtwisnesse,1
conforteth,1
adresce,1
cacche,1
wiht,1
tirannie,1
mislede,1
hemself,1
streite,1
coveite,1
bewhapeth,1
fleisshly,1
thenkst,1
everemo,1
enspire,1
bien,1
outwash,1
beyand,1
factor--,1
overture,1
c.;---pierre,1
unbreakable,1
3610,1
wimple,1
propitiate,1
insufficient,1
geese,1
fan-,1
avil,1
sham,1
wendle,1
glacier,1
sori,1
worthinesse,1
disconfit,1
fleysshly,1
suieth,1
ligge,1
naturalness,1
things--,1
loafer,1
refugee,1
"loved,--he",1
corraine,1
tarlton,1
freddy,1
ditto--,1
fawn’d,1
check’d,1
brav’d,1
pella,1
luciliu,1
spille,1
3690,1
livende,1
reddour,1
crualte,1
3070,1
sonde,1
subjeccion,1
proclame,1
maximin,1
2740,1
liv’st,1
bespake,1
hallowmas,1
conceiv’d,1
wrapp’d,1
smelting,1
trip-,1
carvin,1
steppin,1
more'--,1
useless--,1
whativer,1
chink,1
broin,1
wonta,1
senseles,1
showin,1
outstanding,1
marques,1
fledd,1
destruie,1
savinge,1
putten,1
slouthe,1
broghten,1
aros,1
2390,1
thiself,1
thessamplerie,1
conforte,1
ynou,1
manhede,1
drouh,1
parfaite,1
unseat,1
eastward,1
rex,1
trevoor,1
chick,1
bamber,1
finley,1
"name,--""i",1
uncork,1
"heart,--he",1
magor,1
"sorrow--""my",1
bagot,1
barbond,1
lucette,1
dominique,1
eye--,1
"come""--he",1
flaterie,1
smot,1
achieveth,1
wommanhede,1
behelde,1
unwelde,1
delivere,1
pouer,1
beheste,1
unsittende,1
justifie,1
scole,1
necessaire,1
fyles,1
konto,1
mitawawa,1
"coverlet,--""for",1
unreasonable,1
riches?--it,1
escapade,1
"service,--he",1
sainte,1
it?--the,1
babiche,1
insupportable,1
biting,1
unstayed,1
indescribable,1
brickney,1
allusive,1
gyng,1
laforce,1
lucille,1
soffre,1
waiten,1
astronomiens,1
scorpio,1
heihte,1
saveine,1
1350,1
fifte,1
1340,1
piscis,1
chaiere,1
satornes,1
aquarius,1
pourcette,1
tould,1
hintedst,1
caroline,1
wudst,1
skile,1
haleth,1
flod,1
liven,1
enginous,1
rossillon,1
gridiron,1
smouldering,1
flexible,1
shadowed,1
spring--,1
dollars!--you,1
whiskey,1
knowleching,1
dieme,1
1490,1
"hard--""at",1
"at""--the",1
oblique,1
bissonnette,1
gobal,1
loco,1
monsignor,1
"here""--he",1
"throat--""i",1
bak,1
pleien,1
descrive,1
saturnus,1
nativite,1
brighte,1
nacion,1
malencolie,1
leteth,1
dreie,1
streme,1
welle,1
gamme,1
alofte,1
armonie,1
acompteth,1
fledgeling,1
ranch,1
liddall,1
guidon,1
cline,1
sence,1
liddy,1
laconically,1
lambton,1
outfit,1
smuggling,1
squaw-,1
piegan,1
injun,1
west--,1
bin,1
sentimentalism,1
contentedly,1
cleanness,1
lodge-,1
crees,1
colre,1
werk,1
cride,1
1930,1
pointz,1
logginge,1
syde,1
conoiscance,1
partie,1
rube,1
scaffolding,1
fadette,1
brudder,1
gover'ment,1
mus,1
die--,1
turnscrew,1
soliloquy,1
dingley,1
daytime,1
beaux,1
dipper,1
p'r'aps,1
buckmaster,1
greevy,1
em'ly,1
teasin,1
swelling,1
meede,1
beinge,1
redely,1
torneth,1
stinte,1
nom,1
inviolable,1
heliographing,1
heliograph,1
infatuated,1
him!--to,1
handsomer,1
"but""--her",1
up--,1
tilden,1
chancellery,1
alloway,1
pauline,1
trafficking,1
drome,1
hurdle,1
torpedo,1
desobeie,1
surgerie,1
thinspeccion,1
bringth,1
douteth,1
erre,1
schul,1
cawhte,1
thurst,1
eleccioun,1
bickersteth,1
comprehending,1
straining,1
moved,1
tepee,1
commissioner,1
overpasseth,1
takst,1
fiedinge,1
buillende,1
ydoine,1
mikonaree,1
wasn't,1
austerely,1
lawrence,1
perforated,1
furtively,1
nonchalant,1
unsettle,1
moroseness,1
derie,1
forsok,1
bourassa,1
rigidly,1
t'ing,1
"but""--he",1
needin,1
they're,1
sloly,1
hypnotism,1
accepted,1
projectile,1
refuseth,1
delice,1
arere,1
ded,1
aryse,1
jolif,1
tast,1
neveremore,1
withstondende,1
faireste,1
richesses,1
drunkeschipe,1
vigon,1
penetrating,1
exonerate,1
"them--""if",1
touche,1
police,1
brian,1
strathcona,1
meydon,1
varley,1
t'ousan,1
"fishing""--she",1
agonised,1
dilapidate,1
vastness,1
debauched,1
halbeck,1
goatry,1
foyle,1
"bent,--foyle",1
redinge,1
preise,1
coc,1
820,1
deintefull,1
maii,1
ferforth,1
syhen,1
deliteth,1
exciteth,1
sporne,1
domb,1
thursti,1
bachus,1
waitende,1
swetnesse,1
refert'--the,1
unhoped-,1
mottle,1
--my,1
shaughnessy,1
dupont,1
pater,1
pharaohs,1
pummel,1
avenue,1
samoans,1
argot,1
seamanship,1
salvini,1
--fatal,1
considerably,1
superintend,1
unemotional,1
plagiarise,1
thredeth,1
misfare,1
soghten,1
adote,1
otherwhile,1
drinkele,1
himselven,1
thryve,1
withdrawh,1
leyd,1
polixena,1
warneth,1
sauterne,1
hock,1
"arm,--very",1
belladonna,1
"him,--and",1
devilishly,1
luck!--that,1
cumbrous,1
heart?--a,1
fatalist,1
heroism,1
domestically,1
inconvenient,1
eliot,1
moralise,1
standpoint,1
propeller,1
apocalypse'--as,1
"do,--and",1
pourveance,1
forworthe,1
drauhte,1
mased,1
felte,1
helede,1
afaiteth,1
awey,1
eolen,1
pleid,1
dressing--,1
sequence,1
miscalculate,1
bird--,1
federation,1
lascar,1
"secret,--i",1
transference,1
exaggerate,1
sturdy-,1
sobbing,1
lethargic,1
resuscitated,1
ryder,1
virtually,1
reassuringly,1
upturned,1
reversing,1
gesticulate,1
prively,1
pes,1
ledde,1
asyde,1
cite,1
leste,1
havele,1
6690,1
6680,1
borwe,1
belonge,1
6590,1
stele,1
6570,1
extended,1
absorption,1
what?--a,1
gaucherie,1
kentucky,1
eligible,1
amshar,1
kandy,1
horatio,1
feasible,1
"tone.--""one",1
corrode,1
poetically,1
climax,1
"tragedies,--",1
locale,1
alo,1
vike,1
peaceable,1
tell!--i,1
dedli,1
micherie,1
6750,1
phebum,1
warde,1
6440,1
maidenhod,1
valentinian,1
6230,1
neptunus,1
bridde,1
schawe,1
beswinke,1
loude,1
mattock,1
interr’d,1
"cousin,—with",1
become,1
samoan,1
orally,1
magniloquently,1
miself,1
avance,1
5530,1
sesine,1
"kind!""--",1
"book--""i",1
bowling--,1
chinamen,1
boldrick,1
postage,1
eagle--,1
droppin,1
too?--everybody,1
verona,1
stelth,1
ensamplerie,1
heraldry,1
nemesis,1
publisheth,1
"sharp,--""and",1
batten,1
buster,1
pere,1
jael,1
boldricks,1
turneth,1
6050,1
lothe,1
tereüs,1
broght,1
mouthe,1
ungladest,1
forfeted,1
cronique,1
compainie,1
5330,1
truage,1
grevance,1
blesse,1
hidd,1
understod,1
dep,1
yelden,1
rewarde,1
suez,1
"shoulder--""this",1
compliance,1
strew’d,1
keepee,1
wellee,1
drysdale,1
"""--this",1
residency,1
mcdermot,1
boolda,1
lives--,1
encamp,1
minaret,1
jungle,1
plainsman,1
bullmoose,1
children--,1
punctured,1
frend,1
largesce,1
frendly,1
4830,1
wyht,1
coveitouse,1
kepeth,1
acorden,1
skarsnesse,1
spekth,1
skar,1
brocage,1
deceiven,1
brocour,1
outspoken,1
complimentary,1
plentee,1
rahway,1
customs,1
firefoot,1
houghton,1
cayley,1
unscrewed,1
rouseabout,1
bunyip,1
compatriot,1
marrying,1
vic,1
bluey,1
merritt,1
swizzle,1
sherman,1
departeth,1
unevene,1
encress,1
compense,1
chevance,1
poverte,1
bene,1
4370,1
with--,1
--blessed,1
wandenong,1
osgood,1
tribal,1
equivalent,1
brisbane,1
unerring,1
golding,1
totimalu,1
business-,1
tophet,1
cruise,1
1/60th,1
impetus,1
dutiable,1
clock-,1
corrugated,1
ted,1
mostyn,1
schooner,1
curtal,1
boor,1
engined,1
4570,1
liketh,1
hellen,1
duelleth,1
hertly,1
medea,1
awaiten,1
lepte,1
schon,1
becodar,1
pulque,1
musingly,1
rurales,1
dulce,1
kava,1
tongan,1
wango,1
copt,1
drury,1
continental,1
rapont,1
care!--you,1
laflamme,1
maillot,1
natural?--do,1
falteringly,1
"fingers--""when",1
mayer,1
gatling,1
vendetta,1
quemeth,1
4330,1
tofor,1
therin,1
cofre,1
que,1
3510,1
besoughte,1
porpos,1
swere,1
hieren,1
mystify,1
veranda,1
realism,1
bivouac,1
shorland,1
morgue,1
communist,1
encourage,1
handbook,1
boots!--she,1
preliminary,1
uncomplimentary,1
davoust,1
brother'--speak,1
hippolyte,1
wurmzer,1
unprecedented,1
ambiguous,1
her?--as,1
naive,1
garon,1
wok,1
everemore,1
merie,1
agropeth,1
2850,1
2840,1
coveitise,1
2650,1
yiven,1
shopkeeper,1
etch,1
kneeboot,1
indulgence,1
lagroin,1
ney,1
riviere,1
cannes,1
"suggestively--""and",1
languidly,1
sabre,1
malboir,1
hungering,1
ill-,1
filibustering,1
practiser,1
filibuster,1
"yet""--the",1
"knew,--and",1
him?--he,1
reassert,1
lichomede,1
dowhter,1
kunne,1
sain,1
forswere,1
amounteth,1
profre,1
ruide,1
nouther,1
alisandre,1
2530,1
affiche,1
tresorie,1
aquit,1
leering,1
outlawry,1
calendar,1
bush-,1
adroit,1
harpers,1
wolfe,1
goliath,1
casson,1
calibre,1
inconsistency,1
regardful,1
coureur,1
"body,--",1
charlemain,1
hispaniola,1
solicitor,1
peach-,1
maggini,1
riposte,1
kidnapper,1
own--,1
wommanhiede,1
undertoke,1
destruid,1
erren,1
1890,1
becom,1
verai,1
dispers,1
more,1
ymage,1
inveigh,1
conduits,1
stealer,1
destination,1
feared,1
buccaneer,1
solitariness,1
unaide,1
bombardment,1
maricourt,1
puritan,1
yorkers,1
"himself--""a",1
"sighed--""a",1
illumination,1
broadside,1
sailer,1
carolina,1
berigord,1
unmoleste,1
sudden--,1
endorse,1
jeueal,1
underfongeth,1
hi,1
1360,1
liverpool,1
reliable,1
classify,1
book-,1
cooke,1
chelsea,1
hallway,1
dollier,1
sprightliness,1
staircase,1
joval,1
dislodge,1
chafe,1
balwood,1
"wheel,--""wo",1
endurable,1
intrusive,1
boulter,1
"jockey,--like",1
greyhope,1
contradict,1
lambert,1
hertfordshire,1
"man,--",1
melting,1
dump,1
unpractised,1
felawe,1
moder,1
tawhte,1
robbe,1
roghte,1
arede,1
passible,1
servicable,1
happ,1
slyhli,1
pique,1
"abruptly,--she",1
chieftainess,1
pleasantest,1
haldwell,1
anticipate,1
feverishly,1
scandalous,1
apathetically,1
good-,1
corners,1
grande,1
considerate,1
jacob,1
allusiveness,1
s'eep,1
unpolluted,1
neglectful,1
"woman,--a",1
supplicant,1
ladde,1
godhede,1
acordeth,1
forthdrawinge,1
duete,1
wone,1
deceiveth,1
370,1
sothly,1
farst,1
dyche,1
maden,1
sill,1
worl,1
bon'venture,1
corrugate,1
fez,1
confidential,1
casimbault,1
ragpicker,1
wost,1
ordinaunce,1
constreigne,1
slush,1
regimental,1
indolence,1
indecent,1
affectionately,1
magon,1
peony,1
intentional,1
flippant,1
"that""--she",1
jelous,1
finali,1
appetit,1
passes,1
pippa,1
vandewaters,1
chastely,1
and--'i'll,1
deception,1
humiliate,1
swerd,1
knewen,1
woxe,1
desepeir,1
forme,1
araxarathen,1
3670,1
hielden,1
sterve,1
arts,1
similarly,1
buxom,1
"these?""--tappe",1
t'other'--a,1
trespasser,1
impingement,1
gamester,1
canny,1
sundown,1
"days""--an",1
inability,1
raglan,1
whist,1
broadly,1
irritate,1
stinten,1
lesen,1
hevy,1
obstinat,1
norrice,1
abedde,1
underfonge,1
cephalus,1
wakende,1
she-,1
she'd,1
esquimaux,1
magnifying,1
ireton,1
meanness,1
comin,1
thing--,1
skittle,1
gasgoyne,1
varcoe,1
archdeacon,1
pale-,1
sing'lar,1
barbaric,1
clearance,1
there--,1
"again,--never,--and",1
old-,1
unwys,1
soubgit,1
withouten,1
poursewe,1
agatha,1
bib,1
"chap,--i",1
cluny,1
patch,1
father',1
objective,1
pinioned,1
dramatically,1
cawley,1
"l100,000",1
jacque,1
bizarre,1
eton,1
tennis,1
details:--a,1
nyhte,1
aslepe,1
swevene,1
trowthe,1
hevynesse,1
forschape,1
kne,1
demande,1
cerise,1
collarossi,1
journalist,1
decent.--i,1
amusing,1
risk--,1
beethoven,1
yeomanry,1
alconomie,1
elixer,1
thege,1
siewe,1
think--,1
passively,1
newspapers.--what,1
knows,1
vermouth,1
scavenger,1
meyerbeer,1
superbly,1
purring,1
smutch,1
3180,1
eschuied,1
faileth,1
2140,1
voide,1
bataille,1
deianire,1
carscallen,1
animal-,1
montparnasse,1
sternly,1
noblesse,1
audierne,1
dompteuse,1
ridley,1
libeller,1
wringe,1
wrot,1
quieting,1
strew’st,1
smatter,1
misshaped,1
calculation,1
stockade,1
bouche,1
unaccountable,1
loftily,1
2350,1
insihte,1
forslowthen,1
demeth,1
aqueinte,1
2310,1
alloweth,1
veneison,1
pensif,1
chivalerie,1
radde,1
welde,1
1800,1
besinesse,1
entende,1
therwhile,1
somtime,1
tithe,1
"said--""you",1
sawdust,1
principality,1
lepage,1
unmanly,1
marquise,1
godric,1
montrose,1
indrawn,1
whimsy,1
bunt,1
waistband,1
allusively,1
furth,1
woodpath,1
clanging,1
catch’d,1
impress’d,1
drowe,1
aboven,1
sufficant,1
acorde,1
gladdere,1
victoire,1
strangeth,1
recovere,1
sielde,1
namliche,1
soffreth,1
kniht,1
teche,1
couthen,1
battered,1
expanse,1
it!--a,1
hatefully,1
versailles,1
encresceth,1
remembraunce,1
foryet,1
despute,1
astute,1
intrigante,1
tabby,1
directness,1
evaporation,1
carelessly,1
misdemeanor,1
unnoticeable,1
unsuccessful,1
derisive,1
laboure,1
levere,1
jamond,1
"adventure""--he",1
successfully,1
maul,1
have--,1
womanlike,1
varin,1
ballroom,1
mooring,1
piquancy,1
oswego,1
servantz,1
occupacion,1
1230,1
besischipe,1
necgligence,1
sodeinli,1
thridde,1
beknowe,1
lette,1
welwillende,1
besett,1
paphos,1
reprimand,1
bamboir,1
nanette--,1
doglike,1
"husband,""--how",1
dumfounde,1
swaggerer,1
louisburg,1
revoir,1
breton,1
tentatively,1
pecking,1
lucie,1
lapel,1
officially,1
montmorenci,1
rouge,1
munition,1
williamsburg,1
virginian,1
imprecation,1
questioning,1
thrum,1
unlere,1
rad,1
geten,1
affaite,1
viage,1
welnyh,1
feinte,1
divulge,1
overhaul,1
stobo,1
sputtering,1
roussillon,1
townsend,1
elated,1
sisters,1
"hand--""you",1
pity--,1
canonical,1
vier,1
volcanic,1
isbel,1
l'echiquelez,1
landing-,1
squid,1
remoteness,1
widest,1
warily,1
hague,1
pegasus,1
indomitable,1
uppe,1
bord,1
yowthe,1
mishappe,1
leven,1
socour,1
therayein,1
homicide,1
worldesriche,1
sennes,1
croniqes,1
feith,1
soeffreth,1
"detricand,--no",1
hanap,1
connetable,1
scabious,1
"breath--""i'd",1
beaumanoir,1
rocbert,1
dit,1
you've,1
brazil,1
"dare""--she",1
stepping,1
"narcissus--""you",1
sounding,1
privator,1
greate,1
ecrehose,1
lias,1
revolting,1
liberator,1
arivaile,1
lachesce,1
besiliche,1
beyete,1
unwerred,1
leften,1
comande,1
welwillinge,1
grieveth,1
schame,1
privately,1
lingeringly,1
beating,1
"dearest,""--he",1
unresisting,1
biribi,1
pyramide,1
tremblingly,1
telegraph,1
amiably,1
estimable,1
dormitte,1
transfer,1
buttress,1
outwork,1
rou,1
woman!--she,1
touzel,1
duchesse,1
moignard,1
manon,1
quartermoon,1
--it,1
shoreham,1
liche,1
egiona,1
egiste,1
drawhte,1
2000,1
1910,1
wraththe,1
brenneth,1
d'antichamp,1
lescure,1
barere,1
royalist,1
ingrain,1
code,1
duc,1
malefactor,1
groove,1
kerse,1
quyte,1
1510,1
feld,1
cabbage,1
rabot,1
vendee,1
industriously,1
hieroglyph,1
register,1
condone,1
immoderate,1
"deliberate--""i",1
monologue,1
spiede,1
thenkth,1
schryve,1
demen,1
aryve,1
nightwind,1
headland,1
of-,1
fresh-,1
"persistence--""what",1
patois,1
commonness,1
martello,1
burials,1
nanningia,1
tisbee,1
slowh,1
piramus,1
richambeau,1
haro,1
greffier,1
royale,1
larisse,1
lambeth,1
squeaking,1
cajole,1
disavow,1
druidic,1
seafarer,1
betwene,1
answerde,1
evel,1
forlore,1
1170,1
hindre,1
debat,1
owther,1
chamberere,1
tokne,1
lak,1
t’avert,1
dieu,1
inaction,1
"here""--pointe",1
dogged,1
damour,1
nations,1
neutrality,1
buffeting,1
antennae,1
pacience,1
acordende,1
witen,1
390,1
obsequiousness,1
monetary,1
incredibly,1
gibbet,1
snub,1
racine,1
henley,1
symbolic,1
hampstead,1
schipmen,1
haten,1
wayte,1
hunchbacked,1
twitch,1
stan,1
louison,1
chef,1
marriage-,1
seigneury--,1
fournel,1
smithy-,1
summary,1
incompanionable,1
scoundrel,1
forbidding,1
dukes,1
octavius,1
beie,1
abeie,1
maistrefull,1
aunter,1
dredeth,1
trewly,1
unknowingly,1
couplet,1
norinne,1
madonne,1
junie,1
dazedly,1
"this""--he",1
"softer--""i",1
sorry--,1
faribeau,1
quinze,1
overweighte,1
rulin,1
flounce,1
rheumatic,1
clinching,1
world--,1
admonition,1
one-,1
paradis,1
"priest,'--he",1
quelle,1
hundredth,1
farette,1
nude,1
--all,1
wraththen,1
triphammer,1
miniature,1
magillel,1
will--,1
garoche,1
liffey,1
dubarre,1
"disdain--""and",1
rasp,1
coterie,1
bastion,1
"table--""about",1
"nervously--""joint",1
cecilia,1
askew,1
mumbling,1
lefte,1
beleft,1
3410,1
dom,1
subjeccioun,1
deserveth,1
franchise,1
stonden,1
hounde,1
fantastical,1
venturesome,1
frenchies,1
toon,1
bandmaster,1
"dead""--the",1
crapaud,1
desobeissant,1
schip,1
amphitrion,1
utt’re,1
unvexed,1
sleepily,1
carille,1
felion,1
stupidly,1
unspoile,1
muletrain,1
ambroise,1
strong--,1
swerde,1
charite,1
emperour,1
unsympathetic,1
fairing,1
ephahaam,1
agnostical,1
belittle,1
layman,1
violable,1
miscarriage,1
juryman,1
mercilessly,1
outright,1
controversy,1
scathing,1
celestin,1
querelle,1
2630,1
craving--,1
dorion,1
"hand--""and",1
tiger--,1
hallon,1
appanage,1
decently,1
liqueur,1
loop,1
collatine,1
heaviness,1
glimmering,1
ace,1
limander,1
impair,1
supplantarie,1
lakketh,1
sowe,1
supplaunte,1
buisshes,1
avaleth,1
falssemblant,1
wilde,1
spieken,1
himispere,1
darlin,1
fiddling,1
meagrely,1
synonymous,1
quicklier,1
medicament,1
cobwebs,1
sauf,1
sai,1
1780,1
1720,1
desdeign,1
tybalt,1
heap’d,1
moderately,1
wretched’st,1
unthankfulness,1
deface,1
shpake,1
stickin,1
ma'm'selle,1
forthoghte,1
bote,1
laconic,1
disciplined,1
screw-,1
margot,1
whimpering,1
frying,1
but--,1
snappishly,1
monopoly,1
"m'sieu'""--for",1
cancell’d,1
crere,1
entre,1
2060,1
arowe,1
gla,1
password,1
fairness--,1
neighbourliness,1
equivocate,1
"him--""no",1
revanche,1
best?--,1
"too""--he",1
epicure,1
sulphuric,1
eye-,1
despised,1
driving--,1
wish--,1
respectfully,1
detract,1
faierie,1
fulli,1
o’bedlam.—o,1
catastrophe,1
whoremaster,1
composition,1
slenderly,1
nam’d,1
unpriz’d,1
inflam’d,1
assonance,1
conjugal,1
tray,1
"room--""and",1
brusque,1
huskily,1
evanturel,1
gruffly,1
brat,1
say--'where,1
the-,1
sanscrit,1
existence-,1
exaltation,1
susceptible,1
knew!--that,1
overpowering,1
manlike,1
damnable,1
dorst,1
philippe,1
meninge,1
absolucioun,1
finaly,1
holi,1
cristes,1
baptesme,1
befel,1
untoward,1
"all""--he",1
fortieth,1
relax,1
overwrought,1
tell!--this,1
crass,1
unwelcomed,1
disproportionate,1
pontius,1
muscadella,1
livelihood,1
adoption,1
tremulously,1
mainsail,1
ornate,1
open-,1
bearish,1
inveterate,1
browe,1
jersiais,1
malet,1
lengere,1
lith,1
memoire,1
eyleth,1
unfriended,1
camisard,1
unstraye,1
distantly,1
"orderly,""--a",1
coldness,1
topple,1
tilters,1
deportment,1
--in,1
mothering,1
eccentricity,1
truthfully,1
multiple,1
sacredness,1
kidney,1
tabate,1
bysne,1
knyhtly,1
schilde,1
areche,1
schewen,1
befor,1
owhte,1
detraccioun,1
unrihte,1
ybore,1
althertrew,1
widespread,1
languorously,1
ostentatiously,1
negotiation,1
termine,1
yere,1
poliphemes,1
qweme,1
freissh,1
doost,1
kem,1
poorse,1
aubert,1
disobedience,1
bulge,1
malaise,1
phlegm,1
nuncio,1
dampned,1
sterte,1
bridd,1
torchlight,1
smoulderin,1
simperin,1
taperin,1
whiteheade,1
cleverness,1
staunch,1
rippingdale,1
expectantly,1
advantageously,1
janglerie,1
fela,1
taxeth,1
condicioun,1
wenten,1
riotous,1
disorder’d,1
mum,1
flatten,1
gentlemanly,1
orientalist,1
lightnin,1
tick,1
doan't,1
acis,1
chiere,1
appaie,1
stond,1
alphonse,1
hent,1
woll,1
transforme,1
hier,1
2710,1
dourha,1
mamour,1
berkshire,1
bloodre,1
bazouk,1
farshoot,1
korosko,1
fluent,1
bellows--,1
kourbash,1
attask’d,1
goneril,1
epicurism,1
leprous,1
clothes--,1
hatchment,1
mafish,1
aboo,1
lurch,1
teasing,1
abdallah,1
overworked,1
carbolic,1
limewash,1
smock,1
d'inhumation,1
sarraf,1
fantasia,1
amende,1
wyve,1
2450,1
avanterie,1
tunge,1
2370,1
nameliche,1
tolden,1
mahommedans,1
disapprove,1
not-,1
framley,1
entourage,1
sadik,1
thought-,1
mizraim,1
polo,1
egregiously,1
corvee,1
soudan,1
embarrassment,1
gloved,1
thumb-,1
fox-,1
"hills--""that",1
ministry,1
soudanese,1
goolah,1
unconventional,1
bimbashi,1
blunder,1
miasma,1
granteth,1
murther,1
hinvite,1
commysariat,1
berkshires,1
mortial,1
haggarty,1
drame,1
digna,1
country'll,1
noor,1
instalment,1
arabian,1
housetop,1
selkirk,1
you!--will,1
astuteness,1
lorde,1
asente,1
trompe,1
believeth,1
behet,1
worde,1
triste,1
sovereinete,1
ulkin,1
underd,1
waitin,1
tha'll,1
camomile,1
subadar,1
levee,1
splutter,1
compleignte,1
indispos’d,1
overlusty,1
ghazee,1
goldpiece,1
aryan,1
feddan,1
irrigation,1
inadvertently,1
productive,1
withers,1
abdullah,1
simpleminded,1
nafar,1
sooch,1
upriste,1
dominions,1
oversea,1
"nurse,—o",1
tackled,1
drivel,1
berhyme,1
saluteth,1
fleckle,1
inaccuracy,1
smal,1
destourbe,1
cawht,1
worschipe,1
ascape,1
florent,1
vengement,1
cornwall,1
unethes,1
1220,1
ipocrisie,1
hiereth,1
ynowe,1
1060,1
bestad,1
forsueie,1
prestes,1
falshed,1
creditable,1
culpability,1
primitively,1
shirtless,1
khayyam,1
narghileh,1
divan,1
vitally,1
gabbling,1
effacement,1
bloodshed,1
orientals,1
administration,1
mahommedan,1
padre,1
dagos,1
reciter,1
"david--""whom",1
gibe,1
boycott,1
o’erwatch’d,1
beswike,1
atteignest,1
practis’d,1
unwhipp’d,1
despis’d,1
outscorn,1
youngest,1
sheepskin,1
revealer,1
juicy,1
bottom,1
sorcerer,1
zaida,1
muslim,1
crusader,1
achmet,1
debilitate,1
mask-,1
cheaply,1
mathematician,1
exultantly,1
untutored,1
sisyphus,1
equipment,1
"again--""i",1
chemistry,1
idee,1
stimulant,1
luxuriance,1
inshallah,1
avisioun,1
wynne,1
faitour,1
priente,1
pute,1
remembered?--like,1
said--'a,1
intervention,1
unbelief,1
mustafa,1
melisande,1
trundle,1
caring,1
grammarless,1
opaque,1
sojourner,1
trowel,1
heddington,1
over--,1
gracefully,1
higli,1
soul--,1
secretive,1
place--,1
sybil,1
anaesthetic,1
musty,1
necked,1
stiff-,1
nys,1
fol,1
dowerless,1
dismiss’d,1
upryht,1
nothing--,1
subconscious,1
--was,1
insure,1
negotiating,1
sulkiness,1
brutally,1
verdi,1
inalienable,1
batter,1
hills,1
sharif,1
lien,1
ululation,1
buckle,1
inseparable,1
summoner,1
felicite,1
thyne,1
welee----a,1
dulcimer,1
affydavy,1
and-,1
hei,1
handfuls,1
inglesi,1
circumvent,1
infantry,1
unwritten,1
"life""--he",1
had--,1
ebn,1
tempre,1
thenken,1
qualite,1
oeillade,1
magnate,1
miller-,1
toilet,1
damage,1
elderberry,1
bumptious,1
basque,1
"plenty""--that",1
spekynge,1
unaccommodated,1
contriving,1
sinn’d,1
pleasure-,1
"them?--""and",1
vilray,1
her'--that,1
--no,1
"mind""--jean",1
beaugard,1
headache,1
abdication,1
petulant,1
pleasantness,1
cheval,1
antoine,1
kyng,1
forfare,1
everemor,1
flinch,1
quixotism,1
rip,1
reprobate,1
boaconstrictor,1
palass,1
laceration,1
blaquiere,1
valescure,1
mortise,1
beauharnais,1
rocque,1
ribald,1
christophe,1
confusedly,1
facility,1
show’dst,1
liver’d,1
chang’d,1
disposicioun,1
upryhte,1
passioun,1
celebration,1
chateaubriand,1
poseur,1
interlude,1
conciliatory,1
undefeated,1
inadequate,1
charron,1
auguste,1
arcady,1
eterne,1
muable,1
oppinion,1
pah,1
braggart,1
bobon,1
chalfonte,1
stefan,1
watchmaker,1
harmlessly,1
gamin,1
paralysed--,1
prevision,1
mornay,1
casing,1
casualty,1
brygantaille,1
happiness--,1
abrupt,1
education--,1
here?--i,1
collide,1
hugo,1
mme,1
severally,1
smothering,1
popincourt,1
despondent,1
--just,1
illness,1
contrevaille,1
potte,1
suferedst,1
libanus,1
celibate,1
tripple,1
winnipeg,1
racial,1
mont,1
slippin,1
"door--""i",1
barbille,1
hewgh,1
enraged,1
shiver’d,1
thou’dst,1
ryhte,1
wisse,1
thassise,1
unenvied,1
honour’d,1
arbitrement,1
scald,1
th’old,1
proclaim’d,1
smug,1
nepotism,1
incantation,1
idiosyncrasy,1
swivel,1
audacity,1
appropriate,1
simplify,1
bearskin,1
unregulated,1
noisome,1
valparaiso,1
bokhara,1
alertness,1
fete,1
starzke,1
blackeye,1
craftily,1
druse'll,1
surelee,1
civic,1
politician,1
ayeyn,1
pleigne,1
althogh,1
helthe,1
endite,1
somwhat,1
broadcast,1
hunteth,1
godfather,1
pate,1
mufti,1
popish,1
dexter,1
cesspool,1
locomotive,1
sib,1
blister,1
peel,1
gorgios,1
pannikin,1
orchestra,1
misread,1
penniless,1
wolf-,1
amok,1
temperamental,1
mister,1
phonetic,1
mulatto,1
beady,1
sarasate,1
befo,1
shave,1
avert,1
hurtless,1
dewlap’d,1
awhile.—robin,1
transformèd,1
"lied!--""just",1
henchman,1
wrong-,1
marauder,1
philosophically,1
changed,1
unruliness,1
heredity,1
"been--""and",1
intangible,1
closeness,1
lourde,1
lager,1
reincarnation,1
camp-,1
thud,1
blackbearded,1
popularity,1
ten,1
crinoline,1
home-,1
gratefully,1
tidy,1
gloating,1
rat-,1
repression,1
corporeal,1
clovis,1
irving,1
jaquenetta,1
aforesaid,1
costard,1
unappeasable,1
abhorrent,1
repudiate,1
hypnotized,1
gipsies,1
mother-,1
unsettled,1
shattering,1
nip,1
uncontrollable,1
whining,1
phantasmagoria,1
suh,1
voluble,1
prodigally,1
melodramatic,1
ry----king,1
rakli----pretty,1
rinkne,1
stammerer,1
mountain-,1
fanatical,1
ai,1
hamulet,1
underthing,1
available,1
hysterical,1
cyclone,1
proverb,1
welkin,1
perilously,1
indubitably,1
parfumery,1
testimonial,1
bellyband,1
inflection,1
pettishly,1
machine-,1
"are!""--these",1
presentation,1
impact,1
chinaman,1
doublet,1
penthouse,1
aquitaine,1
hypnotise,1
sneakin,1
bradley,1
jog,1
tryin,1
j.,1
cruil,1
doge,1
lookin,1
nit,1
kneelin,1
"that!""--deely",1
fairyland,1
hangeth,1
regent,1
inconsiderate,1
utopia,1
o’erheard,1
unnerving,1
architrave,1
temperature,1
terrific,1
schoolchildren,1
underfeede,1
indignantly,1
it'd,1
perjurer,1
indefensible,1
sarcastic,1
domicile,1
trickster,1
deely,1
fastidiousness,1
unmerciful,1
infinitesimal,1
dubiously,1
you're,1
bulrush,1
figured,1
boxer,1
glasgow,1
topaz,1
poplin,1
overbearing,1
overbear,1
poignantly,1
winston,1
acceptable,1
gusto,1
friendliness,1
aesculapius,1
seidlitz,1
effervesce,1
such--,1
suction,1
"unattached,--one",1
humiliation,1
puzzled,1
wapiti,1
like--,1
unpacked,1
"him,""--kitty",1
"this""--how",1
unfortunately,1
demigod,1
tyburn,1
multitudinously,1
barton,1
ditton,1
royston,1
uncomprehending,1
bungle,1
notes--,1
refractory,1
garnett,1
option,1
loathesome,1
homelike,1
"exclaimed--""the",1
introspective,1
tiredness,1
unintelligible,1
decry,1
doubts,1
fishy,1
ebony,1
methodist,1
giggles,1
rada,1
spirituous,1
searchers,1
rebuff,1
asceticism,1
unsoiled,1
longaville,1
dumaine,1
queasy,1
sweaty,1
unwalled,1
unfluctuant,1
ivry,1
topknot,1
spasmodically,1
i'm,1
surlily,1
hitting,1
triumphantly,1
hereditary,1
bargaining,1
corporate,1
missis,1
shire,1
matador,1
pus,1
--'you,1
infuriate,1
waterway,1
wifedom,1
"plains""--for",1
lasso,1
carefull,1
lazily,1
frosted,1
waiter,1
proposal,1
here.--i,1
mazarine--,1
athwart,1
seventh,1
muscovite,1
preambulate,1
number’d,1
yielder,1
nestlin,1
iver,1
betune,1
iverythin,1
murd'ring,1
clasped,1
confucius,1
scarsdale,1
trails,1
fiona,1
seance,1
miles,1
mustard,1
irascible,1
isn't,1
manny,1
combe,1
hillside,1
wardress,1
amelia,1
eugenie,1
undistinguishable,1
thessalian,1
slumbrous,1
bewildering,1
stuffed,1
giv,1
beastly,1
hangin,1
sickenin,1
strikin,1
givin,1
click,1
workshop,1
quarrelled,1
well!--that,1
noreen,1
takin,1
"say--""because",1
"you""--he",1
adorably,1
sensitiveness,1
wilfulness,1
arcana,1
whereuntil,1
wounds,1
aforehand,1
muscovites,1
commixture,1
tropical,1
rigging,1
hammock,1
glumness,1
sty,1
mahogany,1
staple,1
ask--,1
embezzle,1
outbreak,1
purply,1
masterpiece,1
ripeness,1
demoralize,1
trelawney,1
guava,1
sodden,1
connemara,1
queue,1
biggish,1
counting,1
abysss,1
negro,1
clones,1
amnesty,1
showers,1
birdnote,1
booming,1
upshot,1
kingston,1
distressedly,1
cartridge,1
sedately,1
distillery,1
spool,1
emmet,1
"observations""--as",1
beatin,1
searchlight,1
ozymandias,1
compacted,1
lowell,1
persuader,1
creoles,1
legislative,1
foresight,1
overseer,1
bell-,1
eddy,1
maroon,1
pumpkin,1
quartern,1
sailorman,1
republicans,1
alisander,1
pompion,1
parfect,1
three,1
goaded,1
tile,1
finite,1
business.--i'll,1
manipulate,1
impressed,1
plain--,1
swimmingly,1
abruptly,1
lunch-,1
shale,1
ravenously,1
sculp,1
discompose,1
baronetcy,1
juster,1
remembrancer,1
flower-,1
repulsive,1
scrutinize,1
would--,1
appealing,1
tarboe--,1
mockingly,1
rabidly,1
wiry,1
enticing,1
paddle,1
starch,1
compile,1
twelvemonth,1
spectred,1
urg’d,1
talk’st,1
betake,1
anytime,1
nomination,1
unprepared,1
unvexe,1
brainsickly,1
stern’st,1
fire.—hark!—peace,1
ghost.—thou,1
sword.—there,1
pr’ythee,1
mansionry,1
mossy,1
not.—are,1
unbecoming,1
swings,1
mayde,1
digne,1
fyn,1
incorrigible,1
petite,1
canadians,1
stuart,1
hulking,1
spectacular,1
headline,1
whittle,1
friction,1
marital,1
groan’d,1
fop,1
dresses,1
scorn'd,1
onely,1
paine,1
eternall,1
vanitie,1
mayor,1
kirk,1
housekeeper,1
heart-,1
tram,1
fortunately,1
fleance,1
disjoint,1
catalogue,1
libel,1
sov'reign,1
restor'd,1
th'historic,1
bitch,1
chopt,1
oaths,1
lease,1
virgins,1
oaph,1
greasie,1
rejoyce,1
sensless,1
e'ery,1
hesperian,1
g------fish,1
bigyle,1
unneth,1
clene,1
seystow,1
maystow,1
eyen,1
funk,1
twire,1
marsh,1
erasmus,1
hypocrites,1
beasts,1
witches,1
hocus,1
madagee,1
tippoo,1
parfit,1
bittre,1
shul,1
wyn,1
sulk,1
monkery,1
boo,1
ploughland,1
skysail,1
bickering,1
emmy,1
dowser,1
dining,1
apache,1
slit,1
nis,1
otherworldly,1
râmânuja,1
westward,1
lopez,1
wisconsin,1
casting,1
fugue,1
nag,1
speedwell,1
somersault,1
scupper,1
girth,1
kubbadar,1
follow’d,1
unlov’d,1
partition,1
matta,1
mero,1
pakherû,1
tarvar,1
yâ,1
jagat,1
apâr,1
pâr,1
rolle,1
manifestation,1
latent,1
krishna,1
vernacular,1
mohammedans,1
benares,1
apparatus,1
gagan,1
râg,1
pahunwâ,1
s'iv,1
mahal,1
jîv,1
kîcad,1
hirâilwâ,1
rangâye,1
dhîraj,1
âîke,1
sâgar,1
sukh,1
sab,1
tîrath,1
huâ,1
wrecche,1
cor,1
yevinge,1
seyden,1
lat,1
minde,1
wysly,1
twinnen,1
nas,1
buddha,1
tum,1
piyarwâ,1
mît,1
dekh,1
samajh,1
unguent,1
ricefield,1
unplumbed,1
284,1
219,1
194,1
189,1
162,1
158,1
"night,--""i",1
54,1
19,1
satyakama,1
"voice--""lord",1
"one,--and",1
strof,1
blaman,1
devysen,1
entrecomunen,1
purposen,1
serveth,1
truth--,1
aldebaran,1
"nations,--only",1
dreamed,1
deathbed,1
"power,--",1
uptowere,1
airman,1
bird's,1
phantastic,1
322,1
312,1
intricacy,1
lens,1
posture,1
unpruned,1
fractious,1
celeste,1
hesperians,1
moryson,1
fynes,1
jeppe,1
"island,--every",1
tydeus,1
soune,1
droof,1
chese,1
queynt,1
uproarious,1
guises,1
"pure,--",1
"are,--",1
"conscience,--and",1
aspiring,1
27th,1
steeds,1
radium,1
laid,1
"out,--",1
outlast,1
remoter,1
leibnitz,1
harshness,1
canvass,1
faren,1
soothfastnesse,1
nedefully,1
purveyth,1
necessitee,1
enqueren,1
dedly,1
laughtre,1
lyeth,1
swirling,1
vainglory,1
swarming,1
welting,1
anomaly,1
javelinier,1
upwhirled,1
philabeg,1
clair,1
caressing,1
freddie,1
scotia,1
psalmist,1
victoria,1
stunning,1
unrimmed,1
milestone,1
marking,1
empower,1
groping,1
firelit,1
silentness,1
hastow,1
racket,1
gazing,1
ala,1
wi'silly,1
misca'd,1
hungert,1
pismire,1
encase,1
algonquin,1
jordan,1
cheery,1
mysie,1
fiendish,1
lookup,1
dessau,1
leadest,1
unbinde,1
thourgh,1
yvel,1
laft,1
desyre,1
livede,1
niltow,1
chaceth,1
mislyve,1
sorweful,1
virile,1
rig,1
waif,1
pæan,1
litt,1
jokin,1
"him,--itself",1
yielding,1
fogbank,1
slapping,1
humbling,1
comprehensive,1
relatively,1
tears—‘but,1
platitude,1
grudging,1
brigade,1
egotist,1
superman,1
wo,1
endeth,1
alla,1
vigilance,1
"faring,--",1
upwell,1
"rumble,--",1
"slowly,--",1
woodbird,1
mazeppa,1
"soul,--",1
unwane,1
harbor,1
descending,1
"off,--and",1
"revelation,--",1
pearls!--and,1
einar,1
kingship,1
sou'-wester,1
"it,--while",1
"clients,--",1
torgny,1
dearth.--,1
ending--,1
clumsy,1
heroes,1
visions,1
squalor,1
"consort,--and",1
oppressed,1
heltberg,1
snorre,1
"also,--but",1
emerges;--,1
bodement,1
deny’t,1
bove,1
blood.—what,1
secret’st,1
again.—pray,1
amonges,1
acheve,1
tretis,1
anoon,1
grounde,1
1828,1
storting,1
"defeat,--hoist",1
buck,1
meager,1
fictitiously,1
ungovernable,1
dahl,1
narrowness,1
actively,1
schleswig,1
frederik,1
disposed,1
ibsen,1
icelandic,1
katanes,1
product,1
influential,1
lawman,1
constitution,1
former.—filthy,1
devizes,1
hebron,1
view!--,1
this--_i,1
more?--,1
undone;--,1
men!--they,1
"death,_--they",1
agonize,1
"emotions,--or",1
adviser,1
demnark,1
adult,1
vinje,1
1827,1
hauge,1
couriers,1
guided,1
men!_--'twas,1
been?--,1
eyes;--,1
----------------------i,1
"lord!""--",1
"sang--""i",1
dying--,1
send--,1
"kiss,--",1
meet!--,1
incentive,1
weep!-henceforth,1
unseen;--,1
song;--,1
obeye,1
othere,1
thonkinge,1
dispyse,1
woodnesse,1
callen,1
holt,1
blameth,1
nyce,1
hoolly,1
ungrasped,1
unreache,1
enervating,1
"chain,--",1
"ah,--i",1
scraggy,1
lamb--,1
wand'rer,1
undecline,1
"greeting,--",1
tears--,1
"truth,--",1
"height,--",1
"bed!""--thou",1
"this,""--he",1
chlodine,1
"drear,--",1
gleaning,1
sleepeth,1
calmness,1
god--,1
heigh,1
ferny,1
mediatorial,1
"subside,--",1
pity?--nay!--,1
what?--his,1
mild;--,1
change!--,1
significancy,1
"blend,--",1
before?--,1
"bowers,--",1
no!--the,1
murmur--,1
"bosom,--",1
"roses,--",1
"valley,--",1
tender--,1
juvenile,1
mythologic,1
grenadier,1
"existence,--",1
lips--,1
soul:--i,1
well;--,1
inorganic,1
bedral,1
"not,--yet",1
carcanet,1
valleys,1
slumberously,1
unlighted,1
back--,1
keening,1
demesne,1
coole,1
hynes,1
aran,1
workhouse,1
"burden--""man",1
eden's,1
"thee,--i",1
litten,1
calyx,1
herds,1
"forbidden,--",1
tangible,1
undismayed,1
"theirs,--the",1
149,1
147,1
sorrowing,1
voiced,1
emer,1
aodh,1
goll,1
grania,1
coincheann,1
slaine,1
connacht,1
cumhal,1
knowledgeable,1
ochone,1
io,1
meditates,1
1215,1
othe,1
habundaunce,1
lyker,1
greyn,1
ialousye,1
sholden,1
maken,1
me.—did,1
sluggard,1
unused,1
truckman,1
era,1
rebirth,1
159,1
153,1
"god,--should",1
drouthy,1
--like,1
symmetrical,1
exclusively,1
"flightier,--",1
vestiment,1
improper,1
chemical,1
unshaped,1
shrivelled,1
reek,1
deriding,1
swerveless,1
felten,1
drinken,1
flawed,1
pounding,1
cider,1
hielan,1
leddie,1
rowan,1
lutestre,1
stoic,1
consumes,1
instead?--,1
rancid,1
myth,1
"love,--that",1
"evidence,--",1
euclid,1
"g*,--",1
hierse,1
cipris,1
swiche,1
heren,1
fayle,1
wayten,1
goost,1
revealeth,1
retain--,1
eumenide,1
"nature,--",1
winglet,1
26,1
62,1
meaningless,1
cringe,1
"springs,--the",1
vieing,1
ask!--but,1
saturnius,1
courage!--i'm,1
peace!--,1
sanctuary?--,1
shepherdess,1
"voice,--his",1
"zeus""--i",1
ensnare,1
mingles,1
well!--for,1
weigh’d,1
yell’d,1
myne,1
descried,1
glistening,1
charybdis,1
mean?--'twa,1
"pair--""in",1
dismayed,1
"straying,--",1
"living,--",1
ibycus,1
heir--,1
"streams,--",1
severs,1
poureth,1
willingness,1
gazelle,1
"cupid,--",1
"said,--""and",1
we'll,1
emulation,1
wife--,1
loiterer,1
blends,1
tigress,1
bounded,1
neighborly,1
sprung--,1
archetypal,1
"not,--but",1
"confess""--",1
stretching,1
crocodile,1
glancing,1
philosophic,1
"sweet,--mascarill",1
sigismund,1
"creature,--i",1
"hell,--so",1
pentameter,1
lies,1
"observe,--but",1
"thyself,--let",1
lighter,1
buying,1
worn.--,1
love!--'tis,1
soother,1
gained'st,1
linketh,1
coman,1
yerne,1
outen,1
brid,1
deputation,1
extends,1
o'erweigh,1
brennus,1
fluttering,1
"claim,--",1
"true,--",1
see'st,1
burns--,1
"language,--my",1
ramler,1
screaming,1
grass--,1
argy,1
guilelessly,1
fritz,1
slave--,1
raretie,1
thanks!--,1
herod,1
washerwoman,1
hyginus,1
tobolsko,1
tickle,1
polyp,1
desyr,1
dele,1
unbore,1
statur'd,1
cooing,1
genii,1
half'd,1
hermos,1
bacchic,1
thyrsi,1
regilar,1
whittl'd,1
scuddin,1
hittin,1
bufferler,1
lopin,1
cranny,1
beller,1
cowboy,1
brandish’d,1
antidote,1
oblivious,1
hack’d,1
donalbain,1
preyse,1
therwith,1
deman,1
1520,1
lovede,1
comelier,1
quiv're,1
shap'd,1
crack'd,1
upstarting,1
paus'd,1
ignobly,1
watercourse,1
spil'd,1
trembl'd,1
skreek,1
cute,1
that_--,1
dispars'd,1
spink,1
whar,1
bak'd,1
spense,1
gimcrack,1
curseth,1
madd'ning,1
varriu,1
cheeks--,1
necklet,1
ronald,1
tippence,1
sail'd,1
clang,1
lada,1
howl'd,1
gloss'd,1
oriole--,1
syren,1
sparkin,1
yaller,1
jine,1
whisper'd,1
jewell'd,1
preye,1
encree,1
yave,1
derk,1
unwist,1
dide,1
daunce,1
pandare,1
pal'd,1
ripen'd,1
castanet,1
fed--,1
loam,1
fearin,1
wav'd,1
lean'd,1
unprofitableness,1
imperfection,1
deprave,1
dispenser,1
galore,1
pratie,1
childher,1
river--,1
pull--,1
burnie,1
stowlin,1
slaughter'd,1
thongs--,1
cour,1
hakketh,1
seye,1
"degree,--",1
"in--""thou",1
"pursued,--",1
o'erwhelm,1
stingeth,1
biteth,1
bran,1
1858,1
unabated,1
graphic,1
"tend,--",1
eluding,1
"can,--",1
june--,1
indubitable,1
sinfulness,1
rai,1
dâs,1
brindaban,1
nadiya,1
šiva,1
sufiism,1
engross,1
chaitanya,1
k.rish.na,1
durgâ,1
householder,1
"awake,--",1
"poured,--",1
share--,1
thyself!--the,1
"instead,--",1
discordaunt,1
smerte,1
mosten,1
discryve,1
wer,1
defaman,1
vyce,1
findere,1
rente,1
slepeth,1
porphyry,1
bengali,1
vaish.navas,1
adhibâs,1
ghee,1
speaking,1
irene,1
huron,1
"elate,--",1
scentless,1
"gift--""power",1
dalhousie,1
misjudged,1
inhale,1
"frame,--",1
sachem,1
starlit,1
adorn--,1
fav're,1
samaritan,1
dreedful,1
terme,1
gift--,1
wond'rous,1
adore--,1
sighs--,1
shore--,1
ray--,1
ramble,1
roseate,1
gemmed,1
reclined,1
unmeaning,1
vapid,1
rathmore,1
unfriende,1
glitt'ring,1
"rest,--",1
flow'r,1
"creation,--",1
"mowing,--",1
part:--,1
upspring,1
mention--,1
ev'rything,1
implores,1
one;--,1
"them,--",1
bedim,1
graspest,1
suff're,1
unstable,1
silv'ry,1
utt'rance,1
despyse,1
dronkenesse,1
graunte,1
sighte,1
sodeyn,1
cryde,1
shakspere,1
unpent,1
"them,--a",1
"forget,--",1
nipt,1
eleusis,1
wriste,1
plataea,1
cartier,1
voices!--,1
madden'd,1
priz'd,1
aladdin,1
"more,--",1
ach,1
grammatical,1
steal--,1
scarp,1
"millions,--one",1
closure,1
painless,1
hurtling,1
acheveth,1
iangle,1
cesseth,1
mighten,1
wander'd,1
scatter'd,1
honor'd,1
inspir'd,1
forc'd,1
tam'd,1
sav'd,1
freshen'd,1
cultur'd,1
untrain'd,1
ev'rywhere,1
bridl'd,1
panting,1
steely,1
ransom'd,1
chain'd,1
claim;--,1
new-,1
end--,1
soil--,1
"""--tennyson",1
sounds,1
brightest,1
dirge-,1
told:--,1
"thought--""for",1
mois,1
flowers--,1
draws,1
tuition,1
buried,1
increas'd,1
mistrust,1
library,1
diaz,1
negress,1
hieronymo,1
suburb,1
almofalez,1
disherite,1
alcocer,1
thenceforward,1
rodrigo,1
desir,1
1826,1
australian,1
passion'd,1
fair;--,1
somwat,1
dul,1
dooth,1
constreyne,1
slee,1
alday,1
foryeteth,1
wondren,1
"pea,--",1
"withered,--and",1
portland,1
footing,1
diligently,1
graduation,1
literacy,1
classmate,1
titans,1
race-,1
systematically,1
cary,1
"books""--she",1
ashame,1
antwerp,1
sonorous,1
alois,1
paralyzed,1
bedridden,1
jehan,1
diminutive,1
yeast,1
cambridge,1
suspecioun,1
savours,1
heresy,1
wak’st,1
wisher,1
mirour,1
delyte,1
bullion,1
adze,1
discouraged,1
quintal,1
customhouse,1
fanshawe,1
salem,1
bowdoin,1
unfinished,1
nathaniel,1
abner,1
"false,--my",1
pancratius,1
secunda,1
committal,1
domrémy,1
"himself--""ten",1
moorish,1
"windows,""--",1
compositor,1
frontier,1
redemption,1
morrow?--o,1
shielded,1
be!--,1
quickening,1
deïphobus,1
barbican,1
wilfred,1
postern,1
villains!--let,1
ulrica,1
canonize,1
inclose,1
thereabout,1
dishonor,1
totter,1
rebecca,1
accusation,1
depute,1
forasmuch,1
michal,1
withal--,1
crest--,1
crowning,1
roses,1
sioux,1
arickaras,1
vicinity,1
och,1
playedst,1
occurrence,1
defray,1
derisively,1
telemachus,1
dubious,1
dardan,1
aeneid,1
chords,1
"sky,--we",1
barbarossa,1
lachine,1
"17,000",1
livre,1
kirkt,1
unknowing,1
vaulted,1
signature,1
unmasked--,1
rabbi,1
personified--,1
guides,1
haste--,1
tonsured,1
dredelee,1
threepence,1
enskie,1
stricture,1
unscoured,1
sanctimonious,1
conclud’st,1
reindeer,1
waltzing,1
subterfuge,1
downright,1
"confessed,--",1
preface,1
thanking,1
mellowing,1
askant,1
ministering,1
burdened,1
savagery,1
jessamine,1
how--,1
off----i,1
prayerless,1
blowing,1
"feel,--",1
æolian,1
undergleam,1
pattering,1
murmured,1
shooteth,1
layser,1
freendlieste,1
wex,1
thorugh,1
accurate,1
unkisse,1
leaped,1
musette,1
jargone,1
parley,1
53,1
flowering,1
unseal,1
snow--,1
these--,1
congratulation,1
armada,1
buoyantly,1
respected,1
tel,1
ryden,1
franks,1
thidreksaga,1
hogni,1
nornagest,1
drachenfel,1
translator,1
suster,1
preche,1
kene,1
shotte,1
purchace,1
unfelingly,1
calende,1
strenge,1
pardee,1
pleyne,1
winnen,1
bitternesse,1
lording,1
rumolt,1
forsware,1
nibelungenlie,1
hete,1
suffren,1
bigete,1
everichone,1
fayr,1
desires,1
it.—thou,1
ryme,1
folye,1
towarde,1
febly,1
leest,1
iapedest,1
sorer,1
wonderly,1
lodgment,1
siegelind,1
mislike,1
rumple,1
scat,1
recche,1
hunte,1
oughte,1
refte,1
bicome,1
brenne,1
soughte,1
canker’d,1
profaner,1
mark’d,1
sing’st,1
booth,1
tulna,1
vitaille,1
rodingeir,1
gyde,1
obsequious,1
nother,1
gretter,1
dryen,1
leten,1
mariana,1
suborn,1
unscathed,1
lodgement,1
fend,1
walther,1
vittaile,1
bavarian,1
luggage,1
nourish’d,1
brawling,1
avouch,1
codpiece,1
brende,1
childe,1
cloaked,1
garin,1
meseem,1
biaucaire,1
torelore,1
hades,1
malory,1
llwyarch,1
"knew,--""deport",1
arthurian,1
balmung,1
betrothal,1
wyde,1
asketh,1
unwar,1
amor,1
languaged,1
pungent,1
tablet,1
1888,1
justinian,1
continuous,1
graeci/,1
/lyrici,1
accordance,1
soil'd,1
suchier,1
motherwell,1
kissed,1
damoiseau,1
paynims,1
concupiscible,1
binde,1
scornen,1
fole,1
loken,1
founden,1
/dedicatoria/,1
ekhousa,1
arkhen,1
prote,1
a.,1
vitiated,1
gibbon,1
philodemus,1
tullius,1
crinagora,1
desire;[23,1
created;[22,1
made;[21,1
eyes;[20,1
hands;[19,1
nights;[18,1
tears.[17,1
"sandalled,""[15",1
florid,1
pharmaceutriae,1
sethen,1
ego,1
eraman,1
epigrammatist,1
affiance,1
lodowick,1
disconsolate,1
unenlightened,1
idealism,1
/placed,1
corneille,1
/cette,1
volatile,1
principally,1
engrave,1
miletus[24,1
of.[17,1
children;[2,1
duty.[2,1
elaboration,1
historian,1
modernism,1
nossis,1
immortality.[22,1
"resentment,[12",1
unmake,1
importance.[4,1
heliodorus,1
tenebris/,1
odysseus,1
stone.[23,1
singing-,1
samian,1
ingenium/[1]--word,1
atque,1
fear;[17,1
falseness,1
there.[8,1
euboea,1
lxxiii,1
lxiii,1
lysidice,1
xlvi,1
nightlong,1
lullest,1
paulus,1
looking,1
dorcas,1
heliodora,1
xvi,1
xiii,1
cup-,1
ix,1
v,1
morocco,1
thonour,1
seme,1
deden,1
softely,1
calculinge,1
servaunt,1
nicoteles,1
aristagoras,1
leontichus,1
cyzicus,1
polymedes,1
tilth,1
navel,1
recompence,1
ino,1
asclepiodotus,1
cognisance,1
surname,1
nymphs,1
timareta,1
miccus,1
celle,1
pelion,1
peloponnesian,1
lesbos,1
erinna,1
callimachus,1
wedding-,1
undervalu’d,1
bechanc’d,1
arragon,1
bergk,1
threne,1
zonas,1
damocrates,1
passenger,1
sidon,1
cleanthes,1
slab,1
nicippus,1
attalus,1
wantonly,1
philaenion,1
amyntichus,1
cinyras,1
cytherea,1
straight-,1
survey'd,1
"plain,--",1
unfavourable,1
remorselessness,1
a.d.,1
satyrius,1
549,1
berenice,1
aristodicus,1
aetolians,1
anyte,1
b.c.,1
milesian,1
xenophon,1
unsown,1
simonide,1
castles,1
bubbles,1
mahmud,1
gardenside,1
tediousness,1
son”—or,1
diderik,1
glitter'd,1
skimming,1
skal,1
forhandle,1
shinbone,1
tygge,1
"eliza,--",1
slacken'd,1
complicated,1
issland,1
unwounded,1
sorrowed,1
atween,1
readier,1
overlord,1
knapp,1
unconsecrated,1
form'd,1
contemptuously,1
whirl'st,1
entomb'd,1
empassion'd,1
water--,1
hacon,1
loves,1
smiths,1
l'etude,1
avec,1
vindicate,1
hafiz,1
slant,1
"naught,--i",1
unhappiest,1
bavarians,1
ferryman,1
best,1
nibelungs,1
limehound,1
standeth,1
courtseye,1
hatest,1
oberon,1
hippolyta,1
acquiescence,1
religiously,1
anecdote,1
tinsel,1
horded,1
conjured,1
juniper,1
redbreast,1
croaking,1
slewest,1
blœdel,1
thüringen,1
cursed’st,1
winds,1
resolved,1
love-,1
rowing,1
glenway,1
watikki,1
suotikki,1
milking,1
mana,1
manala,1
untamoinen,1
kullervo,1
ehstland,1
defenseless,1
dearth,1
dwarf.--so,1
"mine,--and",1
wainoloa,1
luna,1
lowyatar,1
turso,1
wainola,1
pohyola,1
rower,1
louhi,1
tuonela,1
tuoni,1
mulk,1
khorassan,1
martlet,1
ostent,1
confus’d,1
masquing,1
plotting,1
wafts,1
sari,1
mazendra,1
tiring,1
curly,1
mindoudari,1
formality,1
lamartine,1
twinkling,1
"thinking--""i",1
postman,1
ramachandra,1
bamboo,1
wirokannas,1
cranberry,1
souran,1
horseback,1
ultimately,1
hindi,1
kida,1
samba,1
indrapura,1
mantris,1
sepah,1
gav'st,1
tamed,1
stud,1
inset,1
seprara,1
pedalou,1
maha,1
moeris,1
griffin,1
mopsus,1
damon,1
ascra,1
for-,1
prevailed,1
bagousa,1
radeu,1
madjapahit,1
ahmed,1
dhahir,1
naoui,1
djawn,1
badang,1
woven,1
cause-,1
pollio,1
amyntas,1
whelps,1
nouchirvau,1
djambour,1
bouzor,1
mosque,1
raschid,1
bagdad,1
djinn,1
asraf,1
manikam,1
salaam,1
menalcas,1
him-,1
yemen,1
assassinate,1
hatim-,1
arabs,1
sublimity,1
amount,1
"12,000",1
khrosrou,1
"1,000",1
chabour,1
rouchin,1
unfeele,1
garnish’d,1
impeach,1
unschool’d,1
unlesson’d,1
mohte,1
modernized,1
germans,1
strophe,1
fought:--the,1
bremen,1
oral,1
unmistakable,1
mss,1
attila,1
treacherously,1
grani,1
siggeir,1
regin,1
mythical,1
yakoub,1
ravish’d,1
eryx,1
infring’d,1
obscenely,1
neighb’re,1
metiscus,1
flound’re,1
rapacious,1
camertus,1
forlorn--,1
seekst,1
white--,1
zazamank,1
whensoe'er,1
--well,1
--for,1
1762,1
cordially,1
armband,1
1653,1
behest,1
reuss,1
boasteth,1
beginnest,1
bruin,1
thou--,1
plaisance,1
ferrandine,1
parapet,1
wayworn,1
yielded,1
harbour’d,1
inblent,1
forspent,1
~young,1
grassy,1
crapsey,1
"two,--",1
unmeasured,1
bounteously,1
reconcilement,1
thuringians,1
cuirass,1
caitiff,1
fighteth,1
cooling,1
ye're,1
tho't,1
deborah,1
out-,1
leafless,1
te,1
timberline,1
stiffness,1
roadside,1
harbury,1
unforeseen,1
appraise,1
enfolds,1
appeasive,1
austyn,1
stars,1
unfurl,1
quickens,1
burt,1
cincinnati,1
1901,1
lesser,1
aprils,1
surcease,1
sesame,1
sunburn,1
long.~,1
~but,1
leveled,1
~the,1
summertime,1
cornland,1
rockford,1
~are,1
holloaing,1
shylock,1
forfeiture,1
urg,1
accus’d,1
pilumnus,1
gaz’d,1
libyan,1
riven,1
carnival,1
wattles,1
journalism,1
1912,1
1911,1
carlin,1
1917,1
skyward,1
wattle,1
disdainful,1
clematis,1
fluctuant,1
o'ergrown,1
dryads,1
araluen,1
logans,1
redd'ning,1
pactolus,1
quatrain,1
melbourne,1
conveniently,1
gazette,1
o’ermatch’d,1
tank,1
swagman,1
shearer,1
slackest,1
maori,1
thanksgive,1
drover,1
lagging,1
townsfolk,1
t'ward,1
chateau,1
creeps,1
nocturne,1
bronkerspruit,1
strowe,1
rest.~,1
erase,1
implant,1
arme\d,1
ironbark,1
pseudonym,1
paterson,1
won,1
aeschylean,1
manuka,1
sauntering,1
parterre,1
fills,1
emptiest,1
seas,1
unmothered,1
roam.~,1
ylle,1
thah,1
fonge,1
suetyng,1
mournynge,1
droupne,1
carke,1
ille,1
loue,1
toune,1
swyre,1
feye,1
wymman,1
longinge,1
libbe,1
generously,1
uthir,1
lufe,1
suete,1
brynge,1
egal,1
eeke,1
atteyne,1
boghten,1
yarnyt,1
othir,1
giffis,1
haiff,1
may,1
shulde,1
nevene,1
wommany,1
flee:--,1
die:--,1
deid,1
qui,1
attour,1
precelling,1
rois,1
hend,1
cumis,1
quhen,1
howp,1
gestis,1
lude,1
evir,1
quhat,1
begyle,1
evander,1
deplor’d,1
unpunish’d,1
length’ne,1
unpitied,1
wreath’d,1
retir’d,1
pomander,1
curtesye,1
crueltye--,1
excuse--,1
laboureth,1
adversite,1
leal,1
hande,1
see:--,1
wilbye,1
lucre,1
garter,1
heywood,1
depaint,1
freikis,1
maikis,1
quhair,1
lyis,1
cryis,1
drencheth,1
further,1
this?'--what,1
tuscans,1
drance,1
unoffending,1
carroll,1
bynd,1
wize,1
issuing,1
lifes,1
chast,1
faultie,1
brydes,1
neare,1
shaddowe,1
soote,1
lillies,1
meriment,1
seene,1
scarlot,1
liken'd,1
joyfull,1
dyde,1
crimsin,1
stayne,1
bowre,1
pallace,1
brest,1
byte,1
cherryes,1
beautye,1
carrol,1
seemely,1
betweene,1
paradice,1
joves,1
deere,1
widow'd,1
sessions,1
138,1
crown&grave;d,1
133,1
132,1
111,1
unmeddled,1
pearli,1
languish'd,1
goe,1
blowne,1
fel,1
carelesse,1
ly,1
guyd,1
savoir,1
smart----,1
brought'st,1
strewing,1
perfumes,1
med'cine,1
soften'd,1
turn'st,1
madrigal,1
sign'd,1
deceiving,1
sepulchral,1
schism--,1
design'd,1
181,1
--this,1
enjoy'd,1
opprest,1
swede,1
societies,1
anow,1
question'd,1
intranc't,1
somthe,1
humm,1
unreproved,1
inbreath'd,1
th'angelike,1
raign,1
ethiop,1
feather'd,1
286,1
cried,1
lichtlie,1
hause,1
anither,1
abune,1
sallna,1
presentlie,1
wafu,1
haud,1
outlook,1
363,1
shower?--,1
homespun,1
magdalene,1
336,1
seem'st,1
467,1
riper,1
tell--,1
mazy,1
obsequie,1
mis'ry,1
awaits,1
stock'd,1
gen'rous,1
warp'd,1
dwam,1
votive,1
solemniz'd,1
fraternity,1
poetess,1
391,1
tools--,1
gush'd,1
whizz,1
gossamere,1
away.--vain,1
recall'd,1
raike,1
kilmeny,1
arle,1
gouden,1
duneira,1
sinfu,1
straggler,1
e'e,1
themsel,1
utter'd,1
loosen’d,1
pyrgi,1
ismarus,1
aeneans,1
obtend,1
fav’rite,1
pronounc’d,1
roar’d,1
vizament,1
fenton,1
abraham,1
bee--,1
blush'd,1
lay;--,1
551,1
jargoning,1
wets--,1
melody:--,1
nations;--all,1
scantily--,1
impassion'd,1
593,1
bairnie,1
save:--,1
leviathan,1
dingle,1
cull'd,1
slipp'd,1
partake,1
unbusy,1
along--,1
dryops,1
wing--,1
quench'd--,1
muse--,1
669,1
beaming,1
"again,--",1
kentna,1
glower'd,1
cerement,1
belied--,1
646,1
helene,1
outlaw'd,1
antheming,1
aurorean,1
mirth--,1
"gave,--i",1
--you,1
yet!--and,1
cloudlet,1
undisturb'd,1
travell'd,1
expanse--,1
nicean,1
thee!--no,1
bethlehem,1
"muse,--tell",1
echo'd,1
pith,1
monumental,1
death--,1
unlearn'd,1
772,1
cecily,1
symphonies:--,1
meetly,1
wed--,1
banner'd,1
those--,1
hear'st,1
unconquerable,1
unutter'd,1
736,1
caress'd,1
mayo,1
irrul,1
alter'd,1
elspie,1
effluent,1
loin,1
smelling,1
transform'd,1
stingless,1
curling,1
clouds,1
801,1
inarticulate,1
roams,1
graven,1
777,1
aim'd,1
tugg'd,1
rush'd,1
unpossess'd,1
"completed,-too",1
expectance,1
adream,1
surging,1
unspeakably,1
given--,1
stray'd,1
ashlar,1
teffia,1
846,1
england:--,1
pine--,1
fashion'd,1
lookest,1
thou;--ala,1
cypress,1
sofa,1
enlightenment,1
mating,1
triton,1
whos@,1
relay,1
department,1
philanthropic,1
"right,-you",1
psalter,1
reuben,1
outdoors,1
naughtily,1
hornèd,1
crackle,1
cretonne,1
englond,1
johan,1
trothless,1
grievously,1
cloudeslie,1
hardily,1
"excuse,--",1
whili,1
manfull,1
beforn,1
hardier,1
requited,1
sidney,1
dareth,1
tudor,1
impassion’d,1
thicken,1
unconquer’d,1
liger,1
shatter’d,1
oppress’d,1
forelaid,1
mnestheus,1
sprighte,1
glover,1
spar,1
larg,1
halfendell,1
iff,1
ladyes,1
butler,1
twent,1
luvis,1
besyde,1
flaucht,1
wuld,1
warst,1
binna,1
pr'ythee,1
skilfull,1
sol,1
bessy,1
seely,1
bessee,1
ercy,1
basset,1
mending,1
cutler,1
continuously,1
permanently,1
diseases,1
socialism,1
1:13,1
1:9,1
1:5,1
weet,1
"pay""--doe",1
lewte,1
headdress,1
coif,1
dereworthy,1
verb,1
"sore,--why",1
sternis,1
pinnace,1
unskilful,1
filching,1
familiarity,1
alethes,1
dotis,1
refresh’d,1
well--_an,1
potater,1
waffle,1
cupola,1
woodshed,1
refection,1
haddleton,1
unlimited,1
loan,1
trolley,1
"that--""whit",1
nonsense,1
insert,1
i.e.,1
humanization,1
avid,1
"vir""--a",1
physiological,1
socially,1
reminiscent,1
gambolling,1
round--,1
sandy,1
serviceableness,1
hailstone,1
salvage,1
writh’d,1
miss’d,1
allur’d,1
view’d,1
inur’d,1
tiburs,1
preach’d,1
brow’d,1
meditate,1
macavelly,1
bankside--'a,1
bankside,1
renewable,1
rebuketh,1
vertical,1
trifling,1
jack’nape,1
caiu,1
compete,1
specifically,1
sock,1
embroidery,1
rocking,1
either:--it,1
women!--or,1
cosiness,1
communists,1
stultify,1
gratifie,1
studded,1
dispers’d,1
assail’d,1
pluto,1
individually,1
boarding,1
soapine,1
"remember,--",1
dressable,1
fretfully,1
1836,1
impressive,1
proprietary,1
industrial,1
"married,--as",1
embattle,1
indanger’d,1
gallimaufry,1
inefficiency,1
superciliously,1
anything_--that,1
consider:--my,1
"dora--""_i",1
preeminent,1
"world,""--and",1
"world""--and",1
else;--that,1
barbarism,1
establish’d,1
endow’d,1
scepter,1
pond’re,1
embark’d,1
feretrian,1
design’d,1
vicissitude,1
foundress,1
pygmalion,1
listener,1
them.--to,1
strata,1
momently,1
fender,1
relieved,1
indeed!--i,1
purchaser,1
noticeably,1
spade,1
alienate,1
selector,1
goddard,1
allen,1
once;--a,1
humanly,1
seclude,1
dominance:--the,1
applied,1
regularity,1
industry,1
decorator,1
orchardina,1
habitual,1
legislate,1
pleuro,1
steep’d,1
alcides,1
humanizing,1
harum,1
section,1
fiction;--conflict,1
arithmetical,1
"yourself,""--venture",1
seamstress,1
promiscuous,1
"when""--(this",1
naughty'--something,1
promoter,1
"dogs,--women",1
"parlors,--then",1
"forests,--a",1
webster,1
undeniably,1
deafen,1
sergesthus,1
housework,1
cautious,1
fools,1
fetich,1
alarming,1
"right,--to",1
joyce,1
waitress,1
iive,1
divergence,1
socialist,1
wabble,1
disquisition,1
interrelation,1
dray,1
hipprocratic,1
nobel,1
reaction,1
entertaining,1
organism,1
conviction,1
jumping,1
ree,1
cocking,1
sichaeus,1
soften’d,1
ausonian,1
expos’d,1
cisseus,1
nisus,1
assay’d,1
discourag’d,1
betray’d,1
emulating,1
conservatism,1
apples,1
eagerson,1
cookshop,1
chairwoman,1
talk[e,1
eugenic,1
recipe,1
interest--,1
believing,1
abomination,1
overripe,1
engaged,1
favorably,1
viva,1
oscar,1
unexperienced,1
prohibition,1
questionable,1
exposition,1
uncleaner,1
acquit,1
motorboat,1
books?--a,1
attractiveness,1
outgrow,1
niggardly,1
gemini,1
hyrcanian,1
barrow,1
boy.—call,1
datchet,1
tattle,1
bucklersbury,1
emma!--she,1
arabella,1
sibthorpe,1
outrageously,1
ashmore,1
educative,1
approximate,1
excessively,1
emulate,1
objector,1
whe’er,1
everlastingly,1
indirectly,1
sideboard,1
burnish'd,1
bess,1
polish'd,1
kickere,1
on'--you,1
"thought--""and",1
"none--""a",1
experiment,1
measurement,1
kitchenless,1
pentheus,1
pow’rful,1
sandwich,1
"fresh,--it",1
mathews,1
unreservedly,1
caswell,1
segregated,1
unskilled,1
admittedly,1
delegate,1
"say,--""yes",1
exponent,1
succinctly,1
pleaser,1
outshine,1
conspicuously,1
warhorse,1
spicy,1
suspiciously,1
"said,--and",1
plateful,1
"pail,--they",1
patronize,1
thaddler,1
julianna,1
financially,1
find--,1
dwarfed,1
fool's,1
pantry,1
offensively,1
elevate,1
"malda,--because",1
fir’d,1
cyclop,1
sustain’d,1
conqu’ring,1
fery,1
urchin,1
excellently,1
sewing?--how,1
washing:--not,1
editorial,1
"whole,--or",1
percentage,1
psychosis,1
paralysis,1
insanity,1
follows:--the,1
bedroom,1
you'd,1
caffeteria,1
"servants,""--someone",1
combined,1
bus,1
adaptation,1
unusually,1
"eat,--you",1
sr,1
"get,--and",1
"rosy,--or",1
"hand,--a",1
"side?""--_college",1
hopelessly,1
crown’d,1
tattling,1
concern’d,1
thymbraeus,1
grecians,1
pray’rs,1
conjuror,1
circulate,1
collectively_--face,1
serving,1
enoble,1
barklirtseff,1
variability,1
cleaning,1
toadstool,1
installment,1
investment,1
delivery,1
nobody'd,1
banyan,1
defense,1
irresistable,1
flirtatious,1
candidate,1
identical,1
seepage,1
psalmists,1
siberian,1
i'll,1
"result,--and",1
husband!—good,1
nothing.—come,1
polecat,1
developed,1
needed,1
reminiscently,1
mentality,1
unavoidable,1
surplus,1
prejudiced,1
adapt,1
paraphrase,1
"1,560",1
driv’n,1
decay’d,1
compris’d,1
swill’d,1
resign’d,1
fornication,1
competition,1
dominance,1
prematurely,1
cultural,1
specialized,1
wang,1
cleanliness,1
attraction,1
"child--""i",1
personage,1
mama,1
subscribe,1
question._--a,1
trenchant,1
-thi,1
economically,1
warwickshire,1
barlaam,1
powell,1
contracts,1
kinnosuke,1
thurston,1
discriminate,1
terrified,1
conceivably,1
allude,1
intensely,1
citizenship,1
"evil""--a",1
superiority,1
combed,1
hideously,1
ferme,1
grisield,1
senténce,1
eat’th,1
taverner,1
pasties,1
"silence,—comfort",1
sapience,1
stand!—hither!—back,1
thwacketh,1
carter,1
shouteth,1
tainted,1
methinketh,1
cutteth,1
sayeth,1
sevenfold,1
unnumbered,1
salamander,1
overhear,1
nymphidia,1
afeare,1
daub,1
stervéd,1
sluttery,1
dowsabell,1
mought,1
setiwall,1
trent,1
columbine,1
merriness,1
considdir,1
anthropophaginian,1
misgraffèd,1
nedar,1
interchang’d,1
bewitch’d,1
c.,1
platos,1
dunny,1
snowfall,1
edmonton,1
costive,1
citron,1
hysteric,1
assignation,1
hampton,1
rivelle,1
sneaking,1
sunne,1
punch,1
willis,1
wottest,1
marchpine,1
vache,1
diamonds,1
scruff,1
viperous,1
vortex,1
laffarge,1
teetotally,1
aurist,1
surgical,1
watch-’ords,1
swill,1
abet,1
q.,1
stack,1
dancer--,1
"ball!""--she",1
cloe,1
logs--,1
gemmen,1
screeching,1
constrain'd,1
trait'ress,1
perplex'd,1
nature?--no,1
alligator,1
lipped,1
cattell,1
ripening,1
hessian,1
spoil--,1
reckon'd,1
ease--,1
worshiper,1
hush'd,1
verbena,1
surprising!--one,1
tea--,1
basement,1
satiric,1
art!--yet,1
laid?--look,1
beaker--,1
evanishe,1
clove,1
please--,1
anchovy,1
continueth,1
dialogue,1
raise--,1
obtain'd,1
flatt'ry,1
welchman,1
witt,1
oer,1
threape,1
councell,1
shee,1
noe,1
vas,1
biding,1
sultaun,1
came;--,1
tartars,1
sempronius,1
joys--,1
grandeur,1
corporation,1
distr,1
cluck'd,1
santiago,1
alcayde,1
potiphar,1
behaved,1
coyness,1
windlass,1
gengulphus,1
--we,1
"go,--",1
murder'd,1
glauber,1
hippocrates,1
quantum,1
pugilistic,1
matter;--'tis,1
metallic,1
whoe'er,1
stare)--was,1
other--,1
sinner--,1
solimaun,1
"--""did",1
peste,1
gam,1
flatulent,1
dreg,1
"stuff,""--",1
clattering,1
vow'd,1
consider'd,1
messrs.,1
"us?""--",1
mer,1
rental,1
tenter,1
porcupine,1
notice!--whoever,1
dream--,1
ninny,1
hedger,1
laudable,1
pease,1
emblematic,1
telling,1
"mine,--",1
hog!--,1
strangers!--don't,1
jupon,1
mitten,1
weapon.--of,1
--down,1
creeping;--,1
"deny""--",1
kennedy,1
snug,1
"out""--quoth",1
power--,1
wheedle,1
raving,1
culinary,1
capriccio,1
pincushion,1
pimp,1
gracless,1
rouguish,1
wesley,1
virtu,1
candor,1
things!--,1
twirl,1
tee,1
clench'd,1
wellington,1
czar--,1
hopkins,1
bishopric,1
em--,1
pidcock,1
learnedly,1
scampering,1
zigzag,1
leer'd,1
uz,1
shar'd,1
squatter'd,1
gattie,1
muslin,1
tortoni,1
mussulmen,1
quiz,1
l*git**ate,1
hyienas,1
mustache,1
fac'd,1
embark'd,1
bias,1
lais,1
transact,1
poking,1
veal,1
alicampane,1
hanker,1
hurlothrumbo,1
works,1
futility,1
mawworm,1
otahei,1
flax--,1
namesake,1
keepers,1
pinch'd,1
stanhope,1
"humor,--so",1
pitch'd,1
satirical,1
unpractice,1
periwinkle)--,1
increase--,1
plagues,1
deponent,1
potzmiekchen,1
mosh,1
finery,1
hemisphere,1
clipping,1
superfine,1
frog--,1
tollman,1
tug,1
puddle,1
lignum,1
riches--,1
quixotte,1
mogul,1
ascertain,1
baulk,1
grating,1
leave.--offereth,1
proposeth,1
maxims.--sublime,1
thereat.--description,1
flitch,1
champaign,1
flounder,1
mouth:--with,1
diffusing;--youthful,1
school'd,1
"chin,--",1
"matter,--if",1
whimp'ring,1
deady,1
undestine,1
huggin,1
wil,1
localitic,1
"""--quarterly",1
live--,1
dilatory,1
prompter,1
maccaroon,1
elegie,1
annihilate,1
pottingen,1
kerchief,1
for?--you,1
spurs,1
horrid--,1
jenkins,1
goes!--,1
lumps--,1
hair'd,1
cater,1
drudge,1
endive,1
banquo,1
lever,1
curse--,1
simoom,1
dares,1
uncow'd,1
preston,1
prudery,1
greenhorn,1
dedmanton,1
dexterous,1
peas,1
saucepan,1
plateau,1
gem'man,1
winkin'--,1
centrylisin,1
wig.--,1
reticules--,1
gatton,1
borough,1
beau,1
plaintiff,1
courses--,1
disencumber,1
shopman,1
wavy,1
tipp'd,1
tipple,1
mine--,1
tomkin,1
manners--,1
driving,1
downhill,1
nimshi,1
b----,1
sagacious,1
boas,1
semblable,1
polish’d,1
fwench,1
fella,1
neeaw,1
pawk,1
lul,1
ginger,1
mool,1
sul,1
heth,1
pastur,1
magnets--,1
princerple,1
wut,1
cannibal,1
pipestave,1
eurus,1
viscount,1
breech,1
individual?--i,1
beelzebub,1
advice--,1
jonah,1
louse,1
technical,1
damn'd,1
enter'd,1
abhorr'd,1
ravisher,1
polypheme,1
turks,1
admir’d,1
yawwup,1
linkum,1
tarnal,1
leg--'t,1
nater,1
curus,1
blitz,1
sentinuls,1
wy,1
rainin,1
comforable,1
vith,1
exlent,1
nobility--,1
consumption,1
bur,1
expend,1
bushel,1
accomplish'd,1
"replied:--""by",1
pleasantry,1
caricaturist,1
originating,1
jerrold,1
macaronic,1
hybrid,1
effusion,1
shandean,1
barham,1
parliamentary,1
pawnbroker,1
ev'wy,1
